:020000040800F2
:10000000E89B002465040008C9A70008DD940008E7
:10001000B5A30008CD230008C1D7000800000000E8
:10002000000000000000000000000000A503000820
:10003000F92800080000000001040008E1BE0008E3
:100040007F0400087F0400087F0400087F04000884
:100050007F0400087F0400087F0400087F04000874
:100060007F0400087F0400087F0400086124000862
:100070006D240008792400088524000891240008D4
:100080009D240008A92400087F0400087F040008BC
:100090007F0400087F0400087F0400087F04000834
:1000A0007F0400087F0400087F0400087F04000824
:1000B0007F0400087F0400087F0400087F04000814
:1000C0007F0400087F0400087F0400087F04000804
:1000D0007F04000831D500083DD50008ADD50008E3
:1000E0007F0400087F040008000000007F0400086F
:1000F0007F0400087F0400087F0400087F040008D4
:100100007F040008F9AD00087F0400087F040008A0
:100110007F0400084DCB0008B5C00008D5C000081A
:10012000B52400087F0400087F0400087F0400084D
:100130007F0400087F0400087F0400087F04000893
:1001400000000000000000000000000000000000AF
:100150007F0400087F0400087F040008B9D6000867
:100160007F0400087F0400087F0400087F04000863
:100170007F0400087F0400087F04000800000000DE
:100180007F0400087F0400087F040008C5CB000836
:100190007F0400087F0400087F0400087F04000833
:1001A0007F0400087F0400087F0400087F04000823
:1001B0007F0400087F0400087F0400087F04000813
:1001C0007F0400087F0400087F0400087F04000803
:1001D0007F0400087F0400087F0400087F040008F3
:1001E0007F0400087F0400087F0400087F040008E3
:1001F0007F0400087F0400087F0400087F040008D3
:100200007F0400087F0400087F0400087F040008C2
:100210007F0400087F040008A9C000087F040008CC
:100220007F0400087F0400087F040008000000002D
:100230007F0400087F040008000000007F0400081D
:100240007F0400087F0400087F0400087F04000882
:100250007F0400087F0400087F0400087F04000872
:100260007F0400087F0400087F0400087F04000862
:100270007F0400087F0400087F04000800000000DD
:100280007F0400087F0400087F04000800000000CD
:10029000000000007F04000800F002F800F072F88F
:1002A0000AA090E8000C82448344AAF10107DA45D1
:1002B00001D100F067F8AFF2090EBAE80F0013F0B1
:1002C000010F18BFFB1A43F0010318476CF7030036
:1002D0008CF703000A444FF0000C10F8013B13F0B8
:1002E000070408BF10F8014B1D1108BF10F8015B8F
:1002F000641E05D010F8016B641E01F8016BF9D182
:1003000013F0080F1EBF10F8014BAD1C0C1B09D1D8
:100310006D1E58BF01F801CBFAD505E014F8016B4A
:1003200001F8016B6D1EF9D59142D6D370470000DC
:100330000023002400250026103A28BF78C1FBD8EE
:10034000520728BF30C148BF0B607047662914F0C0
:10035000B881642900F06881752900F065817329EE
:1003600000F0D985002070471FB514F0A5F900F002
:10037000E9FD04000020002114F080F9E0601FBDB9
:1003800010B510BD00F0E6FE1146FFF7EDFF11F0CD
:1003900059FC00F004FF03B4FFF7F2FF03BC0EF0BA
:1003A0008AFE00002C4B19680868B0E8F04F80F313
:1003B0000988BFF36F8F4FF0000080F311887047FA
:1003C0000000000008480068006880F308884FF0CB
:1003D000000080F3148862B661B6BFF34F8FBFF39D
:1003E0006F8F00DF00BF00BF08ED00E0DFF80C00FA
:1003F000016841F470010160704700BF88ED00E0C2
:10040000EFF30980BFF36F8F134B1A681EF0100FC4
:1004100008BF20ED108A20E9F04F106009B44FF0BA
:10042000500080F31188BFF34F8FBFF36F8F13F02D
:10043000D3F84FF0000080F3118809BC19680868F0
:10044000B0E8F04F1EF0100F08BFB0EC108A80F338
:100450000988BFF36F8F704734000024EFF30580E5
:10046000704700000948804709480047FEE7FEE75B
:10047000FEE7FEE7FEE7FEE7FEE7FEE7FEE7FEE754
:1004800004480549054A064B70470000CDBF0008E7
:1004900099020008E86B0024E89B0024E87B002414
:1004A000E87B0024704753EA020C00F069802DE9D4
:1004B000F04B4FF00006002B1FBFB3FA83F503FA91
:1004C00005F424FA05F65E4012BF1643B2FA82F52F
:1004D00002FA05F4C5F120051EBF22FA05FC44EA24
:1004E0000C04203556EA044C4FEA144418BF641C2F
:1004F0004FF000084FF00009904271EB030C39D324
:10050000002919BFB1FA81F701FA07F6B0FA80F7AE
:1005100000FA07F6C7F120071EBF20FA07FC46EADB
:100520000C062037B6FBF4FCA7EB0507103F07F0DD
:100530001F0BCBF120060CFA0BFB2CFA06F644BF7E
:10054000B3460026202FA4BF5E464FF0000B5BEAA7
:10055000060C08BF4FF0010B19EB0B09ABFB027C3B
:1005600048EB0608C01B06FB02CC0BFB03CC71EB6F
:100570000C01C1E70B46024641464846BDE8F08BF8
:1005800013B54FF000004FF00001AFF30080BDE85D
:100590001C4070470FB4044910B503AA029800F03C
:1005A000BFFC10BC5DF814FBA80000240FB41CB500
:1005B000074B06AA7B4469460090059800F081FC31
:1005C0000020694600F090FC1CBC5DF814FB0000A4
:1005D0003109000070B50C460546012A05D028787F
:1005E000800600D5EA69002302E0012305E05B1CD8
:1005F000934202D2E05C0028F9D1A869E618C01A3B
:10060000A861286A184428622846AFF3008004E0F5
:10061000D5E9012114F8010B9047B442F8D32846DC
:10062000AFF3008070BD00002DE9F04106460024C4
:1006300010687529314616A510D0AFF30080002848
:1006400002DA404213A507E031688A0701D512A5F6
:1006500002E0490704D511A5012401E0AFF30080B1
:1006600000210A2206F1240709E0B0FBF2FCB0FBEE
:10067000F2F302FB1C00303078541846491C002865
:10068000F3D123462A463046BDE8F04100F0ACB92C
:10069000000000002D0000002B00000020000000E2
:1006A0002DE9F05F894604464FF0000ADFF824B1D7
:1006B000FB44C0F820A02046E168884700287DD090
:1006C000252806D0D4E901219047206A401C2062E9
:1006D000F1E700255F462046E16888472028064666
:1006E00007DB312E05D2B81910F8200C08B10543EC
:1006F000F1E7A80701D525F00405C4F81CA00027E0
:10070000C4F818A02A2E09D030460EF0CDFC38B31C
:1007100004EB8708303EC8F8186019E059F8041B4C
:10072000204604EB87029161E1688847012F064665
:1007300018D1E069002820DA25F020051DE0D8F85E
:10074000180000EB800006EB40003038C8F81800B5
:100750002046E168884706460EF0A6FC0028EED148
:10076000012F0AD02E2E08D12046E16888477F1C31
:100770000646022F45F02005C4DBA069002803DAF5
:10078000404245F00105A061E80701D025F01005C1
:10079000A6B1A6F14100192802D8203645F400651B
:1007A0004A463146204625604D46FFF7CFFD60B1F1
:1007B000012807D0ED1D25F0070000E007E000F15B
:1007C000080978E705F1040975E730467AE7206AF9
:1007D000BDE8F09F74ED030030B505460B462A4690
:1007E00013F8014B12F8010B08B1A042F8D01CB16C
:1007F000002802D06D1CF1E7284630BD10B5431C1F
:1008000002E010F8011B71B18107FAD14FF00132FB
:1008100002C88C1A8C4314EAC211F9D0C01A0A0615
:1008200003D0C01E10BDC01A10BD0A0401D0801E26
:1008300010BD0902FCD0401E10BD032A40F23080DA
:1008400010F0030C00F0158011F8013BBCF1020F11
:10085000624498BF11F801CB00F8013B38BF11F892
:10086000013BA2F1040298BF00F801CB38BF00F8A9
:10087000013B11F0030300F02580083AC0F0088026
:1008800051F8043B083A51F804CBA0E80810F5E70A
:10089000121D5CBF51F8043B40F8043BAFF30080ED
:1008A000D20724BF11F8013B11F801CB48BF11F862
:1008B000012B24BF00F8013B00F801CB48BF00F832
:1008C000012B704710B5203AC0F00B80B1E81850EA
:1008D000203AA0E81850B1E81850A0E81850BFF42A
:1008E000F5AF5FEA027C24BFB1E81850A0E81850C9
:1008F00044BF18C918C0BDE810405FEA827C24BF1D
:1009000051F8043B40F8043B08BF7047D20728BFAA
:1009100031F8023B48BF11F8012B28BF20F8023BF9
:1009200048BF00F8012B704702F0FF0343EA03229F
:1009300042EA024200F002B84FF000020429C0F07F
:10094000128010F0030C00F01B80CCF1040CBCF101
:10095000020F18BF00F8012BA8BF20F8022BA1EB53
:100960000C0100F00DB85FEAC17C24BF00F8012B38
:1009700000F8012B48BF00F8012B70474FF0000230
:1009800000B5134694469646203922BFA0E80C5085
:10099000A0E80C50B1F12001BFF4F7AF090728BF60
:1009A000A0E80C5048BF0CC05DF804EB890028BFDC
:1009B00040F8042B08BF704748BF20F8022B11F005
:1009C000804F18BF00F8012B704770477047704781
:1009D000704710B500F0BAFA006810BD10B50446B3
:1009E00000F0B4FA046010BD2DE9F0470D469946B9
:1009F0009246044600F124080168880604D5E0699F
:100A000021F01001216000E00120A84201DD471B18
:100A100000E00027A1697A1902EB0900081AA06119
:100A20002078C00602D42046AFF30080002608E0FC
:100A3000D4E901211AF806009047206A401C761C70
:100A400020624E45F4DB2078C0060AD52046AFF37D
:100A5000008006E0D4E9012130209047206A401C44
:100A60002062381EA7F10107F4DC07E0D4E9012178
:100A700018F805009047206A401C2062281EA5F146
:100A80000105F3DC2046AFF300802078000602D594
:100A90000220BDE8F0870120FBE770472DE9FF4FFA
:100AA0000C461E464FF0FF378BB0D2E90001DDF84F
:100AB00060800A908A46C1F30A5505B93D46002177
:100AC00008464FF00000BAF1000F00F4400005DACC
:100AD00000EB80004FF4400101EA50004FEA9059CA
:100AE000B9F1010F00DDB9460A9850EA4A000ED06C
:100AF00044F61050A5F2FF3545432F14B8F1000F0E
:100B00001ED07542291E1EDDC9F100021CE0B8F19D
:100B1000010F4FF0000001D0302103E0F24305E067
:100B20002154401CB042FBDB3046002200212154FE
:100B30000B99C1F80880C1E900200FB0BDE8F08F23
:100B4000BD1B6D1CDEE74A4600DA694206A800F0CC
:100B500087FA06AB93E8070003AB83E8070050462B
:100B60000A9900F059FB8DE80700A0F500501F38E6
:100B700000900398002D0ADD42F21F014A46084406
:100B8000002303A90390684600F0C2FD09E0A0F528
:100B900000504A461F38002303A90390684600F01E
:100BA000CCFD8DE807000004000C03D04FF0FF30AF
:100BB000410800E01046B8F1000F03D00022009277
:100BC00015461EE0751E05D400F0C4F9303262559A
:100BD0006D1EF9D5B3460122084302D000227F1CC6
:100BE00004E02078302801D100227F1E002A0997D6
:100BF00084D01DE0112D07DA00F0ACF930326255D7
:100C00006D1C50EA0102F5D1084302D00098C8B12A
:100C10000EE00021681E05E0235C625C63542254F0
:100C2000401E491C8142F7DBAB46A81B401E0990C1
:100C3000002004F80B000B98099AC0F80880C0E95E
:100C4000002B7AE711264FF0000857E72DE9F04F07
:100C500088460446D21D22F0070191B0D1E9000177
:100C6000CDE90A010CF0ADFD02460B98C00F01D092
:100C70002D2007E02068810701D52B2002E02021EC
:100C800001EAC000032A099001D0072A05DB0346C8
:100C90004146204600F0A4F90BE12078800601D5FA
:100CA000E06900E00620B8F1650F814606D0B8F192
:100CB000660F18D0B8F1670F70D131E00020B9F19C
:100CC000110F009001DB112301E009F101030AAAD1
:100CD00001A90CA8FFF7E2FEDDE90C70002609F17E
:100CE0000105834647E001204B4600904FF0004746
:100CF0000AAA01A90CA8FFF7D1FEDDE90DB00C99F5
:100D00005D46002610B909F101000D18B9EB050088
:100D100003D4C0F1FF3609F10105A5EB09002BE072
:100D2000B9F1010F01DA4FF001090020B9F1110FFB
:100D30000090484601DD112300E003460AAA01A9FC
:100D40000CA8FFF7ABFEDDE90C704D46002683468C
:100D5000207800070AD4AB4500DA5D4601A8012DD2
:100D600004DD411911F8011C302907D04F4502DA82
:100D700017F1040F04DA012082460FE06D1EEEE742
:100D8000002F02DCED1B3E4403E0781CA84200DD8E
:100D90007D1CB81B00F1010A4FF0004720780007C6
:100DA00003D4AA4501DB4FF0FF3A0021B7F1004F11
:100DB0000DF143088DF8431024D002202B23002F7F
:100DC00001DA7F422D230A21021EA0F1010000DC7E
:100DD0005FB197FBF1FC97FBF1F201FB1C7C17461E
:100DE0000CF1300C08F801CDEEE7A8F1010003701A
:100DF0002188090501D5452100E06521A0F1010800
:100E000000F8011C09980FA9A1EB0807FF1D00B10C
:100E10000120411901EBEA70A1693844081A401E0B
:100E2000A0612078C00602D42046AFF30080099864
:100E300028B1D4E901219047206A401C2062207823
:100E4000C00622D52046AFF300801EE0002E04DB52
:100E5000B34502DD01A8805D00E03020D4E9012126
:100E60009047206A401C2062761CAAF101005FEACC
:100E7000000A0AD100F066F8C0680168405CD4E955
:100E800001219047206A401C2062281EA5F101051F
:100E9000DCDC07E0D4E9012118F8010B9047206A57
:100EA000401C2062381EA7F10107F3DC2046AFF397
:100EB0000080032011B041E601694A1C02610878F4
:100EC000704700B58FB0CDE901310021059105498A
:100ED0007944CDE9031011466846FFF7E1FB0FB0F6
:100EE00000BD0000E5FFFFFF0A6802F8010B0A6081
:100EF000704710B5436913B1AFF3008001E0FFF70D
:100F000069FB012010BD127800F124010A70002253
:100F10004A700122EDE711684FF0FF32E9E7000067
:100F2000074B70B50D467B44FFF7CBFF04462846C0
:100F300000F008F910B14FF0FF3070BD204670BDD1
:100F40004701010000487047A86B00240048704723
:100F5000886B002430B5B0F10A024FEA900E71F1AF
:100F600000034EEA817EB0EB0E0061EB91014FEA87
:100F7000101E4EEA017E10EB0E0041EB11114FEAFC
:100F8000102E4EEA016E10EB0E0041EB11214FEADC
:100F9000104E4EEA014E10EB0E0041EB114140188D
:100FA00041F100014FEAD00040EA41704FEAD1011F
:100FB00010EB80054FEA810444EA907444EB01048D
:100FC0006D1944EB0404521BA3414FF0000348BFCA
:100FD0000A3200D530BD401C41F1000130BD000097
:100FE0002DE9F0411F46044603260168072A01F453
:100FF000006004DB08B116A505E016A503E008B102
:1010000015A500E015A521F010002060A069C01E04
:10101000A0610FB1401EA0612046AFF300804FB128
:10102000D4E9012138469047206A401C2062C01C48
:10103000206206E0206AFAE7D4E9012115F8010BE5
:101040009047761EF8D22046AFF30080BDE8F081CD
:101050004E414E006E616E00494E4600696E66005C
:101060002DE9F047814616468AB0354878440DC8C8
:101070008DE80D0032487844801C03AC0DC884E82C
:101080000D0041F69B300844372190FBF1F290FBB4
:10109000F1F5A5F1800501FB12041B3C02D5644269
:1010A000012000E00020DFF898A080460027FA44E5
:1010B000AAF1BE0A0EE0E0070AD03246684607EB06
:1010C000470101230AEB810100F037FB8DE807009F
:1010D00064107F1C002CEED1194F7F44AE3F19E005
:1010E000E80715D007EB04100DF1180A90E80E0080
:1010F0008AE80E00C068F04201D198190890324683
:10110000012306A903A800F018FB03AB83E807003E
:101110006D10641C002DE3D14FF001033246694687
:10112000B8F1000F03A802D000F0F2FA01E000F0DD
:1011300004FBC9E90001C9F808200AB0BDE8F0873E
:1011400044E70300007B00F08000704700487047D0
:10115000886B00247546FFF7F9FFAE460500694627
:10116000534620F00700854618B020B5FFF788F9F0
:10117000BDE820404FF000064FF000074FF0000898
:101180004FF0000B21F00701AC46ACE8C009ACE819
:10119000C009ACE8C009ACE8C0098D46704710B57D
:1011A0000446AFF300802046BDE81040FFF7F3B8D7
:1011B0004FF0013C50F8042B51F8043B9A4215D1F2
:1011C000A2EB0C03934313EACC130BD150F8042B7E
:1011D00051F8043B9A4209D1A2EB0C03934313EA62
:1011E000CC13E7D04FF00000704700BFD01A01BA0F
:1011F000B1FA81F101F0180122FA01F0CB40C1F1FE
:101200002001DBB2C0B2C01A2CFA01F3D11A91430B
:1012100011EAC311E6D170475FEA400C08BF91F0B4
:10122000000F4FEA8C234FEAC12243EA51514FEAA3
:101230001C5018BF00F5F0404FEA300018BF41F0D5
:1012400000415FEA6C5C00F02980BCF1FF3F08BF01
:1012500040F080407047130C06BF12044FF0100C92
:101260004FF0000C130E04BF12020CF1080C130F08
:1012700004BF12010CF1040C930F04BF92000CF197
:10128000020CD30F04BF52000CF1010C11464FF0B9
:101290000002A0F11F00A0EB0C00704711F0004FFE
:1012A00008BF704731F000413FF4D5AF0B0C06BFCB
:1012B00009044FF0100C4FF0000C0B0E04BF090294
:1012C0000CF1080C0B0F04BF09010CF1040C8B0F7F
:1012D00004BF89000CF1020CCB0F04BF49000CF1D4
:1012E000010CCCF12003A0EB0C0022FA03F302FA6C
:1012F0000CF241EA030100F10100704720F07F4C3D
:1013000080EA030023F07F47ACEB070303F57C532F
:1013100000F0004003F1FF032DE980494FEA154B2F
:1013200009B44FEA144325EA0B4E24EA03480FF2AE
:10133000042606EB132749083E785FEA320203FBD6
:101340000667C7F5000707FB06F64FEA54374FEA72
:10135000D64606F1020607FB066CCCF1005C4FEAAC
:101360001C472CEA074C07FB06F40CFB06F504EBC4
:1013700015464FEA961634BF00204FF000404FEA62
:10138000D13706FB07FC4FEA1C4C0CFB0BF7D21BBA
:1013900003FB0CF761EB07010CFB0EF7B0EB07400A
:1013A00072EB17420CFB08F734BFA2EB0742B2EB1B
:1013B000074261EB17414FEA0C444FEA910706FBE5
:1013C00007FC4FEA1C4C0CFB0BF7B0EBC74072EB71
:1013D000573203FB0CF734BFA2EBC742B2EBC74254
:1013E00061EB57310CFB0EF7B0EBC70072EB577295
:1013F0000CFB08F734BFA2EBC702B2EBC70261EBEC
:101400005771039F4FEA816141EA921104EBCC04CA
:101410004FEAD1374FEA826206FB07FC42EA90129C
:101420004FEA80604FEA1C4C0CFB0BF7D21B03FB0E
:101430000CF761EB07010CFB0EF7B0EB074072EB0A
:1014400017420CFB08F734BFA2EB0742B2EB07428E
:1014500061EB17414FEA8C554FEA910704EB9C244E
:1014600006FB07FC4FEA1C4C0CFB0BF7B0EBC7402C
:1014700072EB573203FB0CF734BFA2EBC742B2EB5F
:10148000C74261EB57310CFB0EF7B0EBC70072EBB4
:1014900057720CFB08F734BFA2EBC702B2EBC702CE
:1014A00061EB577115EB4C254FEA816141EA9211CE
:1014B0004FEA82624FEAD13742EA901206FB07FCFC
:1014C00044F100044FEA80604FEA1C4C0CFB0BF720
:1014D000D21B03FB0CF761EB07010CFB0EF7B0EB23
:1014E000074072EB17420CFB08F734BFA2EB074230
:1014F000B2EB074261EB174115EB1C154FEA813146
:1015000041EA92414FEA823242EA90424FEA803009
:101510004FEA0C7644F1000448EA03434EEA0B48D4
:101520004FF0000EB2EB080C71EB030724BF6246CC
:1015300039464EEB0E0E4FF0000B00185241494158
:101540004BEB0B0BB2EB080C71EB03077BF1000BC1
:1015500024BF624639464EEB0E0E4FF0000B0018CA
:10156000524149414BEB0B0BB2EB080C71EB0307FB
:101570007BF1000B24BF624639464EEB0E0E51EA5A
:10158000020718BF46F0010616EB0E7655F1000271
:1015900054F1000103D5BDE88901BDE80088BDE82C
:1015A0008901BDE80048B619524141EB0101A3F1A0
:1015B0000103704780807F7E7D7C7B7A79787776A7
:1015C00076757473727171706F6E6E6D6C6C6B6A20
:1015D0006A696868676666656464636362616160BE
:1015E000605F5F5E5E5D5D5C5C5B5B5A5A5959583B
:1015F00058575756565555555454535352525251A5
:10160000515050504F4F4F4E4E4D4D4D4C4C4C4BFA
:101610004B4B4A4A4A494949484848474747474641
:10162000464645454544444444434343434242427D
:1016300042414141002B9C4630D477002BD01CB551
:101640004FEA370703B44FF010004FF01001BAF122
:10165000000F06D0BCF1000FDCBF40F0080040F0E6
:1016600008014FF000000FBCBDE810400BF1010B6A
:10167000BBF1010F08BF5FEA170722BF12F1010299
:1016800011F101014FF0004143F1000300F000406F
:1016900043EA00007047F9D35708D0E746EA064608
:1016A00013F1400F4FEA16461FDD13F1200FDFBF85
:1016B00016430A46002120335B42BED0C3F1200707
:1016C00046EA064602FA07F74FEA164646EA0706D2
:1016D000C3F1200722FA03F201FA07F721FA03F116
:1016E0004FF0000342EA0702A7E746EA020646EA8D
:1016F00006464FEA164646EA0106BCBF46EA0646DB
:10170000360C4FF000034FF000024FF0000194E759
:101710002DE9804C9A46934670B491E8380007C88A
:1017200031EA400C48BF34EA430C03D5FFF7E6FD2D
:10173000FFF780FFF0BCBDE8008C2DE9804C9A4695
:10174000934670B491E8380007C810F0804F08BF86
:1017500013F0804F03D100F005F8FFF76BFFF0BCEA
:10176000BDE8008C20F07F4780EA030023F07F4C27
:1017700007EB0C03A3F57C5300F00040A3F1FE033C
:1017800092F0000F00F0B38095F0000F00F077802A
:101790002DE901494FEA11404FEA144621EA004879
:1017A00000FB06FC24EA064708FB06F607FB08F8E0
:1017B00000FB07F718EB06484CEB164C4FEA124BB0
:1017C00018EB07484FEA15464CEB174022EA0B4E40
:1017D0000BFB06FC25EA06470EFB06F607FB0EFE92
:1017E0000BFB07F71EEB064E4CEB164C4FF00006BA
:1017F0001EEB074E4CEB174B18EB0B0840F10000AB
:1018000018EB0E0B58EB000840F100008F1A4FF058
:1018100000013CBFC943661B14BFB5EB040C00219B
:101820003CBFC943F61B4FEA17444EEA8E0E27EA27
:1018300004454FEA1C4704FB07622CEA074C05FBF2
:1018400007F70CFB05F604FB0CFC16EB074642EB16
:10185000174216EB0C4642EB1C421BEB060658EBFC
:101860000202414146EA9E0601D5BDE80189B6194A
:10187000524141EB0101A3F10103BDE801894FEAA7
:1018800014454FEA114724EA054621EA074C05FBB7
:1018900007F406FB07F70CFB06F105FB0CFC11EB4C
:1018A000074144EB17444FEA124711EB0C4144EB5C
:1018B0001C4422EA074C05FB07F206FB07F70CFB6A
:1018C00006F605FB0CFC16EB074642EB174216EB3F
:1018D0000C4642EB1C456A1854F1000148BF7047A2
:1018E000B619524141EB0101A3F10103704795F094
:1018F000000F37D04FEA11424FEA144721EA02465F
:1019000024EA074C02FB07F106FB07F70CFB06F481
:1019100002FB0CFC14EB074441EB17414FEA15475F
:1019200014EB0C4441EB1C4125EA074C02FB07F584
:1019300006FB07F70CFB06F602FB0CFC16EB074652
:1019400045EB174516EB0C4645EB1C42121951F1BD
:10195000000148BF7047B619524141EB0101A3F1A4
:10196000010370474FEA14454FEA114724EA054640
:1019700021EA074C05FB07F106FB07F70CFB06F213
:101980004FF0000605FB0CFC12EB074241EB174140
:1019900012EB0C4251EB1C4148BF7047921841EBCF
:1019A0000101A3F10103704770B53A49054600688B
:1019B000884202D0384A904202D1D1F8080302E0AE
:1019C0003648D0F8080310F4403F11D005F050F825
:1019D00004466868B0F5803F06D0B0F5003F03D0FC
:1019E000B0F5403F27D101E0000C18E0A40822E048
:1019F00000214FF4002004F0A5F804466868810334
:101A0000890B18D181140C2915D2DFE801F01406D6
:101A100006060606060B0D0F1113800C4000B4FBE2
:101A2000F0F408E0240906E0640904E0A40902E0F7
:101A3000E40900E0240A03F093FC41F20301884228
:101A400008D8174884422868816813D821F4807127
:101A5000816070BD13496008884204D82868816895
:101A600021F44071F4E71049884206D8286881685B
:101A700021F4407141F48071EAE70C4988422868FA
:101A8000816804D821F4407141F40071E0E741F429
:101A90004071DDE700200240002102400060025852
:101AA000002D3101105E5F0020BCBE0040787D013A
:101AB0002DE9F0410027044600680D4607F036FF87
:101AC0000646206807F02EFF30435DD020682F4E79
:101AD000C168890105D5617D012902D1217D0129D6
:101AE0000BD0022D1DD0206807F020FFB8B1206870
:101AF0008168C1F3400169B111E02549012502E087
:101B00008F4232D27F1C0268D2435206F8D4402161
:101B10000160E8E78168314041F010018160012DEA
:101B200011D0206807F0FEFE48B120688168C1F33B
:101B3000400121B98168314041F020018160022DCE
:101B400008D0032D04D0042503F010FC064617E04E
:101B50000C25F9E70825F7E703F008FC801B0528AA
:101B60000ED92068806828420AD0606D40F01000CD
:101B70006065A06D40F00100A0650120BDE8F08126
:101B8000206880682842E7D10020F7E7C0FFFF7F88
:101B900000DC0C0070B50446006881688268C1F3FF
:101BA000400112F0010F28D039BB816801F00D010E
:101BB000012914D18168124A1140891C8160216871
:101BC0000320086003F0D2FB054612E003F0CEFBD1
:101BD000401B02280DD920688068C00709D0606DBD
:101BE00040F010006065A06D40F00100A06501208C
:101BF00070BD20688068C007E8D1002070BD00007B
:101C0000C0FFFF7F70B504460068816811F0010FC6
:101C100040D18168204A11422DD18168D5432940A5
:101C2000491C816003F0A2FB1C49064620681C4B3E
:101C3000884201D0984201D11A4A00E01A4A9268BB
:101C4000984202F01F0200D0014681421DD0E2B14D
:101C500020E0816811F0010F03D181682940491CFF
:101C6000816003F083FB801B02280ED92068006886
:101C7000C043C00709D0606D40F010006065A06DE2
:101C800040F00100A065012070BD20680168C943D3
:101C9000C907DED1002070BD3F0000800020024057
:101CA0000021024000230240006302582DE9F04366
:101CB00090460E4607462DED108B93B090ED004BED
:101CC0009FEDFC3BFD4C9FEDFEFB24EE034B20EE15
:101CD00003EB21EE03DB84ED1A4B91ED000B22EEBA
:101CE00003CB20EE030B84ED1C0B92ED001B21EEC9
:101CF000031B84ED1E1B0CF073F8B0EE408B94EDCB
:101D00001E0B0CF06DF828EE008B94ED1C0B0CF004
:101D10003BFDB0EE409B94ED1A0B0CF035FD29EE27
:101D2000009B94ED1E0B0CF02FFDB0EE401BB0EEAF
:101D3000480B09EE410B8DED000B94ED1C0B0CF0E4
:101D40004FF8B0EE408B94ED1E0B0CF01DFD28EE0D
:101D5000008B94ED1C0B0CF017FDB0EE409B94ED46
:101D60001A0B0CF011FD29EE009B94ED1E0B0CF0EC
:101D700037F809EE008B8DED048B94ED1C0B0CF005
:101D800003FDB1EE408B94ED1A0B0CF029F828EE10
:101D9000000B8DED0E0B94ED1A0B0CF021F8B1EE4B
:101DA000408B94ED1E0B0CF0EFFC28EE000B8DED3C
:101DB0000C0B94ED1A0B0CF013F8B0EE408B94ED75
:101DC0001E0B0CF00DF828EE00AB94ED1A0B0CF086
:101DD000DBFC8DED0A0B94ED1C0B0CF0D5FCB0EE8A
:101DE000408B94ED1E0B0BF0FBFF28EE008B94ED67
:101DF0001C0B0BF0F5FFB0EE409B94ED1A0B0CF0B2
:101E0000C3FC29EE009B94ED1E0B0CF0BDFC09EE0B
:101E1000008B8DED088B94ED1C0B0CF0B5FCB0EE37
:101E2000408B94ED1E0B0CF0AFFC28EE008B94ED74
:101E30001C0B0BF0D5FFB0EE409B94ED1A0B0CF091
:101E4000A3FC29EE009B94ED1E0B0BF0C9FF09EEDD
:101E5000408B8DED068B94ED1C0B0BF0C1FFB0EEAB
:101E6000408B94ED1A0B0BF0BBFF28EE008B9DED21
:101E7000000BB7EE001B30EE019B39EE0A0B30EE83
:101E8000080B0CF0D9FCB6EE001B20EE01BB39EEBE
:101E90004A0B30EE480B0CF0CFFCB6EE001B20EEE8
:101EA000019B9DED000BB7EE001B31EE400B8DED5D
:101EB000100B30EE0A0B30EE480B0CF0BDFCB6EE0A
:101EC000001B20EE010B8DED000B8DED020B9DED47
:101ED000100B30EE4A0B30EE080B0CF0ADFC9DED14
:101EE0000A1B9DED068BB6EE002B31EE481B20EE53
:101EF000028BB5EEC01BF1EE10FA01D2B1EE499B98
:101F00009DED080B9DED0E1B30EE410BB5EEC00BA9
:101F1000F1EE10FA05D29DED020BB1EE400B8DED06
:101F2000000B9DED040B9DED0C1B30EE410BB5EE4F
:101F3000C00BF1EE10FA01D2B1EE488B9DED00AB73
:101F4000B1EE4E1B2EEE0B3B21EE091B2DEE0B4B83
:101F50002CEE0B2B0CEE0A3BB6EE000B0DEE4A1BE3
:101F60000CEE494B0DEE092B0CEE481B0DEE483BD9
:101F70000EEE084B21EE005B0EEE4A2B23EE003BEB
:101F800024EE001B22EE000B05EE0FBB00EE0F8BC4
:101F900003EE0F9B2BEE0B0B01EE0FAB09EE090BC3
:101FA0000AEE0A0B08EE080B0CF046FC8BEE00CB99
:101FB000B0EE001B89EE00BB8AEE009B88EE00AB02
:101FC0002CEE0B0B09EE0A0B20EE010B0BF024FCA0
:101FD0009FED3D8BB0EE001B20EE080B84ED1A0B3D
:101FE000B0EE4C0B0BF054FFB0EE40DBB0EE001B3C
:101FF000B0EE4B0B0BF04CFF3DEE40DBB0EE001BA8
:10200000B0EE490B0BF044FF3DEE00DBB0EE001BE1
:10201000B0EE4A0B0BF03CFF3DEE401B2BEE090BE4
:10202000B8EE00DB0CEE4A0B20EE0D0B0BF0F8FDCA
:1020300020EE080BB0EE001B84ED1E0BB0EE4C0B37
:102040000BF026FFB0EE40EBB0EE001BB0EE4B0BFA
:102050000BF01EFF3EEE40EBB0EE001BB0EE490B66
:102060000BF016FF3EEE40EBB0EE001BB0EE4A0B5D
:102070000BF00EFF3EEE001B2BEE0A0B0CEE490B95
:1020800020EE0D0B0BF0CCFD20EE080B104D9FED5C
:10209000112BDFF848909FED121B484684ED1C0B76
:1020A00095ED000B99ED063B20EE020B03EE010BC4
:1020B0001AE0000079C9FFE4EFDE913F40020024FE
:1020C0007B14AE47E17A743F6666666666A64C404E
:1020D000886A0024666666666666EE3FA857002436
:1020E0009A9999999999A93F85ED000B95ED023B35
:1020F00099ED084B23EE023B04EE013B85ED023BDC
:1021000095ED043B99ED0A4B23EE023B04EE013BB7
:1021100085ED043B95ED0C3B90ED124B23EE023B1D
:1021200004EE013B85ED0C3B95ED0E3B90ED144B21
:1021300023EE023B04EE013B85ED0E3B95ED104B8B
:1021400099ED163B24EE022B03EE012BB0EE001BA3
:1021500085ED102B0BF09CFEB0EE409B95ED020B35
:10216000B0EE001B0BF094FE39EE009B95ED040BD6
:10217000B0EE001B0BF08CFE39EE000B0CF05CFB9C
:10218000B2EE021B9FED4EAB9FED4F9BB4EEC10B29
:10219000F1EE10FA2ADDB2EE061BB4EEC10BF1EE41
:1021A00010FA23D295ED022B82EE001BB0EE410B0C
:1021B0000BF032FB20EE080B94ED1A1B20EE0A0BFD
:1021C00001EE090B84ED1A0B95ED000B95ED041B48
:1021D000B1EE400B0BF024FD20EE080B94ED1C1B20
:1021E00020EE0A0B01EE090B84ED1C0B9FED383B32
:1021F00094ED1C1B9FED382B9FED390BB4EEC31BE8
:10220000F1EE10FA3BDD31EE401B84ED1C1B94ED2A
:102210001A1BB5EEC01BF1EE10FA02DD30EE411BC9
:1022200001E032EE411B84ED1A1B94ED1E1BB5EE4E
:10223000C01BF1EE10FA02DD31EE400B01E031EE91
:10224000000B84ED1E0B00BF94ED1E0B99ED221BBD
:1022500020EE090B01EE0A0B84ED1E0B94ED1A0B18
:1022600087ED000B94ED1C0B86ED000B94ED1E0B1F
:1022700088ED000B13B0BDEC108BBDE8F0839FED33
:102280001A3BB4EEC31BF1EE10FADDD231EE001BA7
:1022900084ED1C1B94ED1A1BB5EEC01BF1EE10FA79
:1022A00002DD30EE411B01E032EE411B84ED1A1BD2
:1022B00094ED1E1BB5EEC01BF1EE10FABFDDBBE7BF
:1022C0007B14AE47E17A943F5C8FC2F5285CEF3F08
:1022D000000000000080564000000000008066C042
:1022E000000000000080664000000000008056C032
:1022F00010B501240348E10303F020F800B10024E5
:10230000204610BD000002580146014805F046B9BC
:10231000F003002410B5044805F052F9042801D058
:10232000012010BD002010BDF003002410B500F006
:1023300015F8012801D0022010BD074805F0DCFA8D
:10234000044634B904484FF4804104F083FF00B1DF
:102350000124204610BD0000F003002408B5012030
:102360000090FFF7C5FF08B9002000909DF800001D
:1023700008BD000010B5002413460A460146034874
:1023800005F0C0FB00B10124204610BDF00300247D
:1023900002480022012140680FF04CBE1C000024BE
:1023A00010B5002413460A460146034805F01EFCFA
:1023B00000B10124204610BDF00300240248002291
:1023C000022140680FF036BE1C000024FEE700002A
:1023D000084810B501680020486200F047FB084833
:1023E0009FED050B80ED160BBDE81040014805F090
:1023F000DDBE0000AC06002400000000000000006C
:1024000090010024034810B505F016FFBDE8104008
:1024100000F006BBAC06002410B50D4C9FED0D1B63
:1024200004F1080194ED160B30EE010B84ED160B50
:10243000606811F0B8FCA068002807D007494FF089
:1024400080500860BFF34F8FBFF36F8F10BD000047
:10245000900100247B14AE47E17A843F04ED00E054
:10246000014801F093BF00005C0C0024014801F01A
:102470008DBF0000B40E0024014801F087BF0000AA
:10248000E40B0024014801F081BF00003C0E002451
:10249000014801F07BBF0000D40C0024014801F08A
:1024A00075BF00002C0F0024014801F06FBF000031
:1024B000C40D0024014801F069BF00004C0D002448
:1024C000294A016891423AD0274A1832914236D0BF
:1024D000254A3032914232D0234A483291422ED09E
:1024E000214A603291422AD01F4A7832914226D046
:1024F0001D4A9032914222D01B4AA83291421ED0EE
:102500001A4A91421BD0194A1832914217D0174AE1
:102510003032914213D0154A483291420FD0134ABB
:10252000603291420BD0114A7832914207D00F4A63
:102530009032914203D00D4AA832914211D1CAB2D1
:102540001823103AB2FBF3F26FF30901032A02F0E9
:102550000703074AD25CC26500D9091D8165084698
:10256000704721F0FF01F9E710000240100402401B
:10257000D447010830B5224A012301689142CAB20A
:102580001BD01F4C1434A14217D01D4C2834A1423B
:1025900013D01B4C3C34A1420FD0194C5034A142F3
:1025A0000BD0174C6434A14207D0154C7834A142AB
:1025B00003D0134C8C34A1420CD11421114C083A95
:1025C000B2FBF1F10F4A803201F01F0504EB8101EB
:1025D000AB4010E00C4D1824103A0D44B2FBF4F15E
:1025E000A82D00D80831094A01F01F0402EB81012F
:1025F000064AA3408032603080E80E0030BD000003
:102600000854025800580258F0FBFDBF0008024071
:1026100010B50279531E072B2DD8174C0168A14223
:102620001BD0154C1434A14217D0134C2834A142AE
:1026300013D0114C3C34A1420FD00F4C5034A14266
:102640000BD00D4C6434A14207D00B4C7834A1421E
:1026500003D0094C8C34A14203D10849074C4431C2
:1026600002E00749064C443104EB8202C0E91B2119
:1026700001219940416710BD08540258FC58025886
:10268000FC08024010B583694FF0C074826A0146AD
:10269000002053B1B3F5005F15D072B1012A0CD000
:1026A000022A0AD0032A09D104E01AB1012A06D06D
:1026B000022A03D1C96AC90100D5012010BDC96A27
:1026C000A142FAD010BD002AF7D0012AF2D0022A86
:1026D000F3D0032AF3D010BD2DE9F04F804E804F88
:1026E000DFF8FC911836DFF8F8A148370468856DEB
:1026F0000AF1300ADFF8ECB14C45DFF8ECC1DFF845
:10270000ECE16DD0B4426BD0544569D0BC4267D087
:10271000DFF8D081A8F11808444561D05C455FD04E
:1027200064455DD074455BD0DFF8C481444557D023
:10273000DFF8BC8108F11808444551D0DFF8B081BA
:1027400008F1300844454BD0DFF8A48108F148086F
:10275000444545D0DFF8988108F1600844453FD0F2
:10276000DFF88C8108F17808444539D0DFF88081A2
:1027700008F19008444533D0DFF8748108F1A808C7
:1027800044452DD0DFF86C81444529D0DFF86481C1
:1027900008F11408444523D0DFF8588108F12808CF
:1027A00044451DD0DFF84C8108F13C08444517D062
:1027B000DFF8408108F15008444511D0DFF834813A
:1027C00008F1640844450BD0DFF8288108F1780847
:1027D000444505D0DFF81C8108F18C08444509D137
:1027E000D0E91948C4F80480C46E1CB1D0E91C4873
:1027F000C4F8048004684C452ED0B4422CD0544513
:102800002AD0BC4228D0374E183EB44224D05C4572
:1028100022D0644520D074451ED0354EB4421BD022
:10282000334E1836B44217D0314E3036B44213D03E
:102830002F4E4836B4420FD02D4E6036B4420BD0E6
:102840002B4E7836B44207D0294E9036B44203D08E
:10285000274EA836B44215D190F85C603F2406F0AC
:102860001F06B440AC600468256825F48025256007
:102870002EE09A600068C160BDE8F08F9960006842
:10288000C260F9E71B4EB4421BD01A4E1436B44254
:1028900017D0184E2836B44213D0164E3C36B442E8
:1028A0000FD0144E5036B4420BD0124E6436B442A0
:1028B00007D0104E7836B44203D00E4E8C36B44258
:1028C000DAD190F85C60012406F01F06B4406C6019
:1028D000046863608368402B0368CFD1C9E70000B8
:1028E0001000024088000240A0000240B8000240F0
:1028F0001004024008540258704772B6FEE70022E6
:10290000AFF3008084464DF8044D01200E4B5C7AF5
:10291000002C16D1587A1C54587A03EB8000C0F86A
:1029200004C0587A03F1080C00F80C20587A421CB5
:102930005A72303008703A2048702F208870CC705E
:1029400000205DF8044B7047FC170024184D4FF62B
:10295000FF71E86A10F0A3FE164F4FF0FF38164CD7
:10296000164E4146386811F061FB154800F0E2FC54
:102970000428687004D0307812A106F0A9FFF0E7AF
:10298000307816A106F0A4FF94ED060BFF2184ED2C
:10299000100B94ED020B84ED120B94ED040B84EDFF
:1029A000140BE86A10F0ABFE002010F0ADFDD8E784
:1029B000AC0000248801002450670024700100242A
:1029C00050630024474E5353206973207072657022
:1029D0006172696E67210D0A00000000474E535373
:1029E000206973207265616479210D0A000000007E
:1029F00009484FF0FF3408B5012300220094082154
:102A0000C06A10F0CFFE054D2146286811F00EFB7C
:102A100000F08CF8F8E70000AC00002494010024DA
:102A2000074810B50DF08EF90649074A087028B11D
:102A300006A11078BDE8104006F04ABF08A1F8E7EB
:102A4000AC15002439020024700100245446206390
:102A50006C6F7365206661696C6564210D0A000006
:102A6000544620636C6F7365210D0A001FB514482E
:102A70000078042814D0174812A1FDF797FD1549D6
:102A8000322215480DF0D6FC14490028087014486D
:102A900014D014A1007804B0BDE8104006F018BFAF
:102AA0001548047AC379827941798DE81E0003794B
:102AB00012A142880748FDF779FDE0E715A1E9E793
:102AC000AD0000244E4F5349474E414C2E7478744C
:102AD0000000000050680024AC15002439020024D6
:102AE000700100245446206F70656E206661696C29
:102AF0006564210D0A000000A867002425752D25B6
:102B0000752D25752025642D25642D25642E74785A
:102B1000740000005446206F70656E207375636307
:102B200065737366756C6C79210D0A00F0B52DED37
:102B3000108BA3B0FC4CFB4AFC4821469FEDFCDB0C
:102B4000FD4F9FEDFE8B92ED180BBBEE049B8DEDC0
:102B5000160B92ED1A0BB3EE04AB8DED0C0B92ED50
:102B60001C0B8DED000B91ED086B91ED062B91ED9B
:102B7000041B2831237892ED0CBB92ED0E7B052BC4
:102B800091EC063B7ED2DFE803F0034CFCFBFA003D
:102B9000EC4D02882988891A00EE101AB8EEC00B95
:102BA00020EE0D0B84ED180B69884288891A01EE1E
:102BB000101AB8EEC11B21EE0D2B84ED1A2BC08824
:102BC000E988081A01EE100A9FEDDF3BD64E00207F
:102BD000B8EEC11B803621EE031B84ED1C1B86ED75
:102BE000000B86ED022B86ED041B09F09FF80420F4
:102BF00096ED000B09F09AF8012096ED020B09F012
:102C000095F8052096ED020B09F090F83968A88830
:102C1000C863032096ED040B09F088F896ED040BC9
:102C200089E0C84E028894ED14AB3188891A00EE11
:102C3000101AB8EEC00B00EE0DAB84ED18AB718826
:102C4000428894ED12CB891A00EE101AB8EEC00B30
:102C500000EE0DCB84ED1ACBC088F188081A00EE87
:102C6000100A9FEDBB9BB04DB8EEC00B803520EE37
:102C7000099B84ED1C9B9DED16DB95ED060B3CEE50
:102C80004DDB00E05AE00DEE080BB2EE04CBBAEEDD
:102C900004EB8CFE400B8EFE00CB2DEE033B04EECE
:102CA0004B3BB9EE044B85ED06CB9DED0C0B95ED42
:102CB00008DB3AEE40AB2AEE010B0AEE08DBB1EE80
:102CC000041B02EE470B81FE4D1B9FEDA32B84FEE0
:102CD000014B9FEDA31B05EE0C3B06EE040B82FEA1
:102CE000433B82FE400B81FE000B85ED084B00202C
:102CF00081FE032B85ED000B85ED022B85ED049BFA
:102D000009F014F8042095ED000B09F00FF80120EC
:102D100095ED020B09F00AF8052095ED020B09F07C
:102D200005F83968B088C863032095ED040B08F0F6
:102D3000FDFF95ED040B062008F0F8FF8A480078A7
:102D400000288A4890ED260B8DED160B90ED240B94
:102D50008DED140B90ED220B8DED120B90ED200BF1
:102D60008DED100B90ED1E0B8DED0E0B90ED160BF7
:102D70008DED0C0B90ED140B8DED0A0B02E01CE2B7
:102D80005FE16AE090ED120B8DED080B90ED0A0B00
:102D90008DED060B90ED080B8DED040B90ED060B01
:102DA0007ED073A075498DED020B009094ED160B4B
:102DB000734853EC102BFDF7F9FB714971480DF086
:102DC0005CFC714800780128574800F1800090EDC4
:102DD000040B8DED100B90ED000B8DED0E0B90EDB7
:102DE000020B58488DED0C0B94ED1E0B8DED0A0B6C
:102DF0008188089194ED1C0B8DED060B94ED180B5A
:102E00008DED040B94ED1A0B8DED020B8189009171
:102E100043897DD061495DA25948FDF7C7FB5849F8
:102E200058480DF02AFC3F485DA190ED1C0B8DED3C
:102E3000020B90ED1A0B8DED000B90ED180B504826
:102E400053EC102BFDF7B2FB23B04D494D48BDECC0
:102E5000108BBDE8F0400DF010BC3A4E4288B0EE49
:102E600008CB7188891A00EE101AB8EEC0EB9FEDFE
:102E7000540B94ED1EFB2EEE0CCB8CEE00EB3EEED5
:102E80000FCB84ED1ECB00883188081A00EE100AA3
:102E90003648B8EEC00B20EE0D0B8DED0A0B00E0AE
:102EA0000AE284ED180B90ED26EB94ED10FBB1EEE9
:102EB000040B3CEE4EEB90ED1ADBB6EE00CBB0EE21
:102EC000CDDB0FEE0E0BBBEE0EEBB3EE0EFB0DEEFD
:102ED0000C0B8FFE400B8EFE00CB134D803584ED26
:102EE0001ACB9DED16DB95ED060B3CEE4DCB0CEEB3
:102EF000080B8AFE400B89FE009B2CEE033B85ED00
:102F0000069B9DED0A0B9DED0CAB30EE4AAB00E04D
:102F1000D4E195ED08CB2AEE010B0AEE08CBB2EE18
:102F2000041B51E0886A002490010024440100241D
:102F30000AD7A3703D0AB73F7C0500247B14AE4737
:102F4000E17A843FAA580024B81E85EB51B8AE3F01
:102F50000AD7A3703D0AA73F00000000008046404A
:102F600000000000008046C0AC000024A8570024E8
:102F7000494D552045525221000000008CF80308AD
:102F800082680024AC150024AE00002452656365FD
:102F9000697665722045525221000000A0F90308AD
:102FA00073703A2025302E32662073723A20253015
:102FB0002E32662073793A2025302E32660A0000C0
:102FC00000000000006AE84004EE4B3B02EE470BB5
:102FD000BAEE042B81FE4C1B82FE011B05EE093B61
:102FE0001FED234BB3EE0E2B06EE010B82FE432B9F
:102FF00084FE400B1FED263B85ED081B8EFE021B59
:10300000002083FE000B85EC040B08F08FFE0420EB
:1030100095ED000B08F08AFE012095ED020B08F0FB
:1030200085FE052095ED020B08F080FE3968B0881A
:10303000C863032094ED1C0B08F078FE94ED1C0B84
:1030400079E6A04DA04995ED143B95ED122B95ED39
:10305000041B95ED020BA1F110000EF0ABFD9A4898
:1030600095ED0E0B28389FED991B0DF10C0C9A4B2A
:103070009A4A9C4E9A4980EC040B95ED0C0B954DA9
:1030800080ED040B95ED261B95ED320B31EE400BD8
:1030900080ED080B8CE84C0093480691934A9449C4
:1030A000CDE9002088480291924B2838924A9349F2
:1030B0000EF0D4F895ED261B94ED1E3B94ED100B0D
:1030C000B1EE042B33EE411B94ED183B95ED1A4BFA
:1030D00000EE012B9FED8A7BB6EE005BB0EEC46B79
:1030E000B3EE0E0BBBEE0E1B23EE073B06EE052BDD
:1030F00080FE433B80FE422B81FE033B203681FE57
:10310000025B84ED183B84ED1A5B95ED186B96ED30
:10311000062B35EE465B05EE082B8AFE422B89FE18
:10312000026B33EE442B86ED066B94ED047B95ED3C
:103130000E3B94ED064B22EE072B04EE432B80FE54
:10314000420B81FE000B86ED000B94ED0A1B95ED02
:103150000C2B94ED0C3B25EE011B94ED0E4B03EE76
:10316000421B1FED832B04EE061B1FED833B82FEEB
:10317000411B83FE011B002086ED021B08F0D6FDDB
:10318000042096ED000B08F0D1FD012096ED020B16
:1031900008F0CCFD052096ED020B08F0C7FD5A485B
:1031A00039688088C863032094ED1C0B08F0BEFDCD
:1031B000062094ED1C0B08F0B9FD54480078012856
:1031C00077D084ED18AB43489FED510B454D90ED02
:1031D000321B2035B2EE042B31EE000BBAEE047B2D
:1031E000B3EE0E5BBBEE0E6BB3EE093BBBEE094BD1
:1031F00084ED1E0B90ED26BB94ED101B30EE4B0BB7
:1032000020EE010B8AFE400B89FE001B84ED1A1B89
:1032100090ED189B95ED060B31EE491B01EE080B66
:1032200082FE400B87FE002B85ED062B90ED1A9B4E
:1032300094ED18AB94ED040B90ED0E7B3AEE499BA8
:1032400094ED068B29EE000B08EE470B85FE400B34
:1032500086FE000B85ED000B94ED0A8B90ED0C6B58
:1032600094ED0C7B21EE081B94ED0E5B07EE461BE4
:1032700005EE021B83FE411B84FE011B002085ED31
:10328000021B08F053FD012095ED020B08F04EFDE6
:103290001D483A688188D1633968C0880864002075
:1032A00095ED000B08F042FD012095ED020B43E582
:1032B000FFE784ED189B86E717A073E51C4918A269
:1032C000AAE5000050670024806B00240000000085
:1032D00000000000A857002400030024F802002486
:1032E00008030024F0010024D0020024C8020024B6
:1032F000D8020024F0020024E8020024E058002450
:103300006666666666A64C40AA580024C002002481
:103310000000000000005940494D55204F4B21004E
:103320005265636569766572204F4B21000000008D
:1033300008F9030810B5014627482DED048B00F06D
:103340009DF82548A0F1580490F87110412912D039
:10335000032020709FED210B84ED020B84ED040B04
:1033600084ED060B84ED080B84ED0E0B84ED0C0B45
:10337000BDEC048B10BD0421217090ED160B9FED68
:10338000191B84ED020B90ED1A0B9FED189B84ED39
:10339000040B90ED240B84ED060B90ED280B84EDCF
:1033A0000A0B90ED262B20EE090B22EE018B84ED0B
:1033B000088B0AF015FD20EE080B84ED0E0B94ED42
:1033C0000A0B20EE090B0BF0DFF920EE080B0420AE
:1033D00084ED0C0BCCE70000A8670024000000007F
:1033E00000000000721CC7711CC7D13F1239359D07
:1033F00046DF913F0449092204484FF6FF730860F5
:1034000003A105F0C9BF000084010024500B002473
:103410006C6F6720673031687A00000008B5FFF7ED
:10342000E9FF124C4FF480620F49206805F08EFFCF
:1034300020684FF0FF310068026842F0100202601D
:103440000B4C0123009100220221E06A10F0AAF93E
:10345000084D40F2DC563146286810F0E7FD06487A
:10346000FFF768FF6070F6E7505F002484010024D6
:10347000AC000024880100245063002470B50C4681
:10348000054606F0ADFF21462846BDE8704006F02F
:10349000DBBF00002DE9F84F4FF0000B0D46E54F64
:1034A0000446CDF800B0D94690F85010DFF888A354
:1034B000012907D0012684F85060206806F036FA0A
:1034C00018B168E10220BDE8F88F286800280DDBFC
:1034D00021680303CA6927D090FAA0F0B0FA80F0FF
:1034E00000F01F0006FA00F00243CA61D5E900129D
:1034F0004FF00C0C20681F23C1F384610CEA921C6E
:1035000002F01F02604493409140026B9A430A43C9
:103510000263206806F00AFA8046206806F002FA84
:1035200058EA000003D07FE0C0F38460D8E7206849
:10353000AA68296806F006FAC0480068B6EB107F52
:1035400006D121686869C968C1F38201490008E0B1
:103550002068C168C906C1686869F5D501F0100125
:1035600049088840296904292ED023682A6803EB7A
:10357000810102F0F8420B6E024303F00040104359
:103580000866697E22682869012917D05FF000016A
:1035900002EB8000026E22F000420A430266297E9E
:1035A00020682A6901290CD00021036902F01F025A
:1035B000914023F4F0420A43026135E04FF00041AC
:1035C000E6E74FF40061F0E720682978026E02F028
:1035D000F842B2EB816F03D1016E21F00041016628
:1035E00020682978426E02F0F842B2EB816F03D175
:1035F000416E21F00041416620682978826E02F018
:10360000F842B2EB816F03D1816E21F000418166F7
:1036100020682978C26E02F0F842B2EB816F03D1C4
:10362000C16E21F00041C1662068816811F0010F70
:1036300076D150F8C02F95F80CC0814B29680CF05A
:10364000180823FA08F3C1F3130C0B4022EA0C020A
:103650001A4302607B48E968814277D128680103F8
:103660001BD090FAA0F1B1FA81F1491C01F01F01C1
:1036700009294FEA003131D8002911D090FAA0F180
:10368000B1FA81F101F1010101F01F0106FA01F621
:1036900009D100BFC0F3846109E0C0F38461E4E7AD
:1036A000C0F38461EEE790FAA0F1B1FA81F101F183
:1036B000010101F01F0146EA816102D1C0F384607B
:1036C00003E090FAA0F0B0FA80F000F1010000F001
:1036D0001F0000EB400041EA005133E000290ED00A
:1036E00090FAA0F1B1FA81F101F1010101F01F019D
:1036F00006FA01F606D100BFC0F3846106E0C0F30C
:103700008461F1E790FAA0F1B1FA81F101F10101D0
:1037100001F01F0146EA816103D1C0F3846004E037
:103720003FE090FAA0F0B0FA80F0474A00F10100C3
:1037300000F01F0000EB400002EB005041EA0001E6
:1037400041F00071AA68206806F0FCF82E68002E8F
:1037500027DA3E4A20683E49DFF8F8C0904201D09F
:10376000B84201D10B4600E063469B68904203F0EB
:10377000E07301D0B84209D19568D7F8088005F008
:10378000010508F0010845EA080503E0DAF80850E9
:1037900005F001054DB1616D4FF0010941F02000C8
:1037A0006065484684F850B08DE62B4DAE421CD182
:1037B0001D021AD45045F4D1904202D0B84200D034
:1037C00061468A6843F4000022F0E07202438A6096
:1037D000234922480968B1FBF0F04000801C00E05A
:1037E000401E00900028FBD1DBE71E4DAE420CD1FD
:1037F000DD010AD45045D4D1904202D0B84200D065
:1038000061468A6843F080700EE0174DAE42C8D121
:103810005D02C6D45045C4D1904202D0B84200D017
:1038200061468A6843F4800022F0E07202438A60B5
:10383000B7E7000000210240006002580010005C61
:10384000FFFF0F000000FF47000020FE00200240A5
:103850000023024000630258000084CB400D0300A7
:1038600014000024000052C70000B8CF0068006CAC
:1038700070470000F8B54FF000060400354600968A
:1038800002D0606D10B107E00120F8BD204600F0C5
:1038900005F9A66584F8506020688168C1F340711D
:1038A00019B18168704A1140816020688168C1F354
:1038B000007181B981686D4A114041F08051816089
:1038C0006C496B480968B1FBF0F0401C00E0401EF9
:1038D00000900028FBD120688168C1F3007141B9D4
:1038E000616D012541F010016165A16D41F001019B
:1038F000A16506F01BF8616DC90600D420B1606DAA
:10390000012540F0100093E0606D20F4807040F0DD
:10391000020060652068816811F0010F1FD1564ACE
:10392000564B904201D0984207D191689E6801F0B1
:10393000010106F00106314303E05149896801F0B5
:10394000010161B9904201D0984201D14D4800E097
:103950004D488268616822F47C120A43826001F05B
:10396000FFFC41F20301884202D9A06810280CD064
:10397000617D227FA368206B490341EA024118431D
:103980000843217F01290CD010E0607D227F216B4C
:10399000400340EA024241F01000104340F00C00A6
:1039A000EFE7218C394A02EB41410843616A29B1B2
:1039B000A26A01F47871014342EA01002168344BA4
:1039C000CA681A400243CA60206805F0AFFF064685
:1039D000206805F0A7FF30431DD1216844F203039E
:1039E000267DE26AC86842EA863298431043C8607E
:1039F00094F8380001281ED02068016921F00101E7
:103A000001612068626B016921F07041114301611D
:103A10002046FDF7C9FFE068012820681CD0016B33
:103A200021F00F010163606D20F0020040F0010001
:103A300060652846F8BD2068A28F164FD4E9101C97
:103A4000154E07EB0247A36C026941EA0C013B43A8
:103A5000324019431143D3E7A269016B521E21F092
:103A60000F011143DEE70000C0FFFF5FC0FFFF7FD3
:103A7000400D0300140000240020024000210240F9
:103A80000060025800230240006302580000FEFF5D
:103A900003C0F0FF0100FFFF1EF800FC70B5B6B0D8
:103AA0000446142130A8FCF769FFC0216846FCF7E2
:103AB00065FF1E492068884235D104202423002256
:103AC00001251446CDE903304FF400218DE826008E
:103AD000C026CDE9076209922992CDE9050568461D
:103AE00002F094F908B1FEF708FF1148016841F0AF
:103AF00080710160016801F080713591016841F0C9
:103B000004010160006830A900F004003590032032
:103B10003095CDE93104074801F0FAFA4FF0006022
:103B2000014604F00FFA36B070BD00000060025884
:103B3000E0440258000802582DE9F047434D04467E
:103B4000006888464249434BA842DFF80C9101D0F7
:103B5000484501D10A4600E01A46926802F01F0665
:103B60002269082A14D0AEB1052E13D0092E11D027
:103B7000A84202D0484500D01946886800F4404069
:103B800058B1606D40F0200060650120BDE8F0870D
:103B9000082703E0C068C007F2E7042701F0E6FB4E
:103BA000824618E0B8F1FF3F15D001F0DFFBA0EB33
:103BB0000A01414502D8B8F1000F0CD12068006815
:103BC000384208D1606D002184F8501040F00400A4
:103BD00060650320DAE7206800683842E2D0606D53
:103BE00040F400706065206805F0A4FE80B1607D3F
:103BF00070B92068006800070AD5606D20F48070F5
:103C00006065606DC00403D4606D40F001006065C4
:103C10002068484501D12A4600E00246824210D081
:103C20007EB1052E0DD0092E0BD0484500D005469B
:103C3000E968082F07D0490401D40C210160002055
:103C4000A4E7C168F5E70821F8E70000002002407A
:103C50000023024000630258002102402DE9F04198
:103C60003B4D044600683B4FA84201D0B84201D109
:103C7000394900E03949896801F01F0605F056FE10
:103C800018B102210846BDE8F08194F850000128DF
:103C90000CD0012084F850002046FDF7B3FF01004E
:103CA0004FF0000204D084F85020EBE70220EAE74E
:103CB000636D40F6016C206823EA0C03B84243F4BC
:103CC0008073636501D12B4600E00346834200D038
:103CD0001EB9636D23F480136365636DDB0404D543
:103CE000A36D23F00603A36500E0A2651C23036017
:103CF00084F850202068B84201D12A4600E00246EC
:103D0000824215D0A6B1052E12D0092E10D0626DB8
:103D1000B84242F48012626500D00546E86880012E
:103D2000B0D5606D20F4005040F480506065A9E784
:103D3000C268920105D5626D22F4005242F48052AD
:103D400062658268064B1A40121D82609AE7000085
:103D5000002002400021024000230240006302587C
:103D6000C0FFFF7F10B5044690F85000012808D02E
:103D7000012084F8500003212046FDF799FE10B180
:103D80000BE0022010BD2046FDF704FF28B9616D4D
:103D900021F4885141F001016165002184F850103F
:103DA00010BD00002DE9F84F044601F0DFFA009045
:103DB0003CB194F83500022806D0802161650020CE
:103DC000E4E00120BDE8F88FC74DC74EC64918355D
:103DD00020683036DFF81483DFF814938842DFF868
:103DE00014A3DFF814B32ED0A8422CD0B0422AD0AE
:103DF000404528D0484526D0504524D0584522D0AB
:103E0000BD4A183290421ED0BC4A90421BD0BB4AD9
:103E10001832904217D0B94A3032904213D0B74A84
:103E2000483290420FD0B54A603290420BD0B34A2C
:103E30007832904207D0B14A9032904203D0AF4AD4
:103E4000A832904209D1026822F01E020260206866
:103E5000426922F08002426103E0026822F00E0211
:103E6000026027688F4238464DD0A8424BD0B042FE
:103E700049D0404547D0484545D0504543D05845A6
:103E800041D09D4A183290423DD09C4A90423AD04F
:103E90009A4A1832904236D0984A3032904232D004
:103EA000964A483290422ED0944A603290422AD0AC
:103EB000924A7832904226D0904A9032904222D054
:103EC0008E4AA83290421ED08D4A90421BD08C4A16
:103ED0001432904217D08A4A2832904213D0884A2E
:103EE0003C3290420FD0864A503290420BD0844AE6
:103EF0006432904207D0824A7832904203D0804A9E
:103F00008C32974204D1206E026822F480720260E3
:103F100075492068884228D0A84226D0B04224D0D3
:103F2000404522D0484520D050451ED058451CD091
:103F300071491831884218D07049884215D06F49AC
:103F40001831884211D06D49303188420DD06B490B
:103F50004831884209D069496031884205D06749B3
:103F60007831884201D065499031016821F0010122
:103F700001600EE001F0FAF90099401A052808D90D
:103F8000202262650321002084F8351084F8340073
:103F900017E73868C007EDD1534A012120689042E5
:103FA0002ED0A8422CD0B0422AD0404528D0484537
:103FB00026D0504524D0584522D04F4B1833984234
:103FC0001ED04E4B98421BD04C4B1833984217D002
:103FD0004A4B3033984213D0484B483398420FD065
:103FE000464B603398420BD0444B7833984207D00D
:103FF000424B9033984203D0404BA833984208D1AB
:1040000094F85C703F23A06D07F01F07BB408360EE
:1040100007E094F85C30A06D03F01F0301FA03F38E
:104020004360206890424DD0A8424BD0B04249D066
:10403000404547D0484545D0504543D0584541D0EC
:104040002D4A183290423DD02C4A90423AD02B4A09
:104050001832904236D0294A3032904232D0274A24
:10406000483290422ED0254A603290422AD0234ACC
:104070007832904226D0214A9032904222D01F4A74
:10408000A83290421ED01E4A90421BD01C4A1432C5
:10409000904217D01A4A2832904213D0184A3C3224
:1040A00090420FD0164A503290420BD0144A6432DC
:1040B000904207D0124A7832904203D0104A8C3294
:1040C00090420BD1D4E919024260E06E30B102682F
:1040D00022F480720260D4E91C024260002084F85D
:1040E000351084F834006DE610000240580002409C
:1040F0007000024088000240A0000240100402400C
:10410000085402582DE9F05F28B190F835100229C3
:1041100004D0802141650120BDE8F09F904C904B78
:104120000168183C18338E4ADFF83C92A1428D4C4E
:10413000DFF838E28E4FDFF83CB2DFF83CA28F4D5B
:104140008F4E31D091422FD099422DD0A1422BD009
:10415000494529D0714527D0B94225D0DFF810C292
:104160000CF1180C61451FD0DFF808C2ACF1600CEF
:10417000614519D0DFF8FCC1ACF1480C614513D0A2
:10418000DFF8F0C1ACF1300C61450DD0DFF8E4C1CF
:10419000ACF1180C614507D0594505D0514503D005
:1041A000A94201D0B1422CD1DFF8B4C14FF00408CC
:1041B00080F83580ACF1180C61451DD091421BD0C0
:1041C000994219D0A14217D0494515D0714513D055
:1041D000B94211D06648183081420DD06548603828
:1041E000814209D063484838814205D0614830385F
:1041F000814201D05F481838086820F0010008604B
:10420000ABE0D1F800C02CF00E08DFF854C1C1F8C3
:104210000080ACF1180C0168614527D0914225D08F
:10422000994223D0A14221D049451FD071451DD0CC
:10423000B9421BD0DFF838C10CF1180C614515D01C
:10424000DFF830C1ACF1600C61450FD0DFF824C15C
:10425000ACF1480C614509D0DFF818C1ACF1300C65
:10426000614503D0DFF80CC1ACF1180CD1F800C0E7
:104270002CF0010CC1F800C0DFF8E4804FF0010C15
:104280000168A8F11808414546D0914244D09942AE
:1042900042D0A14240D049453ED071453CD0B942C0
:1042A0003AD0334A1832914236D0324A603A91427B
:1042B00032D0304A483A91422ED02E4A303A91427A
:1042C0002AD02C4A183A914226D0594524D051453B
:1042D00022D0A94220D0B1421ED02A4A91421BD0FE
:1042E000284A1432914217D0264A2832914213D0DC
:1042F000244A3C3291420FD0224A503291420BD094
:10430000204A6432914207D01E4A7832914203D04B
:104310001C4A8C32914218D1016E0A6822F48072D4
:104320000A6090F85C20816D02F01F020CFA02F224
:104330004A60D0E919124A60C16E31B10A6822F4AC
:1043400080720A60D0E91C124A600022016D80F878
:1043500035C080F8342001B188470020DCE6000039
:1043600028000240580002407000024088000240CD
:10437000A00002407004024088040240A0040240F1
:10438000B804024008540258406D70472DE9FC5FA4
:104390000446F74E0020DFF8D88300904FF4165201
:1043A000F44808F11808A56DDFF8C493DFF8C0A33E
:1043B000016809F1300920680AF1480AB1FBF2F1FD
:1043C000B04201912F68D5F800C0DFF8ACB335D00A
:1043D0004146884232D0484530D050452ED05845CD
:1043E0002CD0E5491831884228D0E3493031884241
:1043F00024D0E1494831884220D0E04988421DD08C
:10440000DE491831884219D0DC493031884215D054
:10441000DA494831884211D0DFF860E30EF1600ECE
:1044200070450BD0D54A7832904207D0D34B9033A9
:10443000984203D0D149A83188427DD194F85C20BC
:10444000082102F01F0201FA02F23A424AD0B042B9
:1044500032D0404530D048452ED050452CD058451C
:104460002AD0C54A1832904226D0C34A30329042F0
:1044700022D0C14A483290421ED0C04A90421BD03E
:10448000BE4A1832904217D0BC4A3032904213D004
:10449000BA4A483290420FD0B84A603290420BD0AC
:1044A000B64A7832904207D0B44A9032904203D054
:1044B000B24AA832904203D1026802F0040202E03C
:1044C000026802F008026AB1026822F00402026087
:1044D00094F85C0000F01F008140A960606D40F01E
:1044E0000100606594F85C00012100F01F0081402C
:1044F000394240D02068B04234D0404532D048459F
:1045000030D050452ED058452CD09B4A183290427E
:1045100028D0994A3032904224D0974A483290426B
:1045200020D0964A90421DD0944A1832904219D019
:10453000924A3032904200E0AFE113D08F4A4832C5
:1045400090420FD08D4A603290420BD08B4A783225
:10455000904207D0894A9032904203D0874AA832CD
:1045600090427DD1406910F0800F04D0A960606D49
:1045700040F00200606594F85C00042100F01F0028
:10458000814039423ED02068B04232D0404530D0E0
:1045900048452ED050452CD058452AD0764A18325E
:1045A000904226D0744A3032904222D0724A483229
:1045B00090421ED0714A90421BD0704A18329042ED
:1045C00017D06E4A3032904213D06C4A4832904233
:1045D0000FD06A4A603290420BD0684A78329042DB
:1045E00007D0664A9032904203D0644AA832904283
:1045F0004ED1006810F0020F04D0A960606D40F049
:104600000400606594F85C00102100F01F008140F8
:10461000394258D02068B04234D0404532D0484565
:1046200030D050452ED058452CD0534A18329042A5
:1046300028D0514A3032904224D04F4A48329042DA
:1046400020D04E4A90421DD04C4A1832904219D088
:104650004A4A3032904215D0484A4832904200E0EF
:1046600014E00FD0454A603290420BD0434A783272
:10467000904207D0414A9032904203D03F4AA8323C
:10468000904207D1006800F0080006E0006872E779
:104690000068B7E7006800F00400A0B1A9602068D6
:1046A0000168490304D50068000308D5A16C07E040
:1046B0000168C90503D4016821F008010160216C7B
:1046C00009B12046884794F85C00202100F01F00C3
:1046D0008140394279D02068B04232D0404530D054
:1046E00048452ED050452CD058452AD0224A183261
:1046F000904226D0204A3032904222D01E4A483280
:1047000090421ED01D4A90421BD01C4A1832904243
:1047100017D01A4A3032904213D0184A4832904289
:104720000FD0164A603290420BD0144A7832904231
:1047300007D0124A9032904203D0104AA8329042D9
:1047400003D1006800F0100002E0006800F00200F1
:10475000B0B3A96094F835000428206801680FD030
:1047600049037ED5006800032BD4616C2AE0000069
:1047700010000240140000247000024010040240A7
:1047800021F0160101602068416921F0800141613A
:10479000206C08B9A06C20B12068016821F00801E4
:1047A000016094F85C303F21012003F01F030022D8
:1047B0009940A96084F8350084F83420216D65E0C3
:1047C00003E0E16B09B120468847606D00287DD089
:1047D000606DC00759D02068042184F83510B042BC
:1047E0002BD0404529D0484527D0504525D05845A5
:1047F00023D09D49884220D09B49183188421CD043
:1048000099493031884218D09849884215D0974943
:104810001831884211D09549303188420DD09349E2
:104820004831884209D091496031884205D08F498A
:104830007831884201D08D499031016821F0010121
:10484000016020680099019A491C0091914202D8A8
:104850000168C907F6D10068C00710D003200FE037
:10486000FFE70168C905ACD403680121002223F0E9
:104870001003036084F8351084F83420A1E7012088
:1048800084F83500002084F83400E16C00291DD044
:1048900002B02046BDE8F05F0847754988421DD048
:1048A00073491431884219D071492831884215D092
:1048B0006F493C31884211D06D49503188420DD04A
:1048C0006B496431884209D0694900E084E078315D
:1048D000884203D066498C3188427DD194F85C804F
:1048E0000427016808F01F0807FA08F717EA0C0FF9
:1048F000009746D04F0744D500980F04686003D551
:10490000C8033CD4A16CC1E7880638D42068B04203
:104910002DD055496039884229D0484527D0504587
:1049200025D0584523D05049884220D04E491831CF
:1049300088421CD04C493031884218D04B498842BB
:1049400015D04A491831884211D04849303188423F
:104950000DD046494831884209D0704507D0904271
:1049600005D0984203D04149A831884203D101685B
:1049700021F0080102E0016821F004010160216CCE
:1049800084E7022707FA08F717EA0C0F00974ED0C2
:104990008F074CD500980F04686003D5C80344D432
:1049A000616C73E7880640D42068B0422FD02E494E
:1049B000603988422BD0484529D0504527D05845EA
:1049C00025D02949884222D02749183188421ED053
:1049D00025493031884200E044E018D0234988421C
:1049E00015D022491831884211D0204930318842EF
:1049F0000DD01E494831884209D0704507D09042F9
:104A000005D0984203D01949A831884203D10168E2
:104A100021F0140102E0016821F00A010160012186
:104A200084F83510002084F83400E16B2EE708226A
:104A300002FA08F212EA0C0F14D0090712D5016825
:104A400021F00E01016094F85C100120002201F0B9
:104A50001F0100FA01F16960606584F8350084F88F
:104A6000342012E7BDE8FC9F880002401004024099
:104A7000085402582DE9F05F044600F077FC002C42
:104A800007467DD0E34E022120684FF00308DFF88F
:104A900088934FF00005DFF884A3B042DFF880B3BD
:104AA00034D0DC4A1832904230D048452ED05045A0
:104AB0002CD058452AD0DA4A1832904226D0D84A0B
:104AC0003032904222D0D64A483290421ED0D54A47
:104AD00090421BD0D34A1832904217D0D14A30327C
:104AE000904213D0CF4A483290420FD0CD4A603224
:104AF00090420BD0CB4A7832904207D0C94A9032CC
:104B0000904203D0C74AA83290427DD184F8351034
:104B1000B04284F834502ED0BE49183188422AD091
:104B2000484528D0504526D0584524D0BC49183196
:104B3000884220D0BA49303188421CD0B849483127
:104B4000884218D0B749884215D0B64918318842F2
:104B500011D0B449303188420DD0B2494831884231
:104B600009D0B0496031884205D0AE4978318842D9
:104B700001D0AC499031016821F00101016008E0E9
:104B800027E100BF00F0F2FBC01B052801D920215E
:104B90001CE120680068C007F4D104F10800216816
:104BA000D4E9053C8E4685C809681043D4E9072836
:104BB0001F43636A38439C4F40EA0C00104339405E
:104BC00040EA0800042B40EA010003D1D4E90B12AB
:104BD00011430843954909686FF30F01B1F1005F74
:104BE0000FD36168A1F12902052A08D9163A032AD0
:104BF00005D9083A012A02D94F39032901D840F4CE
:104C00008010CEF8000000E023E02068676A406969
:104C1000042F20F0070047EA00070DD1D4E90A016C
:104C2000074349B12046FDF72DFD28B140206065BE
:104C3000012184F83510CCE0206847612046FDF75B
:104C40003FFC94F85C203F2102F01F0291408160FC
:104C500054E0774A90421BD0754B1433984217D0DA
:104C6000734B2833984213D0714B3C3398420FD08A
:104C70006F4B503398420BD06D4B6433984207D042
:104C80006B4B7833984203D0694B8C3398427DD17B
:104C900084F8351084F83450664B0168A26801EA44
:104CA000030E402A73D0802A72D00022D4E9037800
:104CB000D4E9053142EAD70242EAD8085C4AD4E98D
:104CC000077C48EAD30848EAD10141EAD7015242B9
:104CD00041EA1C11142341EA0E01016020681044CE
:104CE000B0FBF3F08000E0652046FDF7E9FB94F8A7
:104CF0005C20012102F01F02914041602068B04217
:104D000057D044491831884253D0484551D0504576
:104D10004FD058454DD042491831884249D040497A
:104D20003031884245D03E494831884241D03D49E2
:104D300088423ED03B49183188423AD03949303117
:104D4000884236D037494831884232D035496031BF
:104D500088422ED03349783188422AD03149903167
:104D6000884226D02F49A831884222D03049884233
:104D70001FD02F49143188421BD02D492831884239
:104D800017D02B493C31884213D002E01DE017E0D8
:104D900018E02749503188420BD0254964318842B8
:104DA00007D023497831884203D021498C31884289
:104DB00029D12046FDF7DEFBA06880280CD00CE04E
:104DC000102273E74FF4804270E74021616584F858
:104DD00035800120BDE8F09F6560216E2079086074
:104DE000D4E9190141606068401E072808D82046B0
:104DF000FDF70EFCE06E0560D4E91C01416002E0A5
:104E0000E566256765670120656584F83500002043
:104E1000E0E700001000024040000240580002405D
:104E200070000240100402403F8010FE0010005C41
:104E3000085402580F00FEFF2DE9F84F04008C467D
:104E40004FF00000009014D094F83400012812D0E4
:104E500094F835500120002184F83400012D0CD045
:104E6000C00260650120009084F834100098BDE80D
:104E7000F88F0120FBE70220F9E78C4D022620681D
:104E800084F83560A8428A4D61658A4E8A4FDFF802
:104E90002C82DFF82C92DFF82CA2DFF82CB226D07F
:104EA000A84224D0B04222D0B84220D040451ED0E3
:104EB00048451CD050451AD0584518D083498842DF
:104EC00015D082491831884211D08049303188424A
:104ED0000DD07E494831884209D07C4960318842F2
:104EE00005D07A497831884201D0784990310168FB
:104EF00021F00101016061462046FDF7EDFB6B49A1
:104F0000206888422CD0A8422AD0B04228D0B8428B
:104F100026D0404524D0484522D0504520D0584581
:104F20001ED06A4A90421BD0684A1832904217D06D
:104F3000664A3032904213D0644A483290420FD0D1
:104F4000624A603290420BD0604A7832904207D079
:104F50005E4A9032904203D05C4AA83290420CD113
:104F6000026822F01E0242F016020260206C88B134
:104F70002068026842F008020BE0026822F00E028C
:104F800042F00A020260206C20B12068026842F000
:104F900004020260206888424BD0A84249D0B04247
:104FA00047D0B84245D0404543D0484541D0504510
:104FB0003FD058453DD0454A90423AD0434A1832F6
:104FC000904236D0414A3032904232D03F4A483245
:104FD00090422ED03D4A603290422AD03B4A7832ED
:104FE000904226D0394A9032904222D0374AA83295
:104FF00090421ED0364A90421BD0354A143290421D
:1050000017D0334A2832904213D0314A3C32904272
:105010000FD02F4A503290420BD02D4A643290422A
:1050200007D02B4A7832904203D0294A8C329042E2
:105030000DD1206E0268D20303D5026842F480725B
:105040000260E06E18B1026842F48072026020686B
:10505000884226D0A84224D0B04222D0B84220D0E4
:1050600040451ED048451CD050451AD0584518D050
:105070001649884215D015491831884211D0134974
:10508000303188420DD011494831884209D00F494A
:105090006031884205D00D497831884201D00B49F2
:1050A0009031016841F001010160DFE6100002402B
:1050B00028000240400002405800024070000240B8
:1050C00088000240A0000240B800024010040240E4
:1050D000085402580D4900220B685A620A68136886
:1050E00043F00103136009684A6A8242FCD3086AEC
:1050F00041F21112104207D1086A9210104203D1F6
:10510000086820F001000860704700006006002475
:105110002DE9F84F03247D4D00234FF001094FF096
:10512000B04B4FF00F0AE9E009FA03F73A4076D0A6
:105130000E7906F00306012E01D0022E18D1D0F808
:1051400008C04FEA430ECE6804FA0EF82CEA080CA9
:1051500006FA0EF646EA0C068660D0F804C00E7910
:105160002CEA070CC6F300169E4046EA0C06466081
:105170000E79F643B6070BD0C6684FEA43088F682E
:1051800004FA08FC26EA0C0607FA08F73743C7605A
:105190000E7906F00306022E12D1DE080F694FEADF
:1051A000437C00EB8606B646366A4FEADC6C0AFAA8
:1051B0000CF807FA0CF726EA08063743CEF82070F9
:1051C0000F7906684FEA430807F0030704FA08FC62
:1051D00007FA08F726EA0C06374307604E6816F40C
:1051E000403F1CD04A4E376847F0020737603668A8
:1051F0009F0706F00206009623F0030606F1B0466C
:10520000B6463F0FD6F80864DFF808810AFA07FCB3
:10521000404526EA0C0603D14FF0000C41E06CE05B
:10522000DFF8F4C0604502D14FF0010C39E0DFF83F
:10523000ECC0604502D14FF0020C32E0DFF8E0C074
:10524000604502D14FF0030C2BE0DFF8D8C0604579
:1052500002D14FF0040C24E0DFF8CCC0604502D14D
:105260004FF0050C1DE0DFF8C4C0604502D14FF0DF
:10527000060C16E0DFF8B8C0604502D14FF0070C0D
:105280000FE0DFF8B0C0604502D14FF0080C08E035
:10529000DFF8A4C0604502D14FF0090C01E04FF0E7
:1052A0000A0C0CFA07FC4CEA060CCEF808C44F684E
:1052B000DBF80060FF0226EA020600D516435F46CF
:1052C000CBF80060D1F804C0DBF804605FEA8C2CF6
:1052D00026EA020600D516437E606E684F6826EA0D
:1052E0000206BF0300D516436E602E684F6826EA9B
:1052F0000206FF0300D516432E605B1C0A6832FAD3
:1053000003F67FF411AFBDE8F88F0000800000586D
:10531000F4440258000002580004025800080258E1
:10532000000C0258001002580014025800180258CD
:10533000001C02580020025800240258006908404E
:1053400000D001207047426921EA02030A4043EA83
:105350000241816170470AB1816170470904FBE72E
:1053600001480068000C70470010005C014880682C
:10537000704700000800002430B590F84120202A32
:1053800024D190F84020012A20D0012380F8403019
:10539000242280F84120202300240268156825F08B
:1053A000010515600268156825F4805515600268CE
:1053B00015680D43156001680A6842F001020A6031
:1053C00080F8413080F84040002030BD022030BDE0
:1053D00030B590F84120202A22D190F84020012AAF
:1053E0001ED0012380F84030242280F84120202460
:1053F00000250268136823F0010313600268136834
:1054000023F4706343EA0121116001680A6842F0E5
:1054100001020A6080F8414080F84050002030BD11
:10542000022030BD70B5040004D094F8410000257E
:1054300010B106E0012070BD204684F8405000F015
:1054400051F8242084F841002068016821F001010E
:105450000160D4E9001020F0706008612068816864
:1054600021F400418160E06821680128A06830D003
:1054700040F404408860E0680228206841682BD02E
:1054800021F40061416020682021154A43681343DC
:1054900043602068C26822F40042C26054F8106B76
:1054A0000DCC104340EA0320F06054F81C3CD4E9D2
:1054B00000021043186054F81C0D026842F001020B
:1054C0000260656484F84110256384F8425000202E
:1054D00070BD40F40040CDE741F40061D2E7000028
:1054E0000080000210B5B6B00446142130A8FBF7C6
:1054F00045FAC0216846FBF741FA184920688842FE
:105500002AD10020219008210446CDE900106846E8
:1055100000F07CFC08B1FDF7F0F91148016841F09A
:1055200002010160006830AB122100F002003590EA
:10553000C020042283E813000A4830A9CDE9334291
:10554000FFF7E6FD06480830016841F400110160EC
:10555000006800F40010359036B010BD00540040D3
:10556000E04402580004025802488168027811445D
:105570008160704708000024032010B500F0ACF8EB
:1055800001F0BCFA0F4A104914681368C4F30322EF
:1055900003F00F038A5CC95C02F01F0201F01F01D7
:1055A000D0400A4A20FA01F11160094908600F2031
:1055B00000F010F808B1012010BD00F04DF80020F7
:1055C00010BD0000184402580448010818000024C7
:1055D0001400002410B5102804468AB02AD20022F4
:1055E0000146762000F058F8762000F047F815487C
:1055F00004601548016841F480210160006808A931
:1056000000F480200990684601F004FA01F064FA81
:105610000E49400000220E4CB0FBF1F10D4840F263
:10562000E7330460C0E90332491EC0E9011202F009
:10563000E7FC10B101200AB010BD064802F0B6FD2B
:10564000F9E700000C000024F044025840420F002B
:105650000048014028130024074882B0016841F047
:1056600002010160006800220F2100F0020000909A
:10567000901E02B000F010B8F4440258002809DB74
:10568000410900F01F028900012001F1E021904052
:10569000C1F80001704700000E4BF0B41B680D46C6
:1056A000C3F30223C3F10706042E00D90426191DF3
:1056B000072901D2002300E0DB1E012404FA06F1D1
:1056C0009C40491E2940641E994014402143F0BC6F
:1056D00008F08FB80CED00E0064900F0070210B5A5
:1056E0004FF6FF040868044B204040EA02201843AC
:1056F000086010BD0CED00E00000FA05134970B51C
:105700000A68D243520705D5096801F007018142B2
:1057100013D118E00A6822F0070202430A60FFF77B
:1057200025FE0A4D4FF47A760446083D07E000BF97
:10573000FFF71CFE001BB04201D9012070BD286894
:10574000C0438004F4D4002070BD00000C4802580F
:1057500010B501F08DF905490968054AC1F3021138
:10576000515C01F01F01C84010BD000020440258E8
:10577000044801084A4930B5494C0B1D0A680C34ED
:1057800009681D68246802F0030305F00102C1F3F3
:105790000511C4F3CC04002914FB02F200EE102A18
:1057A000F8EE400A76D0414A9FED3E1ADFED3E1AF0
:1057B000B7EE000A23B1012B5AD0022B18D15CE0BE
:1057C000374C283C23689B0612D5394B246801EEE0
:1057D000901A1168C4F3C104F8EE612AE34001EEA7
:1057E000903AC1F30801F8EE611A81EEA22A07E0AF
:1057F00002EE101A1168F8EE422A81EEA22A45E064
:1058000001EE901A1168F8EE611A40EE811A71EEFD
:10581000800A62EE200AC1F3462101EE101AB8EEAA
:10582000411A31EE001AC0EE811ABCEEE11A80ED89
:10583000001A1168C1F3064101EE101AB8EE411AC0
:1058400031EE001AC0EE811ABCEEE11A80ED011AA9
:105850001168C1F3066101EE101AB8EE411A31EE7B
:10586000000A80EE801ABCEEC10A80ED020A30BD4B
:1058700001EE901ADFED0F2A03E001EE901ADFED42
:105880000E2A1168F8EE611A82EEA12AC1F308010E
:10589000B6E7FFE7002101604160816030BD000094
:1058A00028440258000000390024744C3044025847
:1058B0000090D0030024744A0024F44A494930B5CA
:1058C000484C0B1D0A68143409681D68246802F0EE
:1058D0000303C5F30012C1F30531C4F3CC0400295E
:1058E00014FB02F200EE102AF8EE400A75D03F4A8F
:1058F0009FED3D1AB7EE000A6BB1DFED3D1A012BAB
:1059000001D0022B64D002EE101A1168F8EE422A80
:1059100081EEA22A21E0334C283C23689B0612D555
:10592000344B246801EE901A1168C4F3C104F8EEF8
:10593000612AE34001EE903AC1F30801F8EE611AE2
:1059400081EEA22A0BE001EE901ADFED2B2A00BFB8
:10595000F8EE611A116882EEA12AC1F3080101EE86
:10596000901A1168F8EE611A40EE811A71EE800A01
:1059700062EE200AC1F3462101EE101AB8EE411A78
:1059800031EE001AC0EE811ABCEEE11A80ED001A69
:105990001168C1F3064101EE101AB8EE411A31EE5A
:1059A000001AC0EE811ABCEEE11A80ED011A1168EE
:1059B000C1F3066101EE101AB8EE411A31EE000A89
:1059C00080EE801ABCEEC10A80ED020A30BD04E010
:1059D00001EE901ADFED092ABAE70021016041606B
:1059E0008160F3E728440258000000393844025827
:1059F0000024744A0090D0030024744C0024F44A1C
:105A0000494930B5484C0B1D0A681C3409681D68AB
:105A1000246802F00303C5F30022C1F30551C4F367
:105A2000CC04002914FB02F200EE102AF8EE400A22
:105A300075D03F4A9FED3D1AB7EE000A6BB1DFED1E
:105A40003D1A012B01D0022B64D002EE101A11680E
:105A5000F8EE422A81EEA22A21E0334C283C23684A
:105A60009B0612D5344B246801EE901A1168C4F3DA
:105A7000C104F8EE612AE34001EE903AC1F3080157
:105A8000F8EE611A81EEA22A0BE001EE901ADFED2A
:105A90002B2A00BFF8EE611A116882EEA12AC1F329
:105AA000080101EE901A1168F8EE611A40EE811AB1
:105AB00071EE800A62EE200AC1F3462101EE101A4F
:105AC000B8EE411A31EE001AC0EE811ABCEEE11AAE
:105AD00080ED001A1168C1F3064101EE101AB8EE0C
:105AE000411A31EE001AC0EE811ABCEEE11A80EDC7
:105AF000011A1168C1F3066101EE101AB8EE411ADD
:105B000031EE000A80EE801ABCEEC10A80ED020A76
:105B100030BD04E001EE901ADFED092ABAE700215A
:105B2000016041608160F3E72844025800000039B9
:105B3000404402580024744A0090D0030024744C5E
:105B40000024F44A2DE9F04FAD4A0546DFF8ACA237
:105B500080F48070DFF8AC9289B01311AA4C08432E
:105B6000AAF104064FF0805C4FF000584FEAE200C3
:105B70002CD085F400770F4357D0DFF880B285F43E
:105B800080670F430BF1080B61D085F400670F436A
:105B900074D085F480570F436ED085F400570F43BF
:105BA0004FF480394FF4003E67D085F400270F434F
:105BB00071D085F480370F436ED085F480460E4354
:105BC0006BD085F400420A4368D02AE0DAF800106E
:105BD00001F00701052924D2DFE801F075BC7D251D
:105BE000B10006A8FFF7C6FD079809B0BDE8F08F21
:105BF0006846FFF763FE0098F7E703A8FFF700FF8A
:105C00000398F2E72068C0F3C10022FA00F0ECE745
:105C10002268D20571D561456FD11846E5E7414547
:105C2000E3D00020E1E74846DFE7DAF8001001F4AE
:105C3000E07180294FD004DC002944D04029F0D104
:105C400088E0C029EFD0B1F5807FEAD177E0DBF8BA
:105C5000001001F46001B1F5800F3CD004DC91B379
:105C6000B1F5001FDDD175E0B1F5C00FDBD0B1F5A6
:105C7000000FD6D163E001E018E030E0DBF800105F
:105C800001F0E061B1F1007F25D008DCD9B1B1F1BC
:105C9000807FC6D15EE049E06CE079E09CE0B1F144
:105CA000407FC0D0B1F1806FBBD148E0DAF800107E
:105CB00001F4E041B1F5005F0DD005DC19B1B1F59B
:105CC000805FAED146E094E0B1F5405FABD0B1F576
:105CD000804FA6D133E020688000A2D58DE7DAF8A6
:105CE000001001F4E021B1F5403F6CD006DC61B159
:105CF00049457AD0714594D157E037E0B1F5802F0E
:105D000065D0B1F5A02F8CD10CE000F0D3FE6CE78C
:105D10006846FFF7D3FD019867E703A8FFF770FE19
:105D2000049862E721688903F1D47AE7DBF8001070
:105D300011F440310ED0494510D07145F5D131688C
:105D4000256801F040516D077FF562AF00297FF4AF
:105D50005FAF57E720680001E7D549E7206880007A
:105D6000E3D503A8FFF74CFE05983EE722689203AF
:105D7000DBD554E7306810F480303AD04845D4D1B0
:105D800020680001D1D56846FFF798FD02982CE7FE
:105D9000DBF8001001F0E041B1F1405F13D008DC06
:105DA00071B1614521D04145BFD120688000B4D494
:105DB00037E7B1F1804F0AD0B1F1A04FB2D030E750
:105DC000FFF7C6FC11E720684007AED51AE7206848
:105DD000C005AAD521E708E0DAF8001011F040511B
:105DE000A0D0614505D041459FD1206800018FD4E6
:105DF00017E72068800198D5F3E600005044025868
:105E00000090D0030080BB00004402582DE9FE4FF3
:105E10000546DFF8E48350F8081B0024F64FC94319
:105E2000019005F12800264608F124080090080199
:105E30001DD4A86E50B1B0F5801F0CD0B0F5001F76
:105E40000ED0B0F5401F1ED001240FE0386840F49A
:105E50000030386017E00198022104F0E3FC03E011
:105E60000098022104F06EFD04000CD0264628881C
:105E7000C043C00523D4A86D05281ED2DFE800F07A
:105E80000C11161B1B00AA6ED8F8001021F440114B
:105E90001143C8F80010EAE7386840F40030386071
:105EA00009E00198002104F0BDFC03E00098002106
:105EB00004F048FD044674B100E001242646288819
:105EC000C043800528D4E86D80281ED00CDC90B13A
:105ED00040280ED114E0AA6DD8F8001021F0070177
:105EE0001143C8F80010EAE7C02813D0B0F5807F4E
:105EF00010D001240FE0386840F40030386009E029
:105F00000198002104F08EFC03E00098002104F0C9
:105F100019FD04469CB126462888DFF8DC92C04370
:105F200009F12C0940052CD4D5F8A800B0F5800F54
:105F300020D00DDCA0B1B0F5001F0FD115E0EA6D47
:105F4000D8F8001021F4E0711143C8F80010E3E71D
:105F5000B0F5C00F13D0B0F5000F10D001240FE042
:105F6000386840F40030386009E00198002104F0FE
:105F700059FC03E00098002104F0E4FC04467CB1E5
:105F800026462888C04300052DD4D5F8AC00B0F1D2
:105F9000007F21D00EDCA8B1B0F1807F10D116E0D7
:105FA000D5F8A820D9F8001021F460011143C9F8F0
:105FB0000010E6E7B0F1407F13D0B0F1806F10D051
:105FC00001240FE0386840F40030386009E001989F
:105FD000002104F027FC03E00098002104F0B2FC4B
:105FE000044674B126462868C04380011FD4E86C7B
:105FF000D8B110280FD0202812D0302815D0012475
:1060000014E0D5F8AC20D9F8001021F0E06111437C
:10601000C9F80010E7E7386840F40030386004E061
:106020000198022104F0FEFB044674B1264628883C
:10603000C043C0042BD4286EB0F5005F20D00DDC27
:10604000A0B1B0F5805F0FD115E06B48EA6C20304D
:10605000016821F0300111430160E8E7B0F5405FCD
:1060600013D0B0F5804F10D001240FE0386840F411
:106070000030386009E00198002104F0D3FB03E010
:106080000098002104F05EFC04468CB12646288866
:10609000C043800429D4686EB0F5403F23D010DCA3
:1060A00008B3B0F5803F14D0B0F5003F0FD115E034
:1060B0002A6ED8F8001021F4E0411143C8F800100E
:1060C000E5E7B0F5802F0ED0B0F5A02F0BD001245E
:1060D0000AE00198012104F0A5FB03E000980121EA
:1060E00004F030FC044694B126462888C04340049E
:1060F0002AD4D5F8B000B0F1405F23D010DC08B34B
:10610000B0F1805F14D0B0F1005F0FD115E06A6E7E
:10611000D8F8001021F4E0211143C8F80010E4E79A
:10612000B0F1804F0ED0B0F1A04F0BD001240AE0A7
:106130000198012104F076FB03E00098012104F0AE
:1061400001FC044674B126462888C04300041FD4CD
:10615000286FD8B1B0F1805F0ED0B0F1005F10D0E1
:10616000012414E0D5F8B020D9F8001021F0E04166
:106170001143C9F80010E7E7386840F40030386090
:1061800004E00198012104F04DFB044674B1264659
:106190002868C043C0011ED4A86CD0B101280ED01D
:1061A000022811D0032814D0012413E02A6FD8F854
:1061B000001021F040511143C8F80010E8E738689A
:1061C00040F40030386004E00198022104F02AFB1A
:1061D0000446ACB126462868DFF81CB0C043ABF1DA
:1061E0001C0B400252D40548016841F480710160E3
:1061F000FFF7BCF8824611E02C44025800480258D0
:10620000FA48AA6C016821F0030111430160E2E73A
:10621000FFF7ACF8A0EB0A00642835D8F448006812
:10622000C005F5D58CBBDFF8C4A3B5F8B4100AF1EE
:10623000240ADAF8000001F4407100F4407088424A
:1062400011D0DAF80010DAF8002021F4407142F49D
:106250008032CAF80020DAF8002022F48032CAF82E
:106260000020CAF80010D5F8B400B0F5807F1AD12C
:10627000FFF77CF8029012E0FFF778F80299411AD4
:1062800041F2883081420AD9032426462878DFF873
:106290005CA3C0430AF1080AC00721D03CE0DAF849
:1062A00000008007E8D5D5F8B410C1F30120032819
:1062B00058460DD0016821F47C510160B5F8B42036
:1062C000DAF80010C2F30B021143CAF80010DDE740
:1062D000C84A036802EA111223F47C511143ECE727
:1062E000E86F182816D005DCA0B1082808D01028BF
:1062F00004D10AE020280DD028280BD001240AE080
:106300000198012104F08EFA03E00098012104F0C5
:1063100019FB044664B126462878C04380071ED482
:10632000A86F062819D2DFE800F0160C1116161611
:10633000EA6FDAF8001021F038011143CAF80010B2
:10634000EAE70198012104F06DFA03E000980121C9
:1063500004F0F8FA04467CB100E0012426462878CF
:10636000C04340071FD4D5F89400062819D2DFE8AF
:1063700000F0160C11161616AA6FDAF8001021F0AC
:1063800007011143CAF80010E9E70198012104F060
:1063900049FA03E00098012104F0D4FA0446A4B1BC
:1063A00000E0012426462878C04380062BD4D5F887
:1063B0009000B0F1405F24D011DC10B3B0F1805FE9
:1063C00015D0B0F1005F10D116E0D5F89420D9F8BF
:1063D000001021F007011143C9F80010E3E7B0F104
:1063E000804F0ED0B0F1A04F0BD001240AE00198ED
:1063F000002104F017FA03E00098022104F0A2FA49
:10640000044694B126462878C04340062BD4D5F8DC
:106410009C00B0F5406F24D011DC10B3B0F5806F54
:1064200015D0B0F5006F10D116E0D5F89020DAF84D
:10643000001021F0E0411143CAF80010E3E7B0F585
:10644000805F0ED0B0F5A05F0BD001240AE0019868
:10645000002104F0E7F903E00098022104F072FA49
:10646000044694B126462878C04300062BD4D5F8BC
:10647000A000B0F5C04F24D011DC10B3B0F5005F20
:1064800015D0B0F5804F10D116E0D5F89C20D9F882
:10649000001021F4E0511143C9F80010E3E7B0F512
:1064A000004F0ED0B0F5204F0BD001240AE0019828
:1064B000002104F0B7F903E00098022104F042FA49
:1064C000044654B126462878C04300071ED4D5F8A8
:1064D0008400B0F5805F0AD00FE0D5F8A020D9F88D
:1064E000001021F460411143C9F80010EBE7009857
:1064F000022104F027FA00B10126D5F88420DAF849
:10650000001021F440511143CAF800102878C0430C
:10651000C00613D4D5F89800B0F5807F05D1009857
:10652000022104F00FFA00B10126D5F89820D9F81D
:10653000001021F440711143C9F800102868C043CD
:10654000000316D4D5F8A40038B1B0F5803F09D0C7
:10655000B0F5003F0BD001240AE00198002104F0BF
:1065600061F903E00098022104F0ECF904468CB1D3
:1065700026462868C043400322D4D5F88800B0F5E9
:10658000801F11D0B0F5001F13D0B0F5401F15D0FB
:10659000012414E0D5F8A420D9F8001021F44031EA
:1065A0001143C9F80010E4E7386840F4003038605F
:1065B00004E00098012104F0C5F904465CB12646C8
:1065C0002868C043C00323D4286DA8B1B0F5803F2C
:1065D00017D001241BE0D5F88820DAF8001021F448
:1065E00040111143CAF80010EAE700004C44025879
:1065F00000480258CFFFFF00386840F40030386090
:1066000004E00198022104F00DF90446E4B12646A5
:106610002868C043800005D40098022104F092F954
:1066200000B101262868C04380031BD4D5F8800040
:10663000B0B1B0F5807F0FD0B0F5007F10D0B0F5CD
:10664000407F0DD001240CE05A482A6D016821F4E6
:10665000803111430160DBE7386840F40030386076
:10666000ECB326462868C043C00207D46A6FD8F846
:10667000001021F000411143C8F800102868C04301
:10668000C00008D4D5F8B820DBF8001021F4804110
:106690001143CBF800102868C043800207D4EA6E8B
:1066A000D8F8001021F080711143C8F80010286854
:1066B000C04340000CD4DBF8001021F40041CBF8BB
:1066C0000010DBF80010D5F8BC201143CBF8001007
:1066D0002868C04308D437486A6D016800E018E0B4
:1066E00021F04051114301602868C043000208D4E2
:1066F000D5F88C20DAF8001021F440011143CAF8D3
:10670000001028790024C04300F0010020430AD083
:106710000FE0D5F88020DAF8001021F44071114321
:10672000CAF800109EE70198002104F07BF800B140
:1067300006462879C04300F00200204305D10198A5
:10674000012104F06FF800B106462879C04300F03B
:106750000400204305D10198022104F063F800B140
:1067600006462879C04300F00800204305D1009870
:10677000002104F0E7F800B106462879C04300F094
:106780001000204305D10098012104F0DBF800B18E
:1067900006462879C04300F02000044304D1009845
:1067A000022104F0CFF800B916B10120BDE8FE8F38
:1067B0000020FBE74C4402582DE9F05F04000F462F
:1067C0007ED0DFF83882D8F8000000F00F00B84221
:1067D0000CD2D8F8001021F00F013943C8F800108E
:1067E000D8F8000000F00F00B84269D12078844D3D
:1067F00040070AD52069296801F07001884204D950
:10680000296821F070010143296020787C4E361DF3
:1068100000070AD56069316801F07001884204D927
:10682000316821F07001014331602078C0060AD53B
:10683000A069316801F4E061884204D9316821F42B
:10684000E061014331602078DFF8B4B180060BF1DC
:10685000080B0CD5E1695846DBF8002002F0700205
:10686000914204D9026822F070020A430260207843
:1068700080070AD5E068296801F00F01884204D931
:10688000296821F00F01014329602078C0073ED01C
:106890005B49A2682868183920F4706010432860AA
:1068A0006068022818D0032819D00968012819D077
:1068B000490700294ADADFF848A1AAF1080A00E0EE
:1068C00044E0DAF8002022F007020243CAF8002070
:1068D000FEF74CFD814612E009688903E9E7096883
:1068E0008901E6E7C905E4E7FEF740FDA0EB0901F1
:1068F00041F28830814202D90320BDE8F09F6168EF
:10690000DAF8000000F03800B0EBC10FECD12078CD
:1069100080070AD5E068296801F00F01884204D297
:10692000296821F00F0101432960D8F80010404682
:1069300001F00F01B9420BD9016821F00F01394371
:106940000160006800F00F00B84201D00120D4E7D8
:10695000207840070AD52069296801F07001884233
:1069600004D2296821F070010143296020780007D2
:106970000AD56069316801F07001884204D231683B
:1069800021F07001014331602078C0060AD5A0696A
:10699000316801F4E061884204D2316821F4E06199
:1069A00001433160207880060CD5E1695846DBF858
:1069B000002002F07002914204D2026822F07002BC
:1069C0000A43026000F09AF80E492A682B68C2F365
:1069D000032203F00F038A5CC95C02F01F0201F07E
:1069E0001F01D040084A20FA01F1116007490860F0
:1069F00007480068BDE8F05FFEF7ECBD00200052DC
:106A00001844025804480108180000241400002407
:106A10000C00002470B5144C3F220260124A246816
:106A20000832131D114D04F00704446016681C1D44
:106A300006F470668660166806F00F06C660126877
:106A400002F0700202611A6802F0700242611A6874
:106A500002F4E0628261226802F07002C26128687A
:106A600000F00F00086070BD104402580020005272
:106A700030B500F043F80B4A0B490C4B156814680D
:106A8000C5F3032204F00F048A5C095D02F01F02C3
:106A900001F01F01D040064A20FA01F11960106090
:106AA000084630BD18440258044801081800002464
:106AB0001400002400B5FFF7DBFF05490968054A0B
:106AC000C1F30211515C01F01F01C84000BD00007C
:106AD0001C4402580448010800B5FFF7C9FF0549E6
:106AE0000968054AC1F30221515C01F01F01C84049
:106AF00000BD00001C44025804480108454970B517
:106B000045480968434B103B11F0380208D0011189
:106B1000082A03D0102A0BD0182A0BD0084670BDC3
:106B200019688906FBD51968C1F3C101C84070BD59
:106B30003A4870BD3749374D18310C1D24350A6865
:106B4000096826682D6802F0030406F00102C1F30B
:106B50000511C5F3CC0515FB02F200EE102AB8EEC4
:106B6000400AE9B32F4ADFED2E0AB7EE001A6CB1E6
:106B7000DFED2D1A012C01D0022C43D002EE101AA9
:106B80001068F8EE422A81EEA22A1EE01C68A406D4
:106B900011D51B6801EE901A1168C3F3C103F8EE1A
:106BA000612AD84001EE900AC1F30800F8EE611A9C
:106BB00081EEA22A0BE001EE901ADFED1C2A00BF45
:106BC000F8EE611A106882EEA12AC0F3080001EE07
:106BD000900AF8EE611A40EE201A31EE810A00E0C8
:106BE00015E022EE000A1068C0F34620401C00EEBB
:106BF000900AF8EE600A80EE201ABCEEC10A10EE90
:106C0000100A70BD01EE901ADFED092AD8E70020C6
:106C100070BD0000104402580090D00300127A00AA
:106C200000000039304402580024744A0024744C97
:106C30000024F44AF0B50D461F49204C002887B0C7
:106C400016464FF000004FF002020F684FF00303AA
:106C500019D047F004070F60096801F0040105919D
:106C600011020091CDE90120CDE9033014486946B5
:106C7000FEF74EFA206845EAC61120F07E40084330
:106C8000206007B0F0BD47F001070F60096801F010
:106C9000010105914FF480710091CDE90120CDE90A
:106CA000033008486946FEF733FA2068354320F080
:106CB000FE702843E4E70000E04402581044025804
:106CC00000080258000002582DE9F05F04007DD052
:106CD000FF4F2078FE4D1837DFF8F493103DC007C2
:106CE00048D0D9F80000396800F03800102815D0D5
:106CF000182803D101F0030002280FD06068B0F516
:106D0000803F12D010B1B0F5A02F18D0286820F421
:106D100080302860286820F4802009E028688003FB
:106D200028D560680028D2D024E0286840F480305C
:106D30002860606888B1FEF719FB064609E02868FC
:106D400040F480202860F0E7FEF710FB801B6428E9
:106D50006FD828688003F7D50CE0FEF707FB0646DE
:106D600005E000BFFEF702FB801B6428F0D828680E
:106D70008003F7D4207841F20308D54E0C3E8007FB
:106D800069D5D9F80000396810F038000ED01828FD
:106D900001D188070AD0E06890B3296821F0190171
:106DA00001432960FEF7E2FA824631E02868400795
:106DB00002D5E06800288AD0E168286820F0190030
:106DC00008432860FEF7D2FA824607E0DFE000BF02
:106DD000FEF7CCFAA0EB0A000228B9D828684007D1
:106DE000F6D500BFFEF7BCFA40451BD82069402805
:106DF00012D0316821F47C3141EA003030602AE061
:106E000018E000BFFEF7B2FAA0EB0A0002289FD8F4
:106E100028684007F6D5E5E7306820F47C3040F478
:106E20000030EBE7207C316821F0FE4141EA006050
:106E3000E4E70DE1286820F001002860FEF796FAEB
:106E4000824605E0FEF792FAA0EB0A0002288DD8F0
:106E500028684007F6D42078C0065DD5D9F8000030
:106E6000DFF86CB2396800F03800ABF1040B082889
:106E700010D0182803D101F0030001280AD0E069DE
:106E80000028286838D040F080002860FEF76EFAAD
:106E9000824623E02868C00523D5E069802876D1A2
:106EA0001FE0206A202821D0316821F0F84141EA12
:106EB0008060306030E000BF94F82010DBF80020E4
:106EC00022F07C5242EA0161CBF8001024E000BFBE
:106ED000FEF74CFAA0EB0A00022898D82868C005F3
:106EE000F6D5FEF73DFA4045E6D8DAE7306820F0FF
:106EF000F84040F08040DCE720F080002860FEF79A
:106F000035FA064605E000BFFEF730FA801B02287E
:106F10009DD82868C005F7D42078000729D56C488B
:106F20006169643000298046016811D041F0010197
:106F30000160FEF71BFA064605E000BFFEF716FAF1
:106F4000801B0228C9D8D8F800008007F6D510E0C9
:106F500021F001010160FEF709FA064605E000BFD5
:106F6000FEF704FA801B022872D8D8F800008007C8
:106F7000F6D42078800623D5A0690028286810D090
:106F800040F480502860FEF7F1F9064605E036E14E
:106F9000FEF7ECF9801B02285AD828688004F7D540
:106FA0000EE020F480502860FEF7E0F9064604E089
:106FB000FEF7DCF9801B02284AD828688004F7D441
:106FC000207840074FD5DFF80C81D8F8001041F445
:106FD0008071C8F80010FEF7C9F9064605E000BF49
:106FE000FEF7C4F9801B642832D8D8F80000C00529
:106FF000F6D5374EA068603601280AD008B10528BA
:1070000013D0306820F001003060306820F00400B8
:1070100002E0306840F001003060A06841F2883A38
:1070200090B1FEF7A3F980460AE0306840F0040012
:107030003060EEE7FEF79AF9A0EB0801514507D85A
:1070400030688007F6D50EE0FEF790F9804607E03D
:1070500084E000BFFEF78AF9A0EB080151457DD816
:1070600030688007F6D4606AB0B3DFF86480D9F87E
:10707000001008F120084FF6F87B08F10409C1F36D
:10708000C2010329A8F1040A69D00228286820F067
:107090008070286003D0FEF769F9044684E0FEF7AB
:1070A00065F9064605E000BFFEF760F9801B02287F
:1070B00077D828688001F7D4E26A40F2F331386863
:1070C00054F8283F884340EA02101843386004E02F
:1070D0001044025800480258B5E0217B43462289FB
:1070E0004FF4FE0C208A4FF0FE474902267D521EC7
:1070F000401EA1F50071C2F308088AB2761E0CEAA0
:10710000004042EA08020243504607EA06610A4389
:107110001A60DAF8002022F00102CAF80020D9F83B
:107120000020266A22EA0B0242EAC602C9F80020C1
:10713000DAF80010A26921F00C011143CAF800101E
:107140000168E26921F0020111430160016841F424
:1071500080310160016841F4003101E021E027E065
:107160000160016841F480210160016841F0010182
:107170000160286840F080702860FEF7F7F8044648
:1071800005E000BFFEF7F2F8001B022809D82868C6
:107190008001F7D557E000BFFEF7E8F8001B022892
:1071A00002D90320BDE8F09F28688001F4D44AE0AA
:1071B00039680128D8F8000021D0A26A01F0030341
:1071C00093421CD1E26AC1F305118A4217D1216BA7
:1071D000C0F30802491E8A4211D1616BC0F34622F6
:1071E000491E91420BD1A16BC0F30642491E914248
:1071F00005D1E16BC0F30660491E814201D0012038
:10720000D0E7A16C4E46D9F80000C0F3CC00814213
:1072100019D0DAF80000554620F00100CAF8000045
:10722000FEF7A4F84FEA0007FEF7A0F8B842FBD03B
:10723000A26C306820EA0B0040EAC2003060286887
:1072400040F0010028600020ACE7704770477047AD
:10725000704700002DE9FC5F0446806B0E46032159
:1072600084F83010002703285CD0B6F5004F59D0C1
:10727000B6F5804F4FF000054FF400684FF080697D
:1072800004D006B3606B40F000603FE00095002141
:107290000195206804F002F980011CD4694620465B
:1072A00004F0A0FA70BB019840032DD5B4F8441047
:1072B0002068090403F0A6FD20BB206802211DE020
:1072C000606B284322E0009500210195206804F0BE
:1072D000E5F8800101D54546F2E76946204604F00D
:1072E00081FA78B90198C0030ED5B4F8441020682B
:1072F000090403F087FD28B92068002103F0CCFDC4
:107300000028DDD00546DBE74D46D9E76063606BBA
:107310004FF4007BDFF8B8A040B121680127C1F825
:1073200038A042E0606B40F08050EFE700214FF45E
:107330008030FEF707FC010032D0264D3346D4E9F9
:1073400004C0B1FBF5F8D4E90192804510D9A66DCF
:107350005E450DD0B6F5807F11D04FEA6506E0B1ED
:107360004FEA4008B1FBF8F8B04501D9B1FBF5F0A0
:107370004946CDE900C0206804F094F815E0164EA7
:1073800030B14FEA4008B1FBF8F8A84502D8EFE762
:10739000A942EDD9B1FBF6F0EAE7B142E6D8E7E75A
:1073A000606B012740F0006060632068594603F07D
:1073B0005AFD30B122680127C2F838A0616B014341
:1073C0006163012084F830003846BDE8FC9F00006E
:1073D000FF0FE01F80F0FA0200E1F50570470000A2
:1073E000F0B5C26D920F0A70C26DC2F383624A702B
:1073F000C26DC2F301628A70C26D120CCA70B0F81D
:107400005C20120A0A7190F85C204A71026E120D1B
:10741000CA80026EC2F303420A72B0F86020C2F35F
:10742000C0324A72B0F86020C2F380328A72B0F87B
:107430006020C2F34032CA72B0F860200026C2F366
:1074400000320A734E730122836B4FF4007463B1F0
:10745000012B3AD0036850499963416B41F0805148
:10746000416380F830200120F0BDB0F86030456EF7
:107470009B051B0D43EA95730B61436EC3F3C26317
:107480000B75436EC3F302634B75436EC3F34253F4
:107490008B75436EC3F38243CB75436EC3F3C23324
:1074A0000B760D696D1C85640B7E03F007039B1C36
:1074B0009D4085640B7A446503F00F0302FA03F3E1
:1074C0005F0A7D43C0E913350EE090F86050436ECB
:1074D000AD06AD0A45EA13430B610B695B1C9B02C9
:1074E0008364C0E913434465B0F86430C3F3803368
:1074F0004B76B0F86430C3F3C6138B7690F86430E3
:1075000003F07F03CB76836EDB0F0B77836EC3F3C1
:1075100041734B77836EC3F382638B77836EC3F3C0
:107520008353CB77836EC3F3405381F8203081F8C7
:107530002160836EC3F3004381F82230B0F86830D5
:10754000C3F3C03381F82330B0F86830C3F380331D
:1075500081F82430B0F86830C3F3403381F8253027
:10756000B0F86830C3F3003381F82630B0F86830E3
:10757000C3F3812381F82730B0F86830C3F30123C7
:1075800081F8283090F86800C0F3460081F829009F
:1075900081F82A200020F0BDFF0FE01F826B0A60F7
:1075A000C26B4A60026C8A60426CCA60826C0A617B
:1075B000C26C4A61026D8A61406DC86100207047EB
:1075C00070B5B0F84410002504460068090403F0C3
:1075D00050FD18B1616B0143616304E02068002134
:1075E00003F05CFF0546C5F3432070BD2DE9F04173
:1075F000054690F8300090B00C460026032810D0C5
:107600006946284604F036FA2A4F4FF0010860B167
:107610002A68012697636A6B02436A6385F83080A3
:107620003AE0012010B0BDE8F08100994FF47F40AE
:10763000C1F3811121700099C1F34011617000996B
:107640000A4600EA112141EA12616180019909BAF2
:107650006160029921720299090A61720299C1F36B
:107660000351A172DDE9022100EA1240C9B20843C8
:10767000A0810398C0F38520A0730398C0F3012074
:10768000E0730398C0F303102074039800F00F0018
:1076900060740498000EA07428684FF4007103F021
:1076A000E2FB28B12A6801269763686385F8308079
:1076B0003046B7E7FF0FE01F2DE9F84304460068A6
:1076C000E56A416B09041BD5290719D5D4E909508E
:1076D000202813D30026206803F0FAFE020A28703F
:1076E000010C6A70030EA970761CEB70082E05F170
:1076F0000405F0D3A06A2038C4E90950BDE8F88336
:10770000416B0127DFF8EC810026C90551D539020C
:107710004CF23A12816329072068C16B21EA020109
:10772000C1632068C16B21F08051C1632068C168CA
:1077300021F04001C16018D515F0220F09D0206852
:1077400003F0E4FC28B1616B014361632046FFF75D
:1077500045FE2168AA07C1F8388084F83070E662D7
:1077600023D1204600F03EFAC8E72806C6D5206897
:1077700015F0220F86622068C6622068066509D06F
:10778000206803F0C3FC28B1616B014361632046AC
:10779000FFF724FE15F0300F84F83070E66202D057
:1077A000204600F01FFAA807A8D0204600F016FADD
:1077B000A4E7416B490421D529071FD5D4E9075017
:1077C00020289BD3002628780090697840EA012081
:1077D0000090A97840EA01400090E9782D1D40EA28
:1077E000016000902068694603F08AFE761C082E2E
:1077F000E9D3206A2038C4E907507FE7416B11F0D4
:107800003A0F416B58D0890703D5616B41F00201F3
:107810006163416B090703D5616B41F00801616346
:10782000416B890603D5616B41F020016163416BB7
:10783000C90603D5616B41F010016163C0F838805F
:107840002068C16B21F49D71C1632068C16821F07B
:107850004001C1602068C16A41F40051C1622068E2
:10786000C16841F08001C160206803F04FFC626B89
:107870002B074FF4006140EA020060632068C26891
:1078800022F08002C2602068816303D584F83070E2
:10789000E6620DE028068BD5606B002888D0206852
:1078A000C16B21F08051C1632068066584F8307097
:1078B0002046FFF793FD21E7C9009ED54FF0805188
:1078C00081632068006D40074FEA856008D4002876
:1078D000204602DAFFF7BCFC10E7FFF7B7FC0DE724
:1078E0000028204602DAFFF7B2FC07E7FFF7ADFCFD
:1078F00004E700003A0F0018F0B5040085B020D06E
:1079000094F83000002518B92046257600F098F844
:10791000042084F83000204600F03CF888B969461D
:107920002046FFF763FE60B99DF81010A26B9DF82A
:107930001100012A08D0A5652046E168FFF78AFCFE
:1079400058B1012005B0F0BD014302D04FF40070E2
:1079500001E04FF48070A065EEE7FDF707FD012719
:10796000064604E0FDF702FD801B401C0AD02046BD
:10797000FFF726FE0428F5D16563E56284F83070D0
:107980000020DFE74FF00040606384F83070032090
:10799000D8E700002DE9FC414FF0000804464FF401
:1079A00080304146FEF7CEF805004FF0010723D0A6
:1079B0002048434642464146B5FBF0F6CDE90086F5
:1079C000206803F06FFD206803F07CFD1EB170009D
:1079D000B5FBF0F52DB11848B0FBF5F0401CFDF7F4
:1079E00079FB204603F0ECFF60B100BF84F83070F3
:1079F000616B0143616319E04FF0006084F83070FF
:107A0000606313E0204603F05FFF0028EED120689A
:107A10004FF4007103F027FA002808D022680749C4
:107A20009163616B0143616384F830700120BDE8AC
:107A3000FC81000000350C0010210100FF0FE01F49
:107A4000F0B5B7B00446142130A8F8F797FFC0216D
:107A50006846F8F793FF27492068884247D10020FD
:107A600014904FF480310446CDE900106846FEF7CB
:107A7000CDF908B1FAF741FF1F48016841F48031A0
:107A80000160006800F4803035901B480C300168BC
:107A900041F004010160016801F0040135910168C1
:107AA00041F0080101600068022532AA00F00800D8
:107AB00035904FF4F850CDE9300503260F480C27D8
:107AC00082E8D00030A9FDF723FB042032AACDE9DB
:107AD00030050B4830A982E8D000FDF719FB0022E1
:107AE00006213120FDF7D8FD3120FDF7C7FD37B065
:107AF000F0BD000000700052D44402580008025843
:107B0000000C02582DE9F0430F001E4687B00446D2
:107B1000154607D094F83000012807D0022007B09E
:107B2000BDE8F083606B40F0006008E0216D00204C
:107B3000AA1960638A4204D9606B40F000706063E8
:107B400041E0032184F8301022687102D062C4E958
:107B50000971A26B012A00D06D024FF0020C902334
:107B60000293CDE903C04FF0FF320590CDE900212B
:107B700080462068694603F027FB2068012E4FF0FD
:107B80000109C26842F04002C2602068876520682F
:107B9000C0F8509006D98220E0622068294603F0A0
:107BA000D3F905E08120E0622068294603F0E6F978
:107BB00058B125680849A963616B0143616384F882
:107BC0003090C4F82C800120A9E72068C16B41F4F3
:107BD0009571C1630020A2E7FF0FE01F10B5FAF70F
:107BE000D7FB10BD10B5FAF7E9FB10BD2DE9F04742
:107BF0000F001E4686B00446154607D094F83000A4
:107C0000012807D0022006B0BDE8F087606B40F085
:107C1000006008E0216D0020AA1960638A4204D93F
:107C2000606B40F00070606340E0032184F8301026
:107C300022687102D062C4E90771A26B012A00D0E8
:107C40006D024FF0FF324FF0900A0590CDE902A08F
:107C5000CDE90021049080462068694603F0B4FA1B
:107C60002068C16841F04001C16020684FF00109FF
:107C70008765012E2168C1F8509006D9A020E062E6
:107C80002068294603F06CFA05E0C4F82CA02946C8
:107C9000206803F07FFA58B12568094AAA63626B2D
:107CA0000243626384F83090C4F82C800120AAE774
:107CB0002068C16B41F48D71C1630020A3E700000F
:107CC000FF0FE01F2DE9F047040029D0594A4FF07B
:107CD00000092068584B594D9042C4F8289006D0AE
:107CE000984204D0A84202D0E1680F2918D8E16870
:107CF0004FF0010AE76B0831C9080AEB57167143C8
:107D0000904205D0984203D0A84201D0082907D854
:107D1000904203D0984201D0A84204D1102902D940
:107D20000120BDE8F08794F8810020B9204684F84E
:107D3000809000F085F8022084F8810020680168B6
:107D400021F0010101602068A1698268B1F1806FB2
:107D500002F4F81110D16268B2F5800F01D01AB1A7
:107D60000AE0A26B22B107E0A26BB2F1805F03D1FF
:107D7000026842F4805202606068400209D5E068FF
:107D8000072806D32068236D026822F480721A4304
:107D900003E02068026822F480720260A66AE0694B
:107DA000E26B25683043E3680A4310431843A86038
:107DB000D4E90D02D4E90581636A25691843D4F832
:107DC00020C00A43266810432843A56DD4E90172F8
:107DD000D4E9123140EA080040EA0C003843084375
:107DE000104318432843F060606868B920688168D0
:107DF00021F4C05141F4006181602068816821F460
:107E0000C06141F4806181602068016D21F0010151
:107E100001656068400206D52068626DC16821F086
:107E200000411143C160C4F8849084F881A000200F
:107E300077E700000030014000380040003C00407F
:107E4000F0B5B7B00446142130A8F8F797FDC0216B
:107E50006846F8F793FD3649022620680527334D1A
:107E60000024884223D1811418940020CDE9001009
:107E70006846FDF7CBFF08B1FAF73FFD2B481030FD
:107E8000016841F480510160006800F48050359031
:107E9000286840F001002860286830A900F001003F
:107EA0003590E02030902348CDE9316437E0224915
:107EB000884238D1811418940020CDE9001068461A
:107EC000FDF7A4FF08B1FAF718FD1848083001685B
:107ED00041F480410160006800F4804035902868DA
:107EE00040F004002860286800F0040035902868FD
:107EF00040F008002860286830A900F0080035909C
:107F000006203090CDE931640C48CDE93347FDF7C8
:107F1000FFF8082030900A4830A9CDE93164CDE956
:107F20003347FDF7F5F837B0F0BD0000E0440258E4
:107F3000003001400000025800380040000802589C
:107F4000000C0258024A136883430B4313607047C6
:107F5000040400587047704770470000F0B590F86F
:107F60003C20012A3BD01F4E012480F83C400222D5
:107F700080F83D2002681C4D5368B242D2F808C018
:107F800001D0AA4203D14F6823F470033B430F682A
:107F900023F070031F4357600268B24213D0B2F15E
:107FA000804F10D0114B9A420DD0114B9A420AD0FB
:107FB000104B9A4207D0AA4205D00F4B9A4202D0EA
:107FC0000E4B9A4204D189682CF0800319439160CA
:107FD000002180F83D4080F83C100846F0BD0220AA
:107FE000F0BD00000000014000040140000400401A
:107FF00000080040000C0040001800400040014014
:1080000010B5040003D094F83D0010B107E0012042
:1080100010BD002084F83C00204600F023F8022028
:1080200084F83D002068211D04F05AF8012084F8EE
:10803000480084F83E0084F83F0084F8400084F84B
:10804000410084F8420084F8430084F8440084F836
:10805000450084F8460084F8470084F83D0000207D
:1080600010BD000008B501682A48B1F1804F0BD05F
:10807000294A914210D1016841F002010160006873
:1080800000F00200009008BD016841F001010160AC
:10809000006800F00100F5E7204A914207D101682D
:1080A00041F004010160006800F00400EAE71C4AA6
:1080B000914207D1016841F008010160006800F0B9
:1080C0000800DFE7174A91420ED1016841F0100124
:1080D000016000680022052100F0100000903620A9
:1080E000FDF7DAFA362010E00F4A9142CBD1016851
:1080F00041F02001016000680022052100F020000D
:1081000000903720FDF7C8FA3720BDE80840FDF79A
:10811000B5BA0000E84402580004004000080040DE
:10812000000C0040001000400014004090F83D108A
:10813000012901D001207047144B0222016880F808
:108140003D20994214D0B1F1804F11D010488142A6
:108150000ED0104881420BD00F48814208D00F4802
:10816000814205D00E48814202D00E48814207D19B
:1081700088680D4A1040062806D0B0F5803F03D02D
:10818000086840F0010008600020704700000140CE
:108190000004004000080040000C004000040140C2
:1081A00000180040004001400700010090F83D1019
:1081B000012901D001207047174A022180F83D10A3
:1081C0000168CB6843F00103CB600068904214D093
:1081D000B0F1804F11D0114988420ED01049884229
:1081E0000BD01049884208D00F49884205D00F496A
:1081F000884202D00E49884207D181680D4A114059
:10820000062906D0B1F5803F03D0016841F0010195
:1082100001600020704700000000014000040040A1
:1082200000080040000C004000040140001800401D
:108230000040014007000100016841F21113CA68C3
:1082400022F00102CA6001680A6A1A4207D10A6A6A
:108250009B101A4203D10A6822F001020A60012130
:1082600080F83D100020704770B5044690F83C003F
:108270000025012814D03A4B012684F83C600220E6
:1082800084F83D0022689068184020F47F40906098
:10829000086870282FD010DC10F00F0F03D022E0F8
:1082A0004FF0020070BD4FEA2012072A1BD2DFE810
:1082B00002F0535353534B394100B0F1101F4BD0D0
:1082C00009DCB0F5805F0FD0B0F5005F1ED0B0F5CF
:1082D000801F08D140E0A0F5801120393CD0102942
:1082E0003AD0202938D0012584F83D60002084F858
:1082F0003C00284670BD4A682068D1E9021303F0AB
:1083000064FF2068816841F0770109E04A682068CD
:10831000D1E9021303F059FF2068816841F48041DC
:108320008160E1E7CA684968206804F0FBF82068CA
:10833000502106E0CA684968206804F004F9206802
:10834000602103F04BFFCFE7CA684968206804F05A
:10835000E9F820684021F4E7226801461046F0E77A
:1083600088FFCEFF70472DE9F041044600680027E2
:10837000C6680569A90713D5B10711D5FA1E0261B0
:1083800001212177206880698007204602D0FFF70D
:10839000E9FF04E000F0E4F8204600F0A6F92777B2
:1083A000680716D5700714D5226802206FF0040103
:1083B000116120772068806910F4407F204602D048
:1083C000FFF7D0FF04E000F0CBF8204600F08DF975
:1083D0002777280715D5300713D5226804206FF0BA
:1083E0000801116120772068C0698007204602D00B
:1083F000FFF7B8FF04E000F0B3F8204600F075F98D
:108400002777E80616D5F00614D5226808206FF005
:108410001001116120772068C06910F4407F204668
:1084200002D0FFF79FFF04E000F09AF8204600F02A
:108430005CF92777E80708D0F00706D021686FF0CD
:1084400001000861204600F0D9F9280601D4A804EB
:1084500008D5300606D521686FF402500861204621
:10846000FFF779FDE80508D5300606D521686FF4D9
:10847000807008612046FFF76DFD680608D570061C
:1084800006D521686FF040000861204600F0D8F959
:10849000A8060AD5B00608D521686FF0200008614B
:1084A0002046BDE8F041FFF757BDBDE8F081000070
:1084B00030B587B0044614216846F8F75FFA2368A0
:1084C000002121480222B3F1804F4FF0010415D062
:1084D0001E4DAB4223D1036843F0020303600068E2
:1084E000009400F002000590CDE90121CDE90312CE
:1084F00017486946FCF70CFE07B030BD036843F02F
:1085000001030360006800F0010005900F20009057
:10851000CDE90121CDE903140E486946EAE70E4C86
:10852000A342E9D1036843F008030360006800F048
:10853000080005904FF470400090CDE90121CDE98D
:10854000031206486946D5E7E0440258000400409B
:10855000000402580000025800080040000C0258B5
:10856000704770B5044690F83C0000260D4601287F
:108570000BD0012084F83C000C2A4AD007DC82B1E1
:10858000042A20D0082A06D131E0022070BD102A2A
:1085900053D0142A63D00126002084F83C003046D2
:1085A00070BD206803F024FE2068816941F0080155
:1085B00081612068816921F00401816120682A6954
:1085C0008169114311E0206803F064FE206881692D
:1085D00041F4006181612068816921F480618161D9
:1085E00020682969826942EA01218161D4E7206813
:1085F00003F09CFE2068C16941F00801C161206858
:10860000C16921F00401C16120682A69C16911436F
:1086100011E0206803F0D6FE2068C16941F40061D2
:10862000C1612068C16921F48061C1612068296944
:10863000C26942EA0121C161AEE7206803F0FEFE93
:108640002068416D41F0080141652068416D21F0CD
:108650000401416520682A69416D114311E02068D9
:1086600003F026FF2068416D41F4006141652068F8
:10867000416D21F48061416520682969426D42EABB
:108680000121416588E710B5040003D094F83D004E
:1086900010B107E0012010BD002084F83C00204606
:1086A00000F022F8022084F83D002068211D03F02C
:1086B00017FD012084F8480084F83E0084F83F004C
:1086C00084F8400084F8410084F8420084F84300B4
:1086D00084F8440084F8450084F8460084F8470094
:1086E00084F83D00002010BD7047704730B5044647
:1086F0004FF0020269B1042912D0082917D00C29C1
:108700001CD0102921D094F84300012824D0012046
:1087100030BD94F83E000128F9D184F83E201DE0D8
:1087200094F83F000128F2D184F83F2016E094F835
:1087300040000128EBD184F840200FE094F841007C
:108740000128E4D184F8412008E094F8420001288F
:10875000DDD184F8422001E084F843200122206822
:1087600003F026FD1B4B20681B491C4A984209D088
:10877000884207D0904205D0194DA84202D0194D29
:10878000A84203D1456C45F40045456420689842F1
:1087900012D0B0F1804F0FD0134B98420CD0134B36
:1087A000984209D0124B984206D0884204D0114911
:1087B000884201D0904207D181680F4A11400629B2
:1087C00006D0B1F5803F03D0016841F0010101609E
:1087D000002030BD00000140000401400040014085
:1087E00000440140004801400004004000080040EF
:1087F000000C0040001800400700010010B50C49B3
:1088000004460068884201D1FCF7AEFE09492068A1
:10881000884203D108480168491C01600749206863
:10882000884203D1BDE81040F9F7F6BD10BD000045
:1088300000480140001400400000002400100040E7
:10884000704730B590F88410012918D0012280F8C3
:1088500084202421C0F888100022202401680B689D
:108860000D6823F0005325F001050D604266016894
:108870000B60C0F8884080F88420104630BD02208C
:1088800030BD7047704770B5044690F884000128E9
:108890001DD0012284F884202420C4F88800206898
:1088A0000568026822F0010202602068826822F0F6
:1088B00060620A438260204604F002FA22682021A6
:1088C00000201560C4F8881084F8840070BD022070
:1088D00070BD70B5044690F8840001281DD00122B7
:1088E00084F884202420C4F8880020680568026881
:1088F00022F0010202602068826822F060420A438E
:108900008260204604F0DCF92268202100201560F6
:10891000C4F8881084F8840070BD022070BD7047D0
:108920007047000070B50446216851E8000F20F43C
:10893000907041E80002002AF6D1244A20680830ED
:1089400050E8001F114040E80013002BF6D1E06E04
:10895000012808D1216851E8000F20F0100041E8FB
:108960000002002AF6D1206800258068400618D54C
:108970002068083050E8001F21F0400140E8001254
:10898000002AF5D1D4F8800058B10565D4F88000EC
:10899000FBF708FA28B1D4F88000FBF7F5FC202893
:1089A0000FD00F20A4F85E502268202110622068AA
:1089B000826942F008028261C4F88C10E5660020EA
:1089C00070BD1020C4F89000032070BDFEFFFFEFC3
:1089D000704700002DE9F04107680025044640F685
:1089E0000F030226F8693968BA6818420AD183066B
:1089F0007ED501F0200302F0805C53EA0C0377D0AF
:108A0000616F74E1CF4BDFF840C3134001EA0C0CF7
:108A100053EA0C0C6CD05FEAC07C0CD05FEAC15CFE
:108A200009D54FF0010CC7F820C0D4F8907047F07A
:108A30000107C4F89070870709D5D70707D02768C2
:108A40003E62D4F8906046F00406C4F89060460791
:108A50000AD5D60708D0276804263E62D4F890606D
:108A600046F00206C4F8906006070CD501F0200617
:108A70001E4308D0266808233362D4F8903043F0B0
:108A80000803C4F8903003050BD54B0109D52668BF
:108A90004FF400633362D4F8903043F02003C4F8FD
:108AA0009030D4F89030002B3DD0800609D501F0ED
:108AB000200002F08051084303D0616F09B12046C5
:108AC00088472168D4F890008968490602D410F0DC
:108AD000280F2AD0204604F075FA206880684006E6
:108AE0001ED52068083050E8001F21F0400100E04A
:108AF00021E040E80012002AF3D1D4F8800078B1D8
:108B000092490165D4F88000FBF7FCFA00280AD0EE
:108B1000D4F88000016D00E02046BDE8F041084730
:108B20002046FFF755FFBDE8F0812046FFF750FFD4
:108B3000C4F89050F7E7D4F86CC02023BCF1010FC3
:108B40007ED15FEAC06C7BD55FEAC16C78D510201E
:108B5000386220688068400673D5D4F880107C4A5B
:108B60000868904234D07A4A1832904230D0784A1D
:108B7000303290422CD0764A4832904228D0744A03
:108B80006032904224D0724A7832904220D0704AAB
:108B9000903290421CD06E4AA832904218D06D4A52
:108BA000904215D06B4A1832904211D0694A303247
:108BB00090420DD0674A4832904209D0654A6032EF
:108BC000904205D0634A7832904201D0614A903297
:108BD00040680004000CA6D0B4F85C208242A2D900
:108BE000A4F85E00C869B0F5807F2FD0216851E8F5
:108BF000000F20F4807041E80002002AF6D12068BE
:108C0000083050E8001F21F0010140E80012002A5E
:108C1000F5D12068083050E8001F21F0400140E8FD
:108C20000012002AF5D1C4F88C30E566216851E8BD
:108C3000000F20F0100041E80002002AF6D101E008
:108C400040E00BE0D4F88000FBF7ACF82667B4F8FE
:108C50005C00B4F85E10401A81B22FE0B4F85C00FA
:108C6000B4F85E10B4F85E20401A81B2002AB2D087
:108C70000029B0D0226852E8000F20F4907042E83A
:108C80000007002FF6D1344F206800F1080050E8AB
:108C9000002F02EA070240E8002CBCF1000FF3D1DC
:108CA000C4F88C30E5666567206850E8002F22F034
:108CB000100240E80023002BF6D126672046FFF77C
:108CC000E0FD30E7C60209D5560207D54FF4801003
:108CD00038622046BDE8F041FFF722BE06060AD5FD
:108CE00001F0800602F40002164304D0A16F0029AF
:108CF0007FF412AF17E7420611D54A060FD520467A
:108D0000026852E8001F21F0400142E80014002CE4
:108D1000F6D1C0F88830856700F0DEFB03E7020279
:108D200006D54A0004D52046BDE8F041FFF7F7BD5F
:108D3000C001C6D50029C4DA2046BDE8F041FFF7DE
:108D4000A1BD0000010000102001000477CE000842
:108D50001000024010040240FEFFFFEF10B50400B7
:108D600003D0D4F8880010B107E0012010BD002026
:108D700084F88400204600F027F82420C4F88800F6
:108D80002068016821F001010160A06A10B120464D
:108D900003F0B8FF204604F057F90128E6D0206818
:108DA000416821F4904141602068816821F02A01E6
:108DB00081602068016841F0010101602046BDE842
:108DC000104004F003B800002DE9F04FB7B005469D
:108DD000142130A8F7F7D2FDC0216846F7F7CEFD81
:108DE000FF4C0226FF494FF0030B2868083CDFF8D0
:108DF000F093770288424FF0000843D10020CDF86D
:108E000078800222CDE900206846FCF7FFFF08B118
:108E1000F9F773FDD9F8001041F40021C9F80010EA
:108E2000D9F8000000F400203590206840F00800D8
:108E3000206020680821CDF8C0B0444600F008004A
:108E4000CDE93168CDF8CC80CDE93410E64830A9C1
:108E5000FCF75EF9E54E3F21E54886E81300C6E9D8
:108E6000034774613046B461F46134627462FBF7A5
:108E700001FE08B1F9F741FDC5F88060B56337B070
:108E8000BDE8F08FDB4988424BD10020CDF87880D7
:108E90000222CDE900206846FCF7B8FF08B1F9F7D7
:108EA0002CFDD9F8001041F48011C9F80010D9F850
:108EB000000000F480103590206840F0020020602F
:108EC00020680E21444600F0020035904FF44050D7
:108ED0003090CDE93168CDE93381C74830A9FCF73E
:108EE00017F9C64E4121C248303830604FF4403047
:108EF000C6E90114C6E903477461B461C6E90740D5
:108F000030467462FBF7B6FD08B1F9F7F6FCC5F818
:108F1000806000220521B5633520FCF7BDFB3520BC
:108F20009DE0B7494FF0070A88422BD10020CDF8C9
:108F300078800221CDE900106846FCF767FF08B190
:108F4000F9F7DBFCD9F8001041F08041C9F80010B6
:108F5000D9F8000000F080403590206840F0100003
:108F60002060206830AA4FF4C07100F0100082E841
:108F70004201CDE934A0A34830A9CDF8CC80FCF75C
:108F8000C7F87CE7A04988426CD10021CDF87880F1
:108F900002226846CDE90021FCF738FF08B1F9F755
:108FA000ACFCD9F8001041F00041C9F80010D9F824
:108FB000000000F000403590206840F01000206074
:108FC00020680821CDF8C0B0444600F01000CDE97B
:108FD0003168CDF8CC80CDE934108A4830A9FCF74F
:108FE00097F8DFF828824021814A522308F1080AC5
:108FF000404630328AE89200C8F81440C8F8184059
:10900000C8F81C40C8F82040C8E90023C8F824402C
:10901000FBF730FD08B1F9F770FC7D4E5121C5F822
:109020007C807C48C8F8385030604FF40030C6E986
:109030000114C6E903477461B461C6E907403046CC
:109040007462FBF717FD08B1F9F757FCC5F88060AB
:1090500000220521B5635320FCF71EFB5320FCF7CB
:109060000DFB0CE76C49DFF8B4B188424AD100210E
:10907000CDF87C8001226846CDE90021FCF7C6FED0
:1090800008B1F9F73AFCDBF8001041F01001CBF819
:109090000010DBF8000000F010003590206840F070
:1090A0000100206020684FF4C061309130A900F0C9
:1090B00001004446CDE93168CDF8CC80CDE934A03B
:1090C0005748FCF725F8574E402049492A2206F117
:1090D0000803603183E8910074613046B461F46143
:1090E00034627462C6E90012FBF7C4FC08B1F9F7F8
:1090F00004FCEE6700220521B5632520FCF7CCFABD
:109100002520ACE7484988424AD10020CDF8788034
:109110000222CDE900206846FCF778FE08B1F9F795
:10912000ECFBD9F8001041F40031C9F80010D9F86F
:10913000000000F400303590206840F00800206006
:1091400020686021309130A900F008004446CDE944
:109150003168CDF8CC80CDE934A02348FBF7D8FFA7
:10916000324E2B212248183030604FF44030C6E98F
:109170000114C6E903477461B461C6E9074030468B
:109180007462FBF777FC08B1F9F7B7FBC5F88060AC
:1091900000220621B5632620FCF77EFA26205EE732
:1091A0002349884276D10020CDF878800222CDE98B
:1091B00000206846FCF72AFE08B1F9F79EFBD9F8B3
:1091C000001041F48021C9F80010D9F8000000F423
:1091D00080203590206840F002002060206829E05F
:1091E000E8440258004C0040000C0258E40B0024F4
:1091F0004000024000500040000402585C0C002473
:109200000078004000100258007C0040D40C00247C
:109210004C0D00241004024000100140F04402589C
:1092200000000258C40D0024004400403C0E0024FD
:109230000048004000F0020044464FF44061309185
:10924000CDE93168CDE934A03A4830A9CDF8CC80D9
:10925000FBF75EFF384E2D21384830604FF48030E8
:10926000C6E90114C6E903477461B461C6E9074061
:1092700030467462FBF7FEFB08B1F9F73EFBC5F818
:10928000806000220921B5632720FCF705FA27201A
:10929000E5E6FFE72A4988427FF473AE0021CDF866
:1092A0007C8001226846CDE90021FCF7AFFD08B1C2
:1092B000F9F723FBDBF8001041F02001CBF8001098
:1092C000DBF8000000F020003590206840F004003A
:1092D00020602068C021309130A900F0040044468D
:1092E000CDE93168CDF8CC80CDE934A01548FBF745
:1092F0000FFF154E47211148603030604FF4803029
:10930000C6E90114C6E903477461B461C6E90740C0
:1093100030467462FBF7AEFB08B1F9F7EEFAC5F818
:10932000806000220521B5634720FCF7B5F947208E
:1093300095E6000000040258B40E00242800024004
:1093400000140140000802582C0F002430B4D0F85B
:109350008C30202B02D0022030BC7047A9B1A2B1C2
:109360000B4D00240368C466AB420BD05B681B0244
:1093700008D5046854E8003F43F0806344E80035B2
:10938000002DF6D130BC04F035B80120E4E7000030
:10939000000C0058704770472DE9F8430446D0F898
:1093A0008800984616460D46202802D00220BDE8C7
:1093B000F883A5B19EB10021C4F890102120C4F813
:1093C00088001834FBF7D2FF814654F8100CA687AA
:1093D000E6872027183CB0F5805F02D003E001202B
:1093E000E5E7206910B12E46002510E000260EE0CA
:1093F0008021204604F052F8C0B9DEB116F8010B06
:1094000021688862B4F85600401EA4F85600B4F8EB
:1094100056004B464FF00002CDF800800028E7D1FF
:109420004FF04001204604F039F848B1C4F8887084
:109430000320BCE735F8020B2168C0F30800E0E721
:10944000C4F888700020B2E770B50446D0F88800F0
:10945000202801D0022070BD39B332B3E06F002361
:1094600021652125A4F85420A4F85620C4F8903092
:10947000C4F88850D8B11549C163E16F1448086435
:10948000E16F1448C864E06F036513462068E56F18
:1094900000F12802216D2846FBF7CEFC38B11021DF
:1094A000C4F890102020C4F88800012070BD216805
:1094B000402008622068083050E8001F41F0800119
:1094C00040E80012002AF5D1002070BD7BCF0008D3
:1094D000BBCF00088BCE000870477047FEE7000046
:1094E00070B50178552902D14178512901D0012068
:1094F00070BD002301461A46521C11F8014BD2B22E
:1095000023440A2ADBB2F7D3097899427ED19FED32
:109510007A0BB0F902500024794A00F10B0101EEF8
:10952000105A2346B8EEC11B21EE001B82ED001B32
:10953000B0F9045001EE105AB8EEC11B21EE001B29
:1095400082ED021BB0F9065001EE105AB8EEC11BB5
:1095500021EE000B82ED040B11F8015B5B1C2C4427
:10956000DBB20A2BE4B2F7D30978A1424ED19FEDCA
:10957000651BB0F90D50002400F11601234600EEE2
:10958000105AB8EEC00B20EE010B82ED0C0BB0F9B7
:109590000F5000EE105AB8EEC00B20EE010B82ED1A
:1095A0000E0BB0F9115000EE105AB8EEC00B20EEC1
:1095B000010B82ED100B00BF11F8015B5B1C2C440A
:1095C000DBB20A2BE4B2F7D30978A14259D19FED5F
:1095D0004F0BB0F91850002300F121011C4601EE99
:1095E000105AB8EEC11B21EE001B82ED181BB0F91A
:1095F0001A5001EE105AB8EEC11B21EE001B82ED8D
:109600001A1BB0F91C5001EE105A00E039E0B8EE18
:10961000C11B21EE000B82ED1C0B00BF11F8015B9A
:10962000641C2B44E4B20A2CDBB2F7D309789942CC
:1096300027D100F12301466A9FED361B00240D78E7
:10964000234645EA062500EE105AB8EE400B82ED9F
:10965000240B866A0D79093145EA062500EE105A79
:10966000B8EE400B20EE010B82ED260B11F8015BEA
:109670005B1C2C44DBB20A2BE4B2F7D30978A1427D
:1096800001D0022070BDB0F92E109FED240B01EE29
:10969000101AB8EEC11B21EE001B82ED2A1BB0F997
:1096A000301001EE101AB8EEC11B21EE001B82ED46
:1096B0002C1BB0F9321001EE101AB8EEC11B21EECE
:1096C000001B82ED2E1BB0F9340001EE100A0020C1
:1096D000B8EEC11B21EE000B82ED300B00F062F8FA
:1096E000483292EC060B0F4AA2F10801A1F10800E2
:1096F000F8F7DCFA002070BD9A9999999999733F0F
:10970000A8570024000000000040AF3F0000000008
:109710000080763F7B14AE47E17A843F0000000072
:109720000000003FF86A0024184C4FF0FF3608B5DF
:109730000123002200961021E06A0AF033F8144950
:1097400037221448FFF702FE124800680168124DE4
:1097500041F010010160314628680AF067FC0F48AB
:10976000FFF7BEFE00282070F5D101F02FF80C485D
:1097700090ED260B80ED320B286831460AF056FC3E
:109780000648FFF7ADFE2070F6E70000AC000024AD
:109790002C570024280A00241C01002468570024A8
:1097A000A85700242DED0A8B40499FED41AB9FED5A
:1097B00042BB91ED1A8B91ED007B91ED026B91ED27
:1097C000045B91ED0C4B91ED0E3B91ED102B91ED67
:1097D0001C1B91ED180BB1EE488B60B3012862D1D0
:1097E0009FED379B39EE400B81ED1E0BB4EEC90B9C
:1097F000F1EE10FA03DD9FED34CB30EE4C0B81ED32
:109800001E0BB4EECA0BF1EE10FA04DCB4EECB0B77
:10981000F1EE10FA01D281ED1A8BB5EEC01BF1EE1C
:1098200010FA91ED1A0BB1EE400B81ED200B1DDD0E
:1098300031EE490B21E0B4EECA0B81ED1E0BF1EEC7
:1098400010FA04DCB4EECB0BF1EE10FA01D281ED8C
:109850001A8B91ED1A0B81ED200B81ED221B81ED0E
:10986000067B81ED086B81ED0A5B16E0B5EEC01B4F
:10987000F1EE10FA03D231EE090B81ED220BB1EEBD
:10988000470B81ED060BB1EE451B81ED086BB1EE88
:10989000444BB1EE422B81ED0A1B81ED124B81ED61
:1098A000143B81ED162BBDEC0A8B7047A8570024A2
:1098B000000000000080564000000000008056C0FC
:1098C000000000000080664000000000008076403C
:1098D00010B501280C460CD002280FD10846F6F727
:1098E0008DFF82B2064821460068BDE81040FFF7B0
:1098F000ABBDBDE8104003A0F6F74CBE10BD0000A4
:109900006C01002425730000054D4FF400742146BE
:109910002846FBF718FDFA2009F0A4FCF7E7000041
:10992000001002588068C0F3C00070478068C0F320
:1099300080007047C06810F4406F01D0002070476D
:109940000120704710B5042404EAD1540723C1F361
:10995000045120448B408A4041699943114341613D
:1099600010BD000070B588B01C216846F7F706F8F6
:10997000224C012004262249C2040025C4E9030622
:10998000C4E90012257502236575A3612077C4E937
:109990000805A562E5622563656384F83850E063D5
:1099A0002046F9F767FF08B172B6FEE71348A560D5
:1099B000F9F760FF08B172B6FEE70620114940F2E0
:1099C000FF72CDE90010CDE902020C486946CDE9ED
:1099D00004658DF81950F9F75DFD08B172B6FEE720
:1099E0000C210948CDE9000104486946F9F752FD08
:1099F000002801D072B6FEE708B070BD380300241D
:109A000000600258020030040004002A294808B50A
:109A1000016841F001010160016801F0010100915C
:109A2000016841F00201016000680022052100F098
:109A3000020000900B20FBF72FFE0B20FBF71EFE11
:109A4000002205210C20FBF727FE0C20FBF716FE59
:109A5000002205210D20FBF71FFE0D20FBF70EFE57
:109A6000002205210E20FBF717FE0E20FBF706FE55
:109A7000002205210F20FBF70FFE0F20FBF7FEFD54
:109A8000002205211020FBF707FE1020FBF7F6FD52
:109A9000002205211120FBF7FFFD1120FBF7EEFD51
:109AA000002205213820FBF7F7FDBDE808403820EB
:109AB000FBF7E4BDD844025810B503490348F8F752
:109AC0001EFF0349087010BD25000024144801083A
:109AD000240000242DE9F04F87B014216846F6F7E2
:109AE0004DFF7548016841F010010160016801F007
:109AF00010010591016841F004010160016801F065
:109B000004010591016841F080010160016801F0E4
:109B100080010591016841F001010160016801F0D7
:109B200001010591016841F002010160016801F045
:109B300002010591016841F00801016000680022FE
:109B4000DFF8789140F63C4100F008000590484667
:109B5000FBF701FC01224CF240214846FBF7FBFBDE
:109B6000DFF85C814FF40057002239464046FBF78E
:109B7000F2FBDFF850B1012210215846FBF7EBFB56
:109B8000012240463021FBF7E6FB4F48002248F215
:109B90000631FBF7E0FB4C48012244F22001FBF7C1
:109BA000DAFBDFF828A100224FF470615046FBF782
:109BB000D2FB012540F63C6002266946002403944E
:109BC0008DE861004846FBF7A3FA40206946CDE9DD
:109BD0000005CDE902564846FBF79AFACDE9026442
:109BE000CDE9007569464046FBF792FA10210091D5
:109BF00011206946CDE9010458460394FBF788FA21
:109C000030206946CDE90005CDE902564046FBF714
:109C10007FFA40F2063003948DE861002A486946D5
:109C2000FBF776FA4FF440506946CDE90004484608
:109C30000294FBF76DFA4FF440470097CDE90154C9
:109C4000694648460394FBF763FA00976946CDE9F5
:109C500001561D480396FBF75BFAB81169468DE87B
:109C6000610050460396FBF753FA381103948DE8D0
:109C7000610069465046FBF74BFA28020090CDE997
:109C800001646946584603940494FBF741FAE803DB
:109C90006946CDE9000458460294FBF739FA0321DE
:109CA0002020CDE90005CDE9026107486946FBF7B0
:109CB0002FFA07B0BDE8F08FE044025800100258B8
:109CC000000802580000025800040258000C025814
:109CD0001248002110B5104C0123114A0460C0E95C
:109CE0000121C0E9033141618161C1610162FBF77A
:109CF00099FB08B172B6FEE708480021FBF73CFB70
:109D000008B172B6FEE705480021FBF761FB0028A9
:109D100001D072B6FEE710BD005400409C03002441
:109D2000B634900070B5134807224FF48004104DEC
:109D300000212301C0E9021201611A01C0E90513E3
:109D4000C161016241628162C162C0E90D21C163EA
:109D5000016441648164C164016541658165C0E954
:109D60000054FDF7AFFF002801D072B6FEE770BDCA
:109D7000003001406C04002470B5144803224FF4F5
:109D80008005114E00212C01C0E902120161130768
:109D9000C0E90514C0E90731416222018162C16254
:109DA000C0E90D21C163016441648164C16401653E
:109DB00041658165C0E90065FDF784FF002801D099
:109DC00072B6FEE770BD000000380040F4040024C5
:109DD00010B58EB000241C21009407A801940294B1
:109DE0000394049405940694F6F7C8FD2F4842F2B4
:109DF0000F71C7224FF08043C0E9024104618461C2
:109E0000C0E90032FEF7FCF808B172B6FEE74FF485
:109E10008050009025486946FEF726FA08B172B6D0
:109E2000FEE72248FEF72FFC08B172B6FEE71F4896
:109E300004A904940694FEF791F808B172B6FEE7FF
:109E400007AA60204FF4FA7182E813001748002235
:109E500007A90B94FEF785FB08B172B6FEE74FF435
:109E60007A7008901148042207A9FEF77AFB08B11E
:109E700072B6FEE740F2DC5008900C48082207A9B1
:109E8000FEF76FFB08B172B6FEE74FF4FA60089078
:109E900006480C2207A9FEF764FB08B172B6FEE77C
:109EA0000248FEF705FB0EB010BD00007C05002443
:109EB00010B58EB000241C21009407A801940294D0
:109EC0000394049405940694F6F758FD1E48F9216E
:109ED00063221C4BC0E9024104618461C0E9003285
:109EE000FEF78EF808B172B6FEE74FF4805000908E
:109EF00015486946FEF7B8F908B172B6FEE7124890
:109F0000FEF7C1FB08B172B6FEE70F4804A904943E
:109F10000694FEF723F808B172B6FEE707AA6020A0
:109F20000A2182E813000848082207A90B94FEF7CB
:109F300018FB08B172B6FEE70348FEF7B9FA0EB097
:109F400010BD000000040040C805002410B58EB00C
:109F500000241C21009407A8019402940394049403
:109F600005940694F6F70AFD2F4842F20F71C722B6
:109F70002C4BC0E9024104618461C0E90032FEF764
:109F80003FF808B172B6FEE74FF4805000902648C3
:109F90006946FEF769F908B172B6FEE72248FEF796
:109FA00072FB08B172B6FEE71F4804A90494069438
:109FB000FDF7D4FF08B172B6FEE707AA60204FF4A0
:109FC0007A7182E813001848002207A90B94FEF763
:109FD000C8FA08B172B6FEE740F2DC5008901248A9
:109FE000042207A9FEF7BDFA08B172B6FEE74FF4E6
:109FF000FA6008900C48082207A9FEF7B2FA08B1E7
:10A0000072B6FEE740F6C410089007480C2207A974
:10A01000FEF7A7FA08B172B6FEE70348FEF748FA62
:10A020000EB010BD000800401406002410B588B022
:10A03000164800241449C7220094631E0194029418
:10A04000039404940594069480E81600C0E9033450
:10A050008461FDF7D5FF08B172B6FEE74FF480507A
:10A0600000900A486946FEF7FFF808B172B6FEE7AD
:10A07000064804A904940694FDF770FF002801D057
:10A0800072B6FEE708B010BD000C00406006002468
:10A090001648002110B5144C0C22154B0460C0E981
:10A0A0000131C160C0E904128161C1610162416294
:10A0B0008162FEF753FE08B172B6FEE70B4800213D
:10A0C000FEF707FC08B172B6FEE708480021FEF76C
:10A0D000DAFB08B172B6FEE70448FEF7B2FB0028CF
:10A0E00001D072B6FEE710BD004C004044070024CA
:10A0F00060E31600174800212DE9F041144A0C24B2
:10A10000C0E90541C16101629514134B56144162C7
:10A110001715816280E8EC00FEF720FE08B172B6E8
:10A12000FEE70C480021FEF7D4FB08B172B6FEE74B
:10A1300008480021FEF7A7FB08B172B6FEE7054804
:10A14000FEF77FFB002801D072B6FEE7BDE8F08184
:10A1500000500040D8070024A086010017480021C5
:10A1600010B5154C0C224FF4E1330460C0E9013105
:10A17000C160C0E904128161C16101624162816212
:10A18000FEF7ECFD08B172B6FEE70C480021FEF7C1
:10A19000A0FB08B172B6FEE708480021FEF773FB8A
:10A1A00008B172B6FEE70548FEF74BFB002801D068
:10A1B00072B6FEE710BD0000007800406C08002475
:10A1C0001748002110B5154C0C224FF46143046070
:10A1D000C0E90131C160C0E904128161C16101625D
:10A1E00041628162FEF7BAFD08B172B6FEE70C4823
:10A1F0000021FEF76EFB08B172B6FEE708480021A9
:10A20000FEF741FB08B172B6FEE70548FEF719FB01
:10A21000002801D072B6FEE710BD0000007C0040AF
:10A22000000900241748002110B5154C0C224FF4EA
:10A2300061230460C0E90131C160C0E90412816199
:10A24000C161016241628162FEF788FD08B172B6A8
:10A25000FEE70C480021FEF73CFB08B172B6FEE7B2
:10A2600008480021FEF70FFB08B172B6FEE705486B
:10A27000FEF7E7FA002801D072B6FEE710BD000035
:10A2800000100140940900241748002110B5154C16
:10A290000C224FF461330460C0E90131C160C0E9B0
:10A2A00004128161C161016241628162FEF756FD63
:10A2B00008B172B6FEE70C480021FEF70AFB08B1B0
:10A2C00072B6FEE708480021FEF7DDFA08B172B663
:10A2D000FEE70548FEF7B5FA002801D072B6FEE7A2
:10A2E00010BD000000440040280A00241748002147
:10A2F00010B5154C0C224FF4E1330460C0E9013174
:10A30000C160C0E904128161C16101624162816280
:10A31000FEF724FD08B172B6FEE70C480021FEF7F7
:10A32000D8FA08B172B6FEE708480021FEF7ABFA8A
:10A3300008B172B6FEE70548FEF783FA002801D09F
:10A3400072B6FEE710BD000000480040BC0A0024C1
:10A350001748002110B5154C0C224FF4E13304606E
:10A36000C0E90131C160C0E904128161C1610162CB
:10A3700041628162FEF7F2FC08B172B6FEE70C485A
:10A380000021FEF7A6FA08B172B6FEE708480021E0
:10A39000FEF779FA08B172B6FEE70548FEF751FA02
:10A3A000002801D072B6FEE710BD00000014014085
:10A3B000500B0024FEE703460DE002782A2A03D062
:10A3C000202A01D37A2A01D9FF2070472C2A01D1F3
:10A3D000491EC9B2401C0029EFD1C01AC0B2704753
:10A3E00038B50A46044617A11046F6F7F5F90921D3
:10A3F0000546FFF7E0FFFF2817D02844694600F024
:10A4000083F9C4F888009DF8000000EE100AB8EE49
:10A41000401BB2EE040B03F03BFD94ED221AB8EEA4
:10A42000C11B81EE002B84ED242B07212846FFF76A
:10A43000C2FFFF2805D02844694600F065F984F87A
:10A44000720038BD474741002DE9F0410A460446F5
:10A45000A2A110462DED088B82B0F6F7BDF90121BF
:10A460000546FFF7A8FFFF2842F210784FF0640678
:10A470001AD02844694600F047F99DF800100746B5
:10A480000A2000F039F9B7FBF0F0B0FBF6F3B0FBAF
:10A49000F6F2B0FBF8F106FB1300B2FBF6F3A17184
:10A4A000207206FB1322E27102212846FFF783FF88
:10A4B000FF2801D0285C00E0562084F871000321B9
:10A4C0002846FFF778FFFF28B1EE086B9FED842B3D
:10A4D0009FED857B41D02844B0EE470BB0EE425B48
:10A4E0008378C778303B017801EE103A303F4278EC
:10A4F00001EE907AB8EEC18B3039B8EEE1BB01EBDA
:10A50000810188EE069B303A490003EE102A01EEE5
:10A51000101A401DB8EEC3ABB8EEC13BB0EE404BD5
:10A520003AEE033B8BEE028B39EE031B38EE013B18
:10A53000017810F8012F303901EE901A2C2AB8EE6C
:10A54000E11B21EE008B88EE051B31EE033B02D0B0
:10A5500020EE040BECE784ED163B04212846FFF7C0
:10A560002AFFFF2802D0285C84F8600005212846D5
:10A57000FFF721FFFF284CD0284464270378427856
:10A58000303B90F804C0303A817813FB07F7C3786A
:10A5900002EB820200EE107A303B00EE903A52005D
:10A5A00001EE902AB8EEE08BACF1300C01EE10CA4F
:10A5B000B8EEC00B88EE065BB8EEE14BB8EEC11BFF
:10A5C000303903EE101A34EE000BB8EEC33B801D99
:10A5D00033EE000B81EE024B35EE000BB0EE471B65
:10A5E000B0EE413B34EE000B017810F8012F30390A
:10A5F00004EE101A2C2AB8EEC44B24EE015B85EE53
:10A60000024B34EE000B02D021EE031BECE784ED8D
:10A610001A0B06212846FFF7CEFEFF2802D0285C41
:10A6200084F8700007212846FFF7C5FEFF2819D0DF
:10A630002844694600F068F808EE100A9DF800000A
:10A6400000EE100AB8EE401BB2EE040B03F020FC43
:10A65000B8EEC82B9FED261B82EE003B23EE010BCC
:10A6600084ED260B08212846FFF7A5FEFF2815D00C
:10A670002844694600F048F808EE100A9DF80000EA
:10A6800000EE100AB8EE401BB2EE040B03F000FC23
:10A69000B8EE481B81EE002B84ED282B09212846BB
:10A6A000FFF789FEFF2814D02844694600F02CF8F3
:10A6B000B0FBF6F3B0FBF6F2B0FBF8F106FB1300CB
:10A6C000B2FBF6F3617100F5FA60608006FB1322BD
:10A6D000227102B0BDEC088BBDE8F081524D430001
:10A6E0000000000000004E409A9999999999B93F4D
:10A6F0006F1283C0CAA1FD3F0246012000E0504313
:10A700004B1ED9B2FBD270472DE9F04F4FF0000A33
:10A710008B468046D14655465446564601782D29EB
:10A7200002D1401C46F0020601782C2908D02A29C3
:10A7300006D02E290AD030390A290AD300252C4602
:10A74000B00701D508F10108002718E0401C46F0C9
:10A750000106F10702D0641CE4B201E06D1CEDB209
:10A76000401CDBE7E81B401EC1B20A20FFF7C4FF14
:10A7700018F807107F1CFFB2303900FB01AAAF4266
:10A78000F0D3052C00D905248BF8004000270EE0FB
:10A79000E01B401EC1B20A20FFF7AEFFEA1902EB30
:10A7A00008017F1CFFB24978303900FB0199A742AC
:10A7B000EED30A202146FFF79FFF0AFB0090B30764
:10A7C00000D54042BDE8F08FFEE700001349144871
:10A7D00091ED1E0B80ED180B91ED200B80ED1A0B07
:10A7E00091ED220B80ED1C0B91ED060B80ED000B23
:10A7F00091ED080B80ED020B91ED0A0B80ED040B3F
:10A8000091ED120B80ED0C0B91ED140B80ED0E0B06
:10A8100091ED160B80ED100B70470000A857002437
:10A82000886A00242DE9F047454D044689464FF0DB
:10A83000000A2868C04380070AD0414E283E30688D
:10A8400020F080603060FAF791FD0746B04608E0DE
:10A850000120BDE8F08700BFFAF788FDC01B022881
:10A8600067D8D8F800000001F6D4206829684FF4B2
:10A87000FE0721F47C313E0241EA00302860207A54
:10A88000A389B4F804C040022D4D2D495B1E227CE3
:10A89000ACF1010C1035091DA0F5007080B2521EFC
:10A8A000CCF3080C07EA034340EA0C00184306EA1D
:10A8B0000262104328600868626920F0C0001043FB
:10A8C00008600A68A06922F0200202430A60281D7D
:10A8D0000A6822F010020A6002684FF6F873E46911
:10A8E0009A4342EAC40202600868B9F1000F40F0DE
:10A8F00010020A6011D00868B9F1010F11D040F4BC
:10A9000000100860D8F80000444640F08060C8F8A5
:10A910000000FAF72BFD05460DE0086840F4002022
:10A92000EFE740F48010ECE7FAF720FD401B022827
:10A9300001D903208DE720680001F5D5504688E74E
:10A94000284402582DE9F047454D044689464FF00A
:10A95000000A2868C04380070AD0414E283E30686C
:10A9600020F080503060FAF701FD0746B04608E05D
:10A970000120BDE8F08700BFFAF7F8FCC01B0228F1
:10A9800067D8D8F800008000F6D4208829684FF4F2
:10A99000FE0721F07C713E0241EA00502860207AD7
:10A9A000A389B4F804C040022D4D2D495B1E227CC2
:10A9B000ACF1010C1835091DA0F5007080B2521ED3
:10A9C000CCF3080C07EA034340EA0C00184306EAFC
:10A9D0000262104328600868626920F440601043F6
:10A9E00008600A68A06922F4007202430A60281D08
:10A9F0000A6822F480720A6002684FF6F873E4690C
:10AA00009A4342EAC40202600868B9F1000F40F4B8
:10AA100080720A6011D00868B9F1010F11D040F0BE
:10AA200080700860D8F80000444640F08050C8F8B4
:10AA30000000FAF79BFC05460DE0086840F4800032
:10AA4000EFE740F40000ECE7FAF790FC401B022827
:10AA500001D903208DE720688000F5D5504688E7AE
:10AA60002844025830B5017800220F2901D08F29DF
:10AA700003D1017E19B1082901D0002030BDC17D6C
:10AA800011F00C0F01D0022030BD8478437850497A
:10AA90009FED500B9FED512B04F0070443EA042374
:10AAA0000B808378C47804F03F04DB0843EA441346
:10AAB0004B80C378047945799B0943EA840305F008
:10AAC000010443EA84238B804379847904F00F04E2
:10AAD0005B0843EAC413CB808379C47904F07F0414
:10AAE0001B0943EA04130B81C379047A457ADB0915
:10AAF00043EA440305F0030443EA44234B81437AC9
:10AB0000847A04F01F049B0843EA84138B81837AC0
:10AB1000C47A5B0943EAC403CB81447B037B04F022
:10AB2000070443EA04230B82437B847B04F03F0445
:10AB3000DB0843EA44134B82837BC47B057C9B097F
:10AB400043EA840305F0010443EA84238B82037CF7
:10AB5000447C5B0804F00F0443EAC413CB82437CBB
:10AB6000847C04F07F041B0943EA04130B83837C79
:10AB7000C47C057DDB0943EA440305F0030443EA92
:10AB800044234B83037D447D04F01F049B0843EA68
:10AB900084138B83437D807D5B0943EAC000C883B7
:10ABA00031F81200531CA0F5807001EE100AB8EEC7
:10ABB000C13BB0EE421B03EE001BBCEEC11B11EE0D
:10ABC000100A21F81200DAB2102AE9D3012030BDB0
:10ABD000AA580024430FC69970B9E53F0000000051
:10ABE00000408F4011491922114808B5FEF7AEFB0D
:10ABF0000F484FF0FF310068026842F01002026017
:10AC00000C4C0123009100220421E06A08F0CAFDE7
:10AC1000094D6421286809F009FA0848FFF722FF66
:10AC20000128A070F5D100F00BF8F2E77858002465
:10AC3000D8070024AC0000246401002491580024AB
:10AC40002DE9F0475A4C4FF4AF695A4F4FF4C86A98
:10AC50002189388949454DD240F2AA51884201D90B
:10AC6000F7F7D0FB20889FED541BA0F2DC50DFF8F3
:10AC7000508100EE100A534D534EB8EEC00B20EE3B
:10AC8000010B88ED000B6088A0F2DC5002EE100A88
:10AC9000B8EEC22B22EE012B85ED002BE088A0F24E
:10ACA000DC5002EE100A0020B8EEC22B22EE011B8F
:10ACB00086ED001B01F03AF8042098ED000B01F03E
:10ACC00035F8012095ED000B01F030F8052095EDE9
:10ACD000000B01F02BF83D49A0880968C8630320E8
:10ACE00096ED000B01F022F8062096ED000B01F026
:10ACF0001DF807E0514505D940F20E61884201D2A6
:10AD0000F7F766FBB4F80AC04846314B3149844531
:10AD1000314A344D344E9FED310B1FD283ED000B81
:10AD2000A389834202D2002129702CE053450BD223
:10AD3000012129703178012925D02C4981ED000BA2
:10AD40002B4981ED000B1EE002232B703378022B80
:10AD500019D091ED260B82ED000B14E04FF0030C9F
:10AD600085F800C096F800C0BCF1030F0BD0DFF8E7
:10AD700084C0B7EE001B8CED000B91ED260B82ED2D
:10AD8000000B83ED001BE189814208D3F989494515
:10AD900005D20848202206492030F5F74EFD2878D4
:10ADA00020223070BDE8F04701490248F5F745BD63
:10ADB000AA580024240100240AD7A3703D0AB73FF3
:10ADC000F0010024F8010024000200247C05002486
:10ADD000E0020024A857002408020024000000001C
:10ADE0000000000090010024380200242802002402
:10ADF00030020024F00200240148FCF75DBC000092
:10AE0000F003002430B585B0044637204FF480723B
:10AE10000DF1080CCDE9001000236946150120460C
:10AE20008CE82C0000F058FB372141F28832204694
:10AE300000F0DEF905B030BD30B585B004462920FC
:10AE40004FF480720DF1080CCDE900100023694623
:10AE5000150120468CE82C0000F03EFB204600F057
:10AE600083FA05B030BD30B50446102085B00DF131
:10AE7000080C02010502CDE90010002369468CE8A8
:10AE80002C00204600F028FB102141F28832204699
:10AE900000F0AEF905B030BD30B585B004460620EF
:10AEA0004FF480720DF1080CCDE9001000236946C3
:10AEB000150120468CE82C0000F00EFB062141F223
:10AEC0008832204600F094F905B030BD30B585B029
:10AED0000546002469464FF4805000940194029482
:10AEE000CDE90340284600F0F7FA0B4A4FF4FA5038
:10AEF00041F288311268B2FBF0F04843401E03D2A1
:10AF00004FF0004005B030BD696B0906F6D5034926
:10AF10002046A963F6E7000014000024C5002000C5
:10AF200030B50821044685B04FF4D5704A0100239E
:10AF30004D028DE82F006946204600F0CDFA2046EC
:10AF400000F07CFA05B030BD30B585B00446122063
:10AF50004FF480720DF1080CCDE900100023694612
:10AF6000150120468CE82C0000F0B6FA122141F2BF
:10AF70008832204600F03CF905B030BD30B585B0D0
:10AF8000044611204FF480720DF1080CCDE9001039
:10AF900000236946150120468CE82C0000F09CFA3D
:10AFA000112141F28832204600F022F905B030BD6F
:10AFB00030B585B0044607204FF480720DF1080CBF
:10AFC000CDE9001000236946150120468CE82C00CD
:10AFD00000F082FA072141F28832204600F008F999
:10AFE00005B030BD10B585B00446002102204FF4F5
:10AFF0004072C3020493CDE90010CDE902216946F5
:10B00000204600F069FA204600F084F905B010BD32
:10B0100030B585B0044609200DF1080C0023CDE9B8
:10B0200000104FF4407269464FF4805520468CE87A
:10B030002C0000F051FA204600F06CF905B030BD4C
:10B0400010B585B00446002133204FF48072CDE95D
:10B050000221CDE90010130169462046049300F057
:10B060003BFA332141F28832204600F0C1F805B0A6
:10B0700010BD30B585B004460D204FF480720DF13F
:10B08000080CCDE9001000236946150120468CE824
:10B090002C0000F021FA0D2141F28832204600F008
:10B0A000A7F805B030BD30B585B00C460021054687
:10B0B00003204FF48072CDE90221CDE90010130185
:10B0C00069462846049300F007FA032122462846E1
:10B0D00000F06EF905B030BD10B585B00446002112
:10B0E0000D204FF48072CDE90221CDE9001013014B
:10B0F00069462046049300F0EFF90D2141F28832B1
:10B10000204600F075F805B010BD000010B585B000
:10B1100004464FF4807200200C2113018DE80700D3
:10B12000CDE90303E06840F08000E060E06820F0D3
:10B130004000E0606946204600F0CEF9074A0C2145
:10B14000204600F055F8E168B0F1007F21F0800161
:10B15000E16000D1002005B010BD000000E1F50560
:10B1600030B585B0044619204FF480720DF1080CFB
:10B17000CDE9001000236946150120468CE82C001B
:10B1800000F0AAF9192141F28832204600F030F887
:10B1900005B030BD30B585B0044618204FF480723C
:10B1A0000DF1080CCDE90010002369461501204679
:10B1B0008CE82C0000F090F9182141F288322046EA
:10B1C00000F016F805B030BD70B50A6842624A68F2
:10B1D0008262C46AD1E90225D1E9043624F0FF0174
:10B1E0002A4333431A431143C162002070BD00005B
:10B1F00030B5464D4FF4FA53434C2D68B5FBF3F38D
:10B2000053435B1E02D24FF0004030BD426B2242DE
:10B21000F7D09204F5D4426B520703D50421816321
:10B22000084630BD426BD20702D00121816306E09F
:10B23000354A803282630269D2B28A4201D001204B
:10B2400030BD002100F02AF93149084201D1002027
:10B2500030BD002802DA4FF0007030BD410001D54A
:10B26000402030BD810001D5802030BDC10002D515
:10B270004FF4807030BD010102D54FF4007030BD35
:10B28000410102D54FF4806030BDC10102D54FF4B9
:10B29000006030BD010202D54FF4805030BD410244
:10B2A00002D54FF4005030BD810202D54FF48040EA
:10B2B00030BDC10202D54FF4004030BD410302D57C
:10B2C0004FF4003030BD810302D54FF4802030BDF3
:10B2D000C10302D54FF4002030BD010402D54FF464
:10B2E000801030BD410402D54FF4001030BD810400
:10B2F00002D54FF4800030BD000702D54FF40000A6
:10B3000030BD4FF4803030BD4500200014000024D3
:10B3100008E0FFFD124B4FF4FA5141F288321B68EE
:10B32000B3FBF1F15143491E02D24FF00040704788
:10B33000426B12F0450FF6D09204F4D4416B4907EA
:10B3400003D50421816308467047416BC90703D0C8
:10B3500001218163084670470249816300207047DC
:10B3600014000024C50020000F4B4FF4FA5141F2A5
:10B3700088321B68B3FBF1F15143491E02D24FF0F2
:10B3800000407047426B12F0450FF6D09204F4D49F
:10B39000416B490703D5042181630846704703497F
:10B3A000816300207047000014000024C5002000C5
:10B3B00030B5204D4FF4FA5341F288342D68B5FB77
:10B3C000F3F363435B1E02D24FF0004030BD446B89
:10B3D00014F0450FF6D0A404F4D4436B5B0703D5F7
:10B3E00004218163084630BD436BDB0702D0012195
:10B3F000816303E00369DBB28B4201D0012030BDE1
:10B400000D498163002100F049F810F4604F04D029
:10B41000410406D54FF4005030BD000C10800020D0
:10B4200030BD000402D54FF4805030BD4FF4803061
:10B4300030BD000014000024C5002000144B4FF460
:10B44000FA5141F288321B68B3FBF1F15143491EB6
:10B4500002D24FF000407047426B12F0450FF6D019
:10B460009204F4D4416B490703D504218163084653
:10B470007047416BC90703D00121816308467047BB
:10B48000416B490601D540218163002070470000CF
:10B4900014000024006800F003007047084440696D
:10B4A0007047000030B511434268DDE903542B4377
:10B4B000034D194321432A400A434260002030BD16
:10B4C000002CC0FF016841F00301016000207047BB
:10B4D000D0F880007047000070B5084D0A6882609F
:10B4E000C368D1E90126D1E903412B4032430C4323
:10B4F00022431343C360002070BD0000C0E0FEFF84
:10B500000968C0F8801000207047000098B06A4FAA
:10B5100000244FF0FF300090012322461021F86AEA
:10B5200008F040F965490122654804F037FF654D90
:10B53000654E2870C0B10D2804D0307863A1FEF7A5
:10B54000C7F9FEE74FF400700090654B00225B489E
:10B55000022104F011FC287050B9584901225848C2
:10B5600004F01CFF0028287030785EA1FEF7B0F9C7
:10B57000002007F0C9FF624DDFF88881624EDFF8D6
:10B580008C91DFF88CB1DFF88CA195ED260B387823
:10B590008DED160B95ED240B00288DED140B95ED1C
:10B5A000220B8DED120B95ED200B8DED100B95ED13
:10B5B0001E0B8DED0E0B95ED160B8DED0C0B95ED19
:10B5C000140B8DED0A0B95ED120B8DED080B95ED1F
:10B5D0000A0B8DED060B95ED080B8DED040B95ED2B
:10B5E000060B5BD04CA000BF8DED020B009098EDD8
:10B5F000000B4C494C4853EC102BF4F7D7FF4A4949
:10B600004A4805F03AF8B8780128494890ED000B0F
:10B6100048488DED100B90ED000B47488DED0E0B5B
:10B6200090ED000B45488DED0C0B90ED000B8DED72
:10B630000A0BB088089099ED000B8DED060B9BED81
:10B64000000B8DED040B9AED000B8DED020BB08914
:10B650000090738924D03E4939A23348F4F7A6FFFD
:10B660003149324805F009F83A483BA190ED1C0BEE
:10B670008DED020B90ED1A0B8DED000B90ED180B7C
:10B68000294853EC102BF4F791FF2749274804F081
:10B69000F4FF641CE4B20A2C05D008E036A0A3E74E
:10B6A0003B4937A2D9E7214805F008F90024642076
:10B6B00007F0D8FD69E70000AC0000242500002455
:10B6C0007413002439020024700100245446206DB4
:10B6D0006F756E74206661696C6564210D0A0000E7
:10B6E000A40F00245446206D6F756E74207375632B
:10B6F0006365737366756C6C79210D0A0000000038
:10B70000A8570024E8010024AA58002400020024BD
:10B71000F0010024F8010024494D552045525221E2
:10B72000000000008CF8030882680024AC15002497
:10B730002002002410020024180200240802002421
:10B74000526563656976657220455252210000009A
:10B75000A0F90308886A002473703A2025302E323D
:10B76000662073723A2025302E32662073793A2093
:10B7700025302E32660A0000494D55204F4B2100DE
:10B780005265636569766572204F4B2100000000A9
:10B7900008F9030810B5064C01202070F6F7BAFD31
:10B7A00018B9207820F001002070207810BD00002A
:10B7B0001C00002470B5054606F0BCFB044606F0EC
:10B7C000B9FB001BA84207D2F6F7A4FD38B106F07A
:10B7D000B1FB001BA842F7D34FF0FF3070BD002033
:10B7E00070BD00002DE9F04F87B00D460446F9F713
:10B7F000BDFD0026069020680821B3463746FFF7B6
:10B8000032FB002833D1B4F8441020680904FFF754
:10B81000F9FA00282BD1431E4FF008094FF0020A15
:10B820004FF0300C4FF00108CDF80CA08DE8081255
:10B83000CDE9046820686946FFF7C6FC2068FFF779
:10B84000FFFB002813D140F22A582068416B11EA0F
:10B85000080F06D1416B090315D4BBF1000F09D0C5
:10B8600011E0416B090717D5C0F83890082007B0E0
:10B87000BDE8F08FFFF72CFE06462068FFF728FE94
:10B8800007464FF0010BF9F771FD0699401A401C6D
:10B89000DBD14FF00040EAE7416B890703D5C0F8E0
:10B8A00038A00220E3E7416B890603D5202181639C
:10B8B0000846DCE7034A39BA33BA82630020C5E997
:10B8C0000013D4E73A0F001870B58CB0044600207E
:10B8D000ADF82C00F9F74AFD05462068FFF7DAFDC0
:10B8E000002853D0A06B032841D02068FFF77AFBD3
:10B8F000002849D120680021FFF7D0FDE06604212F
:10B900002068FFF7CBFD206708212068FFF7C6FD00
:10B9100060670C212068FFF7C1FDA16BA0670329B8
:10B9200025D041F2883600BFBDF82C0088B3A06B4B
:10B9300003281CD0BDF82C10616420680904FFF7AF
:10B9400067FB002820D120680021FFF7A7FDE065F4
:10B9500004212068FFF7A2FD206608212068FFF778
:10B960009DFD60660C212068FFF798FDA06604210C
:10B970002068FFF793FD000D694620642046FBF721
:10B980002FFDA8B14FF080500CB070BD4FF080601B
:10B99000FAE7FFE720680BA9FFF785FB0028F3D142
:10B9A000F9F7E4FC401BB042BED34FF00040EBE798
:10B9B000B4F8441020680904FFF7FAFAE4E700003D
:10B9C0002DE9F84F002604463546B046009600683B
:10B9D000FFF77CFA002829D12068FFF7A1FAB0F11F
:10B9E000004F4FF001094FF0805B4FF6FF7702D018
:10B9F000C4F83C9008E0E6632068FFF767FA002887
:10BA000014D1E06B01281ED120680021FFF7FAF95C
:10BA100058B918E020680021FFF7F4F9002805D193
:10BA200020685146FFF708FA10B15846BDE8F88F74
:10BA300020680021FFF732FD4FEAD07805460098D4
:10BA4000401C009002E0DFF828A00098B84202D223
:10BA5000B8F1000FDED00098B84202D34FF08070EA
:10BA6000E4E76800A66301D5C4F838900020DDE75C
:10BA7000000010C12DE9F04186B00D460446F9F7EB
:10BA800075FC002107462068FFF708FD800104D5FA
:10BA90004FF4006006B0BDE8F08120684021FFF758
:10BAA000E2F9C0B9B4F8441020680904FFF7AAF914
:10BAB00088B940214FF0FF3060224FF0010C022383
:10BAC00000268DE84F1020686946FFF77DFB20684F
:10BAD000FFF702FB98B1616B6163DBE7406B000429
:10BAE00007D500262068FFF7F3FC761C082E01C559
:10BAF000F8D3F9F73BFCC01B401C02D127E04FF004
:10BB000000482068416B11F4957FE7D0416B09072D
:10BB100001D50820BEE7416B890701D50220B9E7AE
:10BB2000406B80060AD52020B4E700BFFFF7D0FCA9
:10BB300001C5F9F71BFCC01B401C08D02068416BF5
:10BB4000C904F3D40146034888630020A2E74046B5
:10BB5000A0E700003A0F001830B585B00546144C38
:10BB60000120207006F0D8F9F8B1F6F7DFFB18B91C
:10BB70002846FFF70FFE20702078012815D0606856
:10BB800068B90C48836842680168C06802930192F2
:10BB9000009103900021684606F0D8F96060606863
:10BBA00018B9207840F001002070207805B030BD31
:10BBB0001C0000242848010810B58AB01446174814
:10BBC000007810F0010F02D00AB0032010BD41B17F
:10BBD000012909D002290FD0032915D004200AB069
:10BBE00010BD00200AB010BD01A8F6F78DFB079824
:10BBF000206000200AB010BD01A8F6F785FB089868
:10BC0000208000200AB010BD01A8F6F77DFB08983F
:10BC1000400A206000200AB010BD00001C00002473
:10BC2000F0B587B00C4615461F46012647F2305046
:10BC3000FFF7C0FD002802DA07B03046F0BD3A46F3
:10BC400029462046F6F796FB20BB154847F23052AE
:10BC5000416801A806F090F90198039A02990692AA
:10BC6000059104900498102814D10598012811D149
:10BC700006F060F9044606F05DF9001B47F2305506
:10BC8000A84207D2F6F746FB38B106F053F9001B7D
:10BC9000A842F7D307B03046F0BD0026FAE700000F
:10BCA0001C000024FFF776BDF0B587B00C461546A2
:10BCB0001F46012647F23050FFF77CFD002802DACC
:10BCC00007B03046F0BD3A4629462046F6F768FBF5
:10BCD00020BB154847F23052416801A806F04CF9E4
:10BCE0000198039A029906920591049004981028ED
:10BCF00014D10598022811D106F01CF9044606F06B
:10BD000019F9001B47F23055A84207D2F6F702FB9B
:10BD100038B106F00FF9001BA842F7D307B0304640
:10BD2000F0BD0026FAE700001C000024F0B5634ACD
:10BD300060A463499FED633B9FED641BDFF894C1F2
:10BD40000828D4E90034126809685CF8045BB1EE95
:10BD5000402B9CE8C01019D2DFE800F004192E43F4
:10BD6000576C819713F0FF0F01D0B0EE420B28B251
:10BD700000EE031B00EE100AB8EEC00B31EE000B14
:10BD8000BDEEC00B10EE100A00B25063F0BDC3F35D
:10BD9000072008B1B0EE420B281400EE031B00EEA2
:10BDA000100AB8EEC00B31EE000BBDEEC00B10EE6A
:10BDB000100A00B29063F0BDC3F3074008B1B0EEC3
:10BDC000420B30B200EE031B00EE100AB8EEC00BBF
:10BDD00031EE000BBDEEC00B10EE100A00B2D063C6
:10BDE000F0BD180E01D0B0EE420B301400EE031B74
:10BDF00000EE100AB8EEC00B31EE000BBDEEC00B2A
:10BE000010EE100A00B21064F0BD14F0FF0F01D064
:10BE1000B0EE420B38B200EE031B00EE100AB8EE93
:10BE2000C00B31EE000BBDEEC00B10EE100A00B2DD
:10BE30004863F0BDC4F3072008B1B0EE420B3814DC
:10BE400000EE031B00EE100AB8EEC00B31EE000B43
:10BE5000BDEEC00B10EE100A00B28863F0BDC4F353
:10BE6000074008B1B0EE420B0FFA8CF000EE031B56
:10BE700000EE100AB8EEC00B31EE000BBDEEC00BA9
:10BE800010EE100A00B2C863F0BD200E01D0B0EE73
:10BE9000420B4FEA2C4000EE031B00EE100AB8EEF6
:10BEA000C00B31EE000BBDEEC00B10EE100A00B25D
:10BEB0000864F0BD00010000010000007C050024C2
:10BEC000140600243333333333332640000000009C
:10BED0000070974018F40308012006F00FF8FBE704
:10BEE00010B5502080F31188BFF34F8FBFF36F8FD1
:10BEF00008F020FA18B104494FF080500860002083
:10BF000080F3118810BD000004ED00E070B59CB016
:10BF10004C216846F4F732FD202113A8F4F72EFDDA
:10BF20000220F9F7EBFB2649002426480A6822F094
:10BF300001020A600968016841F44041016001683A
:10BF400001F440411B9101688904FCD5022009904D
:10BF50000121C20364231425CDE900120AAA0C268C
:10BF600082E80B00CDE90D05CDE910640F9068461D
:10BF70001294FAF7A9FE08B172B6FEE740201A90B3
:10BF800008230501CDE9163013ABCDE918053F2193
:10BF9000032283E81600022113A8FAF70DFC08B16A
:10BFA00072B6FEE70848016841F4003101600020E4
:10BFB0004FF480224FF44001FAF73CFE1CB070BDF4
:10BFC0002C040058184802582C4402582C48F0B54C
:10BFD0002C4A016841F470010160106800F00F0004
:10BFE000072804D2106820F00F00C01D10602649F9
:10BFF0000020254C10340B68244D43F001030B60E6
:10C0000020600B682B400B60136803F00F03072BB5
:10C0100004D9136823F00F03DB1D13601A4C1C4A6C
:10C0200018341C4B261D371D2060174C1A4D283420
:10C030003060261D3860371D23603B1D35601C1D98
:10C040003A60251D2E1D1860331D22602860326065
:10C0500018600A680C4B114C22F4802260330A608D
:10C06000186020686FF30F00B0F1005F03D20C4935
:10C070000120C1F8080143F2D2000A490860F0BD6E
:10C0800088ED00E000200052004402587FEDF6EAFF
:10C0900080020101000202020000FF010010005CAA
:10C0A00000800051004000520148FCF75CB90000DC
:10C0B00028130024064810B5FCF755F90448006819
:10C0C0000169C943C90701D1891E016110BD000082
:10C0D000AC0600240148FCF746B90000F80600242D
:10C0E0002DE9F0472A4B4FF0804A2A4D02689842CA
:10C0F000294E2A4F2A4C09D0504507D0A84205D0D6
:10C10000B04203D0B84201D0A04205D1D1F804C05A
:10C1100022F070024CEA0202DFF888C0DFF8888063
:10C120009842DFF888900FD050450DD0A8420BD030
:10C13000B04209D0B84207D0A04205D0604503D034
:10C14000404501D0484503D1CD6822F440722A43CE
:10C150004D6922F080022A43026098428A68C262D6
:10C160000A68826207D0A04205D0604503D04045EE
:10C1700001D0484501D1096901630121416101698B
:10C18000C90703D0016921F001010161BDE8F08711
:10C19000000001400004004000080040000C004086
:10C1A00000040140004001400044014000480140BB
:10C1B00010B5046A012301F01F018B409C43046207
:10C1C0008A40016A1143016210BD42EA032283687A
:10C1D0000A4323F47F410A4382607047034B82681D
:10C1E0001A400A4342F00701816070478FFFCFFF7A
:10C1F0002DE9F04FDFF88480214EDFF88890DFF8DA
:10C2000088B0026A036AB042DFF880A022F0020C14
:10C210001F4F23F001020262426885698B680C6837
:10C2200005EA080525F0030543EA0C0344EA050482
:10C2300007D0484505D0584503D0504501D0B842F5
:10C2400005D1CD6823F008031D4325F00403B04257
:10C2500007D0484505D0584503D0504501D0B842D5
:10C2600005D122F44076D1E9055235432A43426094
:10C270008461496841630362BDE8F08F8FFFFEFF70
:10C280000000014000040140004001400044014022
:10C2900000480140F0B5DFF87CE01F4C1F4D026AFA
:10C2A000036AA04222F0200623F0100303624268D2
:10C2B0008369D1F808C00F6803EA0E0323F4407EB7
:10C2C00046EA0C134EEA072601D0A84206D1CF68F1
:10C2D00023F0800343EA071323F04003A0420AD06F
:10C2E000A84208D00E4CA04205D00E4CA04202D06D
:10C2F0000D4CA04207D1D1E9054522F4406242EA43
:10C30000840242EA85024260866149688163036271
:10C31000F0BD0000FF8FFFFE00000140000401405F
:10C32000004001400044014000480140F0B5DFF802
:10C330007CE01F4D1F4E026A036AA84222F4007778
:10C3400023F4807303624368C269D1F808C002EA2B
:10C350000E020C6822F0030E47EA0C2244EA0E0497
:10C3600001D0B04206D1CF6822F4006242EA07222F
:10C3700022F48062A8420AD0B04208D00E4DA842F2
:10C3800005D00E4DA84202D00D4DA84207D1D1E9EB
:10C39000055623F4405343EA051343EA061343606A
:10C3A000C4614968C1630262F0BD00008FFFFEFFF7
:10C3B00000000140000401400040014000440140F1
:10C3C00000480140F0B5046A026A22F48052026219
:10C3D0004268C36924F40054DFF848C08E680D68D1
:10C3E00003EA0C03104F23F4407344EA0634B842C6
:10C3F00043EA05230BD00D4DA84208D00C4DA842AE
:10C4000005D00C4DA84202D00B4DA84204D14D6975
:10C4100022F4804242EA85124260C36149680164A5
:10C420000462F0BDFF8FFFFE0000014000040140E8
:10C43000004001400044014000480140F0B5164F63
:10C44000164B026A046A984222F4003524F48033C1
:10C4500003624268436D0E890C6803EA070344EAED
:10C46000030445EA06430BD00D4DA84208D00D4DFC
:10C47000A84205D00C4DA84202D00C4DA84204D1D0
:10C480004D6922F4803242EA0522426044654968DF
:10C4900081650362F0BD00008FFFFEFF00000140D8
:10C4A00000040140004001400044014000480140B8
:10C4B000F0B5164F164B026A046A984224F48013B2
:10C4C000036222F400144268436D0E890D6803EA8A
:10C4D000070344EA065443EA05230BD00D4DA84256
:10C4E00008D00D4DA84205D00C4DA84202D00C4DED
:10C4F000A84204D14D6922F4802242EA852242609A
:10C5000043654968C1650462F0BD0000FF8FFFFE0E
:10C51000000001400004014000400140004401408F
:10C520000048014010B5036A046A23F00A0324F0AE
:10C530000104046284690B4324F0F00141EA021112
:10C540008161036210BD10B5036A046A23F0A00381
:10C5500024F010040462846943EA011124F4704356
:10C5600043EA02328261016210BD00001CB507F08F
:10C57000B8F8664D03220021E862012007F059FA5D
:10C580006349032208600021012007F052FA614943
:10C59000032208600021012007F04BFA5E490322C4
:10C5A00008600021012007F044FA5C49032208607A
:10C5B0000021012007F03DFA59490123202208609B
:10C5C00005F13401E868CDE90001594855A107F0AB
:10C5D0002FFE584C012828637ED057A12078FDF704
:10C5E00077F94A490123286980223C31CDE90001CD
:10C5F0005B4858A107F01CFE0128A86378D059A118
:10C600002078FDF765F941490123686944311E022C
:10C610003246CDE90001604859A107F009FE012822
:10C62000286467D05DA12078FDF752F937490123CE
:10C63000A869C8224C31CDE90001644861A107F026
:10C64000F7FD0128A86457D061A12078FDF740F9D3
:10C650002E490123E869C0225431CDE90001654823
:10C6600061A107F0E5FD0128286547D062A1207887
:10C67000FDF72EF925490123286AC4225C31CDE952
:10C680000001674863A107F0D3FD0128A86537D0F2
:10C6900064A12078FDF71CF91C490123686A324621
:10C6A0006431CDE900016A4865A107F0C1FD0128A8
:10C6B000286627D067A12078FDF70AF913490123DE
:10C6C000A86AC4226C31CDE900016F4869A107F066
:10C6D000AFFD0128A86601E008E009E014D06BA1D5
:10C6E0002078FDF7F5F806F0C9FEFEE770A175E7C2
:10C6F00077A185E77EA196E788A1A6E78FA1B6E797
:10C7000097A1C6E79FA1D6E7A8A1E9E7AC0000245E
:10C71000640100241C0100248801002494010024E9
:10C72000740100244C45445477696E6B000000008E
:10C7300009990008700100244C45445477696E6BD8
:10C74000206372656174206661696C6564210D0AFD
:10C7500000000000464D55436865636B0000000013
:10C760004D290008464D55436865636B206372652B
:10C770006174206661696C6564210D0A0000000027
:10C78000464D55436F6E74726F6C43616C63756C8C
:10C790006174696F6E000000F1290008464D554331
:10C7A0006F6E74726F6C43616C63756C6174696FEA
:10C7B0006E206372656174206661696C6564210D29
:10C7C0000A00000053445772697465000DB50008F3
:10C7D00053445772697465206372656174206661A1
:10C7E000696C6564210D0A00494D555265636569A0
:10C7F0007665000029970008494D555265636569C3
:10C800007665206372656174206661696C65642178
:10C810000D0A0000474E5353526563656976650003
:10C820001D340008474E5353526563656976652091
:10C830006372656174206661696C6564210D0A002C
:10C8400052656365697665725265636569766500F0
:10C85000E5AB00085265636569766572526563658C
:10C86000697665206372656174206661696C6564D0
:10C87000210D0A0054656C65706F72745472616E9C
:10C88000736D697400000000D5C9000854656C65BB
:10C89000706F72745472616E736D69742063726527
:10C8A0006174206661696C6564210D0A00000000F6
:10C8B0004C45445477696E6B2063726561742073D4
:10C8C00075636365737366756C6C79210D0A00007E
:10C8D000464D55436865636B2063726561742073D0
:10C8E00075636365737366756C6C79210D0A00005E
:10C8F000464D55436F6E74726F6C43616C63756C1B
:10C900006174696F6E20637265617420737563630F
:10C9100065737366756C6C79210D0A005344577208
:10C9200069746520637265617420737563636573F0
:10C930007366756C6C79210D0A000000494D5552E3
:10C9400065636569766520637265617420737563DC
:10C950006365737366756C6C79210D0A00000000C5
:10C96000474E53535265636569766520637265610E
:10C9700074207375636365737366756C6C79210DD0
:10C980000A000000526563656976657252656365E9
:10C99000697665206372656174207375636365737E
:10C9A0007366756C6C79210D0A00000054656C6526
:10C9B000706F72745472616E736D69742063726506
:10C9C0006174207375636365737366756C6C79212C
:10C9D0000D0A00002DED068BA6B09FED47AB484F2A
:10C9E0004FF4FA7ADFF81C81474D484C484EDFF887
:10C9F0002491B7EE008B4848F7F730F946481021EC
:10CA0000F7F79AF84448F6F731FF4348F7F726F965
:10CA100041481021F7F790F83F48F6F727FF00EE5E
:10CA2000100A3D48B8EE400B20EE0A9BF7F79AF942
:10CA3000387805280AD2DFE800F00305595B5D006D
:10CA400036A100E037A122A8F3F7B0FD98ED000B66
:10CA5000364922AA8DED200B8DED1E9B8DED1C8B92
:10CA60008DED1A8B95ED260B95ED321B304830EE8F
:10CA7000410B8DED180B94ED060B8DED160B94ED1F
:10CA8000020B8DED140B94ED040B8DED120B94ED58
:10CA90000A0B8DED100B94ED0E0B8DED0E0B94ED3E
:10CAA0000C0B8DED0C0B96ED1C0B8DED0A0B96ED22
:10CAB0001A0B8DED080B96ED180B8DED060B95ED11
:10CAC000040B8DED040B95ED020B8DED020B95ED36
:10CAD000000B8DED000BF3F769FD154999F8000087
:10CAE000FCF7F6FE504606F0BDFB84E711A1AAE76D
:10CAF00012A1A8E713A1A6E7EAB1EBE6FB0C3C3FC5
:10CB000090010024E0020024A8570024506700246C
:10CB1000886A002470010024380300244D616E757A
:10CB2000616C0000537461626C650000D8F7030803
:10CB3000505B002448656967687400005061746840
:10CB40000000000052657475726E0000174810B541
:10CB5000FBF740FF15480068C169C943C90623D4E3
:10CB6000102101621148FBF7DDFE1149192211481D
:10CB7000F3F763FE0E481921F3F7DEFE0C49192284
:10CB80000A48FCF7E3FB0D480B49006807F00BF976
:10CB900009480068002807D009494FF08050086014
:10CBA000BFF34F8FBFF36F8F10BD0000D807002475
:10CBB000785800249158002468010024640100245E
:10CBC00004ED00E0354810B5FBF704FF334800687A
:10CBD000C169C943C9065FD4102101622F48FBF720
:10CBE000A1FE2F482F490068884234D02D491831C2
:10CBF000884230D02B49303188422CD029494831E5
:10CC0000884228D027496031884224D0254978318C
:10CC1000884220D02349903188421CD02149A83134
:10CC2000884218D02049884215D01F4918318842BF
:10CC300011D01D49303188420DD01B4948318842FE
:10CC400009D019496031884205D0174978318842A6
:10CC500001D0154990314068144A81B21448C1F599
:10CC6000007189B211800268114401600B484FF4D1
:10CC70000072FCF76BFB10480E49006807F093F850
:10CC80000C480068002807D00C494FF0805008601D
:10CC9000BFF34F8FBFF36F8F10BD0000000900245A
:10CCA0004C0D002410000240100402407C010024BE
:10CCB00080010024780100247401002404ED00E0C8
:10CCC00030B5416EB9B101680D4B03F108048A68B3
:10CCD0008968C2F34262490F5D5C615C2D01B5FB5E
:10CCE000F1F1A0F86A10995CA25C0901B1FBF2F1C4
:10CCF000A0F8681030BD0121A0F86A10F8E7000024
:10CD0000F447010890F82810090706D50168836BDD
:10CD10004A6822F400421A434A6090F82810C90772
:10CD200006D00168C36A4A6822F400321A434A6096
:10CD300090F82810890706D50168036B4A6822F429
:10CD400080321A434A6090F82810490706D50168D6
:10CD5000436B4A6822F480221A434A6090F82810F4
:10CD6000C90606D50168C36B8A6822F480521A434B
:10CD70008A6090F82810890606D50168036C8A68D5
:10CD800022F400521A438A6090F82810490611D5FF
:10CD90000168436C4A6822F480121A434A60416C6D
:10CDA000B1F5801F06D10168836C4A6822F4C00285
:10CDB0001A434A6090F82810090606D50168C26C2B
:10CDC000486820F400201043486070472DE9F8437C
:10CDD00000250446C0F89050F8F7C8FA804620684D
:10CDE00020266FF07E470068000713D500224346D7
:10CDF00031042046009700F051FB58B1216851E8FA
:10CE0000000F20F0800041E80002002AF6D1C4F8AB
:10CE1000886021E020680068400722D50022434650
:10CE20004FF480012046009700F038FBC8B120681D
:10CE300050E8001F21F4907140E80012002AF6D15A
:10CE40002068083050E8001F21F0010140E800127E
:10CE5000002AF5D1C4F88C60032084F88450BDE822
:10CE6000F883C4F88860C4F88C60E5662567002004
:10CE700084F88450F3E710B5806B0021A0F85E10B1
:10CE8000A0F85610FBF7A4FD10BD70B5846B00250B
:10CE90002168D4F88800D4F88C608968090606D522
:10CEA000212804D1A4F85650204600F0B5F8206897
:10CEB0008068400606D5222E04D1A4F85E50204694
:10CEC00000F080F8D4F8900040F01000C4F8900012
:10CED0002046FBF77DFD70BD10B5C1690022806B57
:10CEE000B1F5807F2DD0A0F85E20036853E8001FC5
:10CEF00021F4807143E80014002CF6D10168083158
:10CF000051E8003F23F0010341E80034002CF5D143
:10CF10000168083151E8003F23F0400341E8003444
:10CF2000002CF5D12021C0F88C10C16E012908D148
:10CF3000016851E8003F23F0100341E80034002C61
:10CF4000F6D10267C16E012902D0FCF723FA10BDA9
:10CF5000B0F85C10FBF795FC10BD10B5806B01219B
:10CF60000167C16E012902D0FCF715FA10BDB0F8B7
:10CF70005C104908FBF785FC10BD10B5C169806BDA
:10CF8000B1F5807F16D00021A0F856100168083155
:10CF900051E8002F22F0800241E80023002BF5D158
:10CFA000026852E8001F41F0400142E80013002BE4
:10CFB000F6D110BDFCF790FA10BD10B5806BFCF7F0
:10CFC0008CFA10BD10B5026852E8001F21F4907170
:10CFD00042E80013002BF6D10E4B0268083252E8EB
:10CFE000001F194042E80014002CF6D1C16E01293F
:10CFF00008D1026852E8001F21F0100142E8001336
:10D00000002BF6D100212022C0F88C20C166416798
:10D0100010BD0000FEFFFFEF026852E8001F21F084
:10D02000C00142E80013002BF6D10168083151E835
:10D03000002F22F4000241E80023002BF5D120212B
:10D04000C0F88810704700002DE9F043044680685E
:10D05000D84E87B0D84B2168D4E90427D4F81CC037
:10D0600010430A68002547EA0C0738433240024360
:10D070000A602068E268416821F440511143416030
:10D080002268A1699A4201D0206A01439768DFF8BB
:10D090002CC3CB4ECB4807EA0C070F43976021689F
:10D0A000676ACA6A22F00F023A43CA622268B24231
:10D0B0000ED1006800F03800182873D047DCB8B3F0
:10D0C000082879D010286FD178E028287ED17BE01D
:10D0D000BD498A4209D1006800F00700062875D2D0
:10D0E000DFE800F0546A6C6E7072B8498A4209D168
:10D0F000006800F00700062868D2DFE800F0475D0E
:10D100005F616365B2498A4209D1006800F0070097
:10D1100006285BD2DFE800F03A5052545658AD4929
:10D120008A420BD1006800F0070006284ED200E0CA
:10D1300010E0DFE800F02B4143454749A6498A4209
:10D140000AD1006800F03800182839D0B7DD20284F
:10D15000BBD13CE001203AE0A0498A4209D10068F5
:10D1600000F00700062831D2DFE800F01026282A58
:10D170002C2E9B498A420BD1006800F0070006283C
:10D1800024D2DFE800F003191B1D1F2100201EE040
:10D190009A421BD18B48001D006800F0070006284A
:10D1A00014D202E00CE007E010E0DFE800F0030535
:10D1B00007090B0D02200AE0042008E0082006E021
:10D1C000102004E0202002E0402000E0802085497B
:10D1D000DFF814829A42854A4FF400434FEA211740
:10D1E0004FF000064ED110281AD006DC022809D0D4
:10D1F00004280BD008287CD10DE020283ED0402800
:10D2000077D13DE0F8F7A4FA014610E06846F8F758
:10D2100055FB01990BE003A8F8F7F2FB049906E02F
:10D220001068800605D51068C0F3C100C140002910
:10D2300070D0606A676838F8102007EB4703B1FBCD
:10D24000F2F0834255D8B0EB073F52D8002308468E
:10D250001946F3F728F902467808130E120243EA3A
:10D26000012110183A4671410023F3F71CF9604A76
:10D27000A0F5407191423CD821688FE03946D8E74B
:10D280001946D6E7D4F81CC04FF6EF799C4546D135
:10D29000082819D005DC58B101280CD0042875D114
:10D2A0000DE0102815D0202835D040286ED134E06C
:10D2B000F9F700FC01E0F9F70FFC014610E06846C1
:10D2C000F8F7FCFA01990BE003A8F8F799FB049929
:10D2D00006E01068800604D51068C0F3C100C140A4
:10D2E000C1B1636A606838F81330B1FBF3F14900EB
:10D2F00000E04BE001EB5001B1FBF0F0A0F11001B8
:10D30000494543D84FF6F0732168C0F342021840F4
:10D31000104343E043E03946E3E71946E1E70828D4
:10D3200019D005DC58B101280CD004282ED10DE00D
:10D33000102815D020282BD0402827D12AE0F9F733
:10D34000B9FB01E0F9F7C8FB014610E06846F8F7C1
:10D35000B5FA01990BE003A8F8F752FB049906E02F
:10D360001068800604D51068C0F3C100C140B1B197
:10D37000636A606838F81330B1FBF3F101EB5001D8
:10D38000B1FBF0F0A0F11001494505D9012506E0F7
:10D390003946EDE71946EBE7216880B2C860012005
:10D3A000A4F86A00A4F8680028466667A66707B074
:10D3B000BDE8F083F369FFCF000C0058FFF4FF11C4
:10D3C000001001405444025800440040004800400E
:10D3D000004C004000500040001401400078004024
:10D3E000007C00400090D003DC4701080044025854
:10D3F000FFFC0F0070B50446D0F880000023222502
:10D40000A165A4F85C20C4F89030C4F88C50F0B149
:10D410001F49C163D4F880101E480864D4F88010F6
:10D420001D48C864D4F8800003651346A56D2168C3
:10D43000D4F880002A462431F7F7FEFC38B11021D9
:10D44000C4F890102020C4F88C00012070BD206921
:10D4500040B1216851E8000F40F4807041E80002BB
:10D46000002AF6D12068083050E8001F41F0010181
:10D4700040E80012002AF5D12068083050E8001F6B
:10D4800041F0400140E80012002AF5D1002070BDB3
:10D49000D9CE00085BCF00088BCE00082DE9F047FD
:10D4A000994617460D460446089E4FF0000833E0A3
:10D4B000701C31D0F7F75AFFA0EB0900B04218D822
:10D4C000BEB120680168490726D5802D24D0402DA3
:10D4D00022D0C169C94309070DD408250562204639
:10D4E000FFF770FDC4F89050012084F88480BDE8F7
:10D4F000F0870320FBE7C069C04300050CD4216816
:10D500004FF4006008622046FFF75CFD2021C4F85C
:10D51000901084F88480ECE72068C06935EA000048
:10D5200004D00020B842C3D00020E0E70120F9E792
:10D530000148FBF74FBA000094090024154810B5C4
:10D54000FBF748FA13480068C169C943C9061FD4EC
:10D55000102101620F48FBF7E5F90F4937220F4808
:10D56000F3F76BF90C4937220A48FBF7EFFE0D4839
:10D570000B49006806F017FC09480068002807D02E
:10D5800009494FF080500860BFF34F8FBFF36F8F92
:10D5900010BD0000280A00242C57002468570024DE
:10D5A000200100241C01002404ED00E038B53948B6
:10D5B000FBF710FA37480068C169C943C90668D447
:10D5C000102101623348FBF7ADF933483349006855
:10D5D000884234D031491831884230D02F49303117
:10D5E00088422CD02D494831884228D02B496031BF
:10D5F000884224D029497831884220D02749903167
:10D6000088421CD02549A831884218D02449884234
:10D6100015D023491831884211D021493031884230
:10D620000DD01F494831884209D01D4960318842D8
:10D6300005D01B497831884201D0194990314068A2
:10D640000021ADF80000BDF800004FF48064154AD9
:10D65000C0F580601154134922461348F3F7EDF8E2
:10D6600010482146F3F768F90E4922460948FBF7AE
:10D670006DFE0F480D49006806F095FB0B480068E9
:10D68000002806D00B49A0040860BFF34F8FBFF3FA
:10D690006F8F38BDBC0A0024B40E00241000024075
:10D6A00010040240505F0024506300248C010024C9
:10D6B0008801002404ED00E0384810B5FBF78AF932
:10D6C00036480068C169C943C90665D410210162A2
:10D6D0003248FBF727F9324832490068884234D093
:10D6E00030491831884230D02E49303188422CD010
:10D6F0002C494831884228D02A496031884224D0B8
:10D7000028497831884220D02649903188421CD05F
:10D710002449A831884218D02349884215D022498B
:10D720001831884211D02049303188420DD01E492D
:10D730004831884209D01C496031884205D01A49D5
:10D740007831884201D0184990314068174A002149
:10D75000C0F5806080B24FF48064115413492246B2
:10D760001348F3F76AF811482146F3F7E5F80F4933
:10D7700022460A48FBF7EAFD0F480E49006806F00A
:10D7800012FB0C480068002806D00C49A004086071
:10D79000BFF34F8FBFF36F8F10BD0000500B0024FD
:10D7A0002C0F00241000024010040240505F00249F
:10D7B000506300248C0100248801002404ED00E063
:10D7C000FEE703B401984100009850EAC12018BF59
:10D7D00004204A0D18BF40F0010040F2FF72B2EB86
:10D7E000515F08BF40F00200012808BF052002B0C9
:10D7F0007047090700284FEA116104DB00F1E020BF
:10D8000080F80014704700F00F0000F1E02080F86D
:10D81000141D70470000000070B56B482DED020B21
:10D820002DED0A8B82B00D9D25F000449FED68BB65
:10D830009FED699B84422EDBA4F140510C98A1F12D
:10D840007F6108430FD06648844202DC18D10C98EF
:10D85000B0B19DED0C0B02B0BDEC0A8B02B0BDE87F
:10D86000704001F0F5BB9DED0C0B9DED0C1B20EE07
:10D870000B0B01EE090B02B0BDEC0A8B02B070BDC0
:10D880000120F3F7ABF802B0BDEC0A8B02B0BDE8A3
:10D89000704001F0E5BB53489FED538B844230DA72
:10D8A0009DED0C0BB4F1795F0ADA51EC100BFFF728
:10D8B00088FF042808BF01F0EBFB9DED0C0BDAE7B5
:10D8C00020EE009B4A480621B0EE490B784401F057
:10D8D0001FFA20EE09AB4748B0EE490B042178440B
:10D8E00001F016FA09EE008B8AEE080B8DED000BA5
:10D8F0009DED0C0B9DED0C1B9DED002B01EE020B25
:10D90000B9E79DED0C0B51EC100B03F038F941EC2D
:10D91000100B9FED391B3A4838EE400B06218DED78
:10D92000000B20EE01ABB0EE4A0B784401F0F0F9A9
:10D9300020EE0ACB3348B0EE4A0B0421784401F0C4
:10D94000E7F90AEE008B51EC1A0B05F071FA41EC85
:10D95000110B2D489FED2E2BA0420EDC8CEE080BF8
:10D960008DED000B9DED003BB0EE410B01EE030B86
:10D9700010EE029B3BEE490B21E08DED001B0020D9
:10D9800000909DED000B9DED003B00EE43AB31EEB2
:10D99000000B21EE021B8AEE003B8CEE080B03EE1F
:10D9A000429B9DED003B11EE009B9FED1B1BB0EEDB
:10D9B000410B03EE420B39EE400B31EE400B002DD4
:10D9C000D8BFB1EE400B56E70000F03F000000006A
:10D9D000182D4454FB21F93F075C143326A6913CD3
:10D9E0000000F07F0000E03F000000000000F03F7A
:10D9F000701B03008E1B0300000000000000E03FCE
:10DA0000121B0300301B03003333EF3F0000000004
:10DA10000000000000000040182D4454FB21E93FA5
:10DA200070B565482DED020B2DED048B059D25F09D
:10DA30000044A04218DC6148844202DC0AD1049808
:10DA400040B19DED040BBDEC048B02B0BDE870400D
:10DA500001F0FEBA002DCCBF9FED590B9FED5A0B84
:10DA6000BDEC048B02B070BD5948A04215DD594889
:10DA7000A042D8BF4FF0FF3455DD9DED040B51ECB3
:10DA8000100BFFF79EFE042808BF01F001FB9DED7F
:10DA9000040BBDEC048B02B070BD9DED040B51EC8A
:10DAA000100B03F06CF8CDE904014B489FED4C0BD3
:10DAB000A0421CDD4C48A0420BDD9DED042B002450
:10DAC0009FED4B1B12EE010B32EE011B80EE012B82
:10DAD00027E09DED041B9DED042B012431EE401B3E
:10DAE00032EE000B81EE002B8DED042B1BE0424843
:10DAF000A0420FDD9DED042B02249FED411B9DED07
:10DB0000043B32EE412B03EE010B82EE001B8DED48
:10DB1000041B08E09DED040B9FED3B1B032481EEED
:10DB2000002B8DED042B9DED040B3948062120EED2
:10DB3000009B29EE098BB0EE480B784401F0E8F821
:10DB400020EE099B3348B0EE480B0521784401F0E4
:10DB5000DFF820EE080B002C0BDA9DED042B39EEDC
:10DB6000001B9DED040BBDEC048B02B002EE410BDB
:10DB700070BD2948784439EE000B00EBC4009DEDE0
:10DB8000042B90ED001B254812EE001B9DED040BAD
:10DB900031EE400B784400EBC400002D90ED001BEB
:10DBA00031EE400BB8BFB1EE400BBDEC048B02B0C0
:10DBB00070BD000000000000000010440000F07F75
:10DBC000182D4454FB21F93F182D4454FB21F9BF73
:10DBD0000000DC3F0000203E0000F33F000000009A
:10DBE000000000000000F03F0000E63F00000000E1
:10DBF0000000000000000040008003400000000022
:10DC0000000000000000F83F000000000000F0BF2E
:10DC1000BA1903008019030038190300F81803002B
:10DC200070B55F4E2DED040B2DED028B82B0DDF84B
:10DC30001CC0DDE905235C422CF000411C4341EA95
:10DC4000D474049D22F00040B44205D86C422C43A9
:10DC500040EAD474B4420BD99DED061B9DED040B34
:10DC600002B0BDEC028B04B0BDE8704001F0F3B926
:10DC7000ACF14054A4F17F641C430BD0022404EAAD
:10DC8000AC7444EAD27405439FED478B9FED482B5B
:10DC90000DD016E09DED040B51EC100B01F00CFAC9
:10DCA00041EC100B02B0BDEC028B04B070BD002C37
:10DCB00014BF012C9DED040BF4D0022C2ED0032CAC
:10DCC0002FD00B439FED3C1B9FED3D0B0AD0B14283
:10DCD0001DD1B04209D121F0804120F08040079150
:10DCE000059014E0002ADDDA15E0374B7B44002C68
:10DCF00008BF93ED000BD5D0012C04BF93ED000BB2
:10DD0000B1EE400BCED0022C08D0032C09D0B0428B
:10DD10000AD1002AC6DAB0EE410BC3E7B0EE480BD9
:10DD2000C0E7B0EE420BBDE7401A00153C28C8BF63
:10DD30008DED000B17DCBCF1000FBEBF10F13C0FE6
:10DD40009FED230B8DED000B0DDB9DED041B9DED79
:10DD5000062B81EE020B51EC100B02F010FF01F0CC
:10DD6000ABF9CDE90001002C08BF9DED000B99D067
:10DD7000012C0CD09DED001B9FED170B022C31EEFA
:10DD8000400B0CBF38EE400B30EE480B8AE7019891
:10DD900080F0004001909DED000B83E70000000043
:10DDA0000000F07F00000000182D4454FB210940C2
:10DDB000182D4454FB2109C0182D4454FB21F9BFF0
:10DDC000182D4454FB21F93FF01803000000000017
:10DDD0000000000000000000075C143326A6A13CF0
:10DDE00010B529499FED261B2DED020B84B0059837
:10DDF00020F000408842D8BF9DED040B2DDD234963
:10DE0000884209D1049840B94FF00100F2F7E6FDCD
:10DE100001F026F906B010BD05DB9DED040B30EED8
:10DE2000000B06B010BD68469DED040B00F078FDB8
:10DE300010F0030004BF9DED021B9DED000B0CD004
:10DE400001280ED09DED021B9DED000B022810D085
:10DE5000012000F095FF06B010BD00F0E9FE06B00D
:10DE600010BD9DED021B9DED000B012000F088FF11
:10DE700001E000F0DDFE06B0B1EE400B10BD000089
:10DE80000000000000000000FB21E93F0000F07FDF
:10DE90002DE9F04D2DED040B2DED0A8B9AB0DDE947
:10DEA0002550279CDDF890A025F0004624F000487E
:10DEB000BAF1000F14BF0121002101EB4502F8491E
:10DEC00053184A1093422AD3002814BF0123002379
:10DED00003EB44030B44F3498B4220D358EA00017F
:10DEE0009FEDF19B72D0DFF8C8B35D4503D1BAF165
:10DEF000000F05D184E0BAF1000F08BF002100D067
:10DF0000012101EB450111F5001F08D8002814BFBD
:10DF10000121002101EB440111F5001F0BD99DEDFA
:10DF2000261B9DED240B1AB0BDEC0A8B04B0BDE896
:10DF3000F04D01F090B80027002DBCBFDD498845A9
:10DF400021DADD498845A8BF02271CDAC3451ADC5F
:10DF5000DA4901EB2851142908DDC1F1340220FA15
:10DF600002F101FA02F282420DD108E058B9C1F182
:10DF7000140228FA02F101FA02F2424503D101F03B
:10DF80000101C1F1020756EA0A0120D1002C1EDA74
:10DF9000002D18BF022F01D0012F0AD00220F2F766
:10DFA0001DFD1AB0BDEC0A8B04B0BDE8F04D01F0C8
:10DFB0003FB80220F2F712FD01F03AF8B1EE400B43
:10DFC0001AB0BDEC0A8B04B0BDE8F08D18E09FEDEF
:10DFD000BCAB9FEDBD8B00287DD1B64880451CD1E0
:10DFE00005F1804010F5801008BFBAF1000F07D08E
:10DFF000B34508DC002CA8BF9DED260BE0DA07E056
:10E00000B0EE490BDCE7002CB8BF9DED260BD5DB4D
:10E01000AF48784490ED000BD2E7D84548D1002CAA
:10E0200043DA2EB186423AD1BAF1000F3DD126E053
:10E03000BAF1000F13D00220F2F7D0FC01F01CF867
:10E040008DED020B9DED240B8DED000B10EE900A73
:10E05000039961F31E0003909DED020BB0E78DED77
:10E0600002AB9DED240B1AEE901A10EE900A8DED86
:10E07000000B61F31E0003909DED020BA0E78DEDF8
:10E08000028B9DED240B18EE901A10EE900A8DED88
:10E09000000B61F31E0003909DED020B90E704DA84
:10E0A0009DED241B89EE010B8AE79DED240B87E78C
:10E0B00086421ADAB4F1804F04BF9DED240B20EEA6
:10E0C000000B3FF47DAFA4F10050B0F1FF500CD134
:10E0D000002D0ADB00E008E09DED240B51EC100B55
:10E0E00004F0A6FE41EC100B6AE79DED240B51EC09
:10E0F000100B02F044FDBAF1000FCDE90E0140D142
:10E100009FED750B46B3A6F1E040B0F17F600ED0F5
:10E110005E4536D1002D00DA97B3022F0CBF0120E7
:10E120004FF0FF3000EE100AB8EEC00B48E7002DAC
:10E1300001DD002C0DDA002D01DD002C1DDB002D92
:10E1400014DA002C12DB012F08BF9FED650B3FF4A2
:10E1500037AFB0EE4A0B33E7022F18BF002D0CD0BB
:10E16000012F0AD1002DFFF62BAF06E0002DB8BF1E
:10E17000002C06DA012F3FF423AFB0EE480B1FE767
:10E1800019E0012000EBE57050EA070113D0791E79
:10E19000B0EE498B084308BF9FED538B54480025D0
:10E1A00080457ADD53495448884514DDB0420DDB83
:10E1B000002C19DB2CE00120F2F710FC1AB0BDECAA
:10E1C0000A8B04B0BDE8F04D00F04ABFB34502DC55
:10E1D000002C09DC1CE0864202DA002C18DA03E08D
:10E1E0005E4528DD002C13DD0220F2F7F7FB00F07E
:10E1F00043FF8DED020B28EE0A0B8DED000B10EEA8
:10E20000900A039961F31E0003909DED020BD7E67F
:10E210000220F2F7E3FB00F03BFF10EE901A18EE3D
:10E22000900A8DED020B8DED008B61F31E000390C3
:10E230009DED020BC4E69DED0E0B9FED313B30EEE4
:10E24000490B8DED040B20EE002B9DED041B9FED83
:10E250002E0B01EE430B9DED043B9FED2D1B03EEBA
:10E26000401B9DED040B9FED2E3B22EE012B9FEDFD
:10E270002A1B20EE011B20EE030B9FED2B3B02EE31
:10E28000430B31EE002B8DED022B02959DED022B01
:10E2900032EE411B30EE411B21E149E0000000005D
:10E2A000FFFF1F00FFFF0F00000000000000F03F15
:10E2B0000000F03F0000F07F0000404301FCFFFF42
:10E2C000000000000000F07F0000000000000000DF
:10E2D000CA150300000000000000000000000080DC
:10E2E000000000000000F0FF000000000000F0BF90
:10E2F0000000E0410000F043FFFFEF3F000000009E
:10E30000000000000000D03F555555555555D53FEC
:10E31000000000000000E03F000000604715F73FEC
:10E3200044DF5DF80BAE543EFE822B654715F73F88
:10E330000020B6F5801F0BDA9DED0E0B9FEDEC1B58
:10E340006FF0340020EE010B10EE906A8DED0E0B95
:10E35000E94A00EB2650C6F31301A0F2FF3741F063
:10E360007F6040F040509142D8BF002408DDE34A6E
:10E370008A42C8BF012403DC0024A0F580107F1C62
:10E38000DF49794401EBC4010F9091ED001B9DED35
:10E390000E2B9DED0E0BDB4931EE023B30EE410BB7
:10E3A00089EE032B20EE02AB8DED02AB7944029592
:10E3B00091ED003B4FF0005141EA600000EB8440DA
:10E3C0008DED043B00F5002005909DED043B9DED97
:10E3D000044B2AEE0ACB33EE411B9DED0E3BCA489F
:10E3E000062133EE411B9DED023B03EE440B03EE91
:10E3F000410B20EE02BBB0EE4C0B784400F088FCE1
:10E400002CEE0C1B20EE010B9DED021B31EE0A1BC6
:10E410000BEE010B9DED021B21EE011B9FEDBC2BB2
:10E4200031EE023B33EE003B8DED043B04959DED58
:10E43000043B33EE422B32EE411B30EE412B9DED7F
:10E44000020B9DED041B20EE011B9DED040B2BEE3A
:10E45000000B02EE0A0B31EE002B8DED022B029524
:10E460009DED022B32EE411B30EE410B9DED021B68
:10E470009FEDA92B21EE021B9DED022B9FEDA83BEA
:10E4800022EE032B9FEDA83BA94800EE032B784416
:10E4900000EBC40090ED000BA64832EE000B02EE3C
:10E4A000107AB8EEC22B8DED042B31EE003B784490
:10E4B00000EBC4009DED044B90ED002B33EE023BCE
:10E4C00033EE043B8DED023B02959DED023B33EEB6
:10E4D000443B33EE422B32EE411B30EE411B9DEDAF
:10E4E000260B954A8DED000B00959DED260B9DEDBD
:10E4F000002B30EE420B9DED022B20EE020B9DED2A
:10E50000262B02EE010B9DED001B9DED022B21EE53
:10E51000021B8DED021B30EE011B11EE900A11EE75
:10E52000101A8DED001B904224DB821A11430ED18C
:10E530009FED831B9DED002B9DED023B30EE011BFB
:10E5400032EE432BB4EEC21BF1EE10FA26DD0220B0
:10E55000F2F744FA00F090FD10EE901A18EE900ACF
:10E560008DED020B8DED008B61F31E0003909DED90
:10E57000020B25E5744B20F000429A420ED3734AF9
:10E58000024411437FF444AE9DED022B31EE421B59
:10E59000B4EEC01BF1EE10FABFF63AAE20F0004127
:10E5A0006B4A6C4B002402EB21529942D8BF9DED7F
:10E5B000021B27DD511C4FF4801222FA01F10144A5
:10E5C000654BC1F30A527B44A2F2FF3293ED001B6C
:10E5D000624B8DED041BD34021EA0303C1F3130109
:10E5E00041F48011C2F1140221FA02F405930028CB
:10E5F000B8BF64429DED021B9DED042B31EE421B22
:10E600008DED021B30EE011B8DED041B04959DED7D
:10E61000041B9FED532B9DED023B21EE021B9DED54
:10E62000042B32EE432B30EE420B9FED4F2B20EEAE
:10E63000020B9DED042B9FED4E3B4F48052102EE52
:10E64000030B31EE002B8DED002B32EE411B30EE33
:10E6500041AB9DED000B20EE000B8DED040B7844DB
:10E6600000F056FB9DED001B9DED042B02EE401BC0
:10E670008DED021B9DED000B20EE010B9FED402B5D
:10E6800031EE422B80EE021B9DED002BB0EE4A0BCB
:10E6900002EE0A0B31EE400B9DED001B30EE410BFC
:10E6A00039EE400B10EE900A8DED000B00EB04509C
:10E6B00001150029C8BF019013DC224651EC100B54
:10E6C00006F033F8FFF77DF8042808BF00F0E0FCFF
:10E6D00022469DED000B51EC100B06F026F8CDE91B
:10E6E00000019DED000B28EE000B69E40000000026
:10E6F00000000000000040438E9803007AB60B0033
:10E70000A2110300301203005A11030000000000A0
:10E710000000000000000840000000E009C7EE3FD4
:10E72000F5015B14E02F3EBEFD033ADC09C7EE3F66
:10E73000B6100300861003000000904000000000A7
:10E74000FE822B654715973C00CC904000346F3F0C
:10E7500001FCFFFF0000E03F16100300FFFF0F0069
:10E7600000000000432EE63FEF39FAFE422EE63F5E
:10E77000396CA80C615C20BE260F0300000000006D
:10E78000000000000000004010B529499FED261B45
:10E790002DED020B84B0059820F000408842DCBFCC
:10E7A00000209DED040B2EDD2249884209D10498FA
:10E7B00040B94FF00100F2F711F900F051FC06B03A
:10E7C00010BD05DB9DED040B30EE000B06B010BD57
:10E7D00068469DED040B00F0A3F810F003000DD087
:10E7E000012814D09DED021B9DED000B022816D0D0
:10E7F00000F01EFA06B0B1EE400B10BD9DED021BFD
:10E800009DED000B012000F0BBFA06B010BD9DEDA0
:10E81000021B9DED000B00F00BFA06B010BD0120AD
:10E8200000F0AEFAE6E70000000000000000000083
:10E83000FB21E93F0000F07F00B52DED028BB1EE2A
:10E84000C08B83B018EE100A18EE901A8DED008B75
:10E85000002818BF0120084320F00040C0F17F606D
:10E8600000F1E040C00F14D010EE101A10EE900A24
:10E870008DED000B002918BF0121084320F0004056
:10E88000C0F17F6000F1E040C00F04BF0120F2F74B
:10E89000A5F8B0EE480B03B0BDEC028B00BD000044
:10E8A00010B51D499FED1A1B2DED020B84B0059884
:10E8B00020F000408842DCBF01209DED040B21DDEB
:10E8C0001649884209D1049840B94FF00100F2F787
:10E8D00085F800F0C5FB06B010BD05DB9DED040B0F
:10E8E00030EE000B06B010BD68469DED040B00F045
:10E8F00017F800F001000121A1EB40009DED021B83
:10E900009DED000B00F090FA06B010BD0000000075
:10E910000000000000000000FB21E93F0000F07F44
:10E920002DE9F14F04462DED020B2DED048B94B033
:10E930009FED9D0B80ED020B199E9D4826F0004532
:10E9400085420ADC9DED180B002084ED000B14B00D
:10E95000BDEC048B03B0BDE8F08F96489FED969B0D
:10E960009FED978BA84225DD97489FED991B9FED62
:10E970009A2B9DED180B002E0DDD30EE490B8542D4
:10E9800012BF30EE480B30EE410B30EE420B84EDFF
:10E99000000B0120DBE730EE090B854212BF30EEA1
:10E9A000080B30EE010B30EE020B84ED000B4FF044
:10E9B000FF30CCE78A48A84253DB9DED180B51ECA1
:10E9C000100B02F0DCF841EC100BB0EE401B9FED99
:10E9D000862B9FED870B290DDFF81CC201EE020B81
:10E9E0000120FDEEC00B10EE903A00EE903AB8EE2A
:10E9F000E02BB0EE410B02EE490B22EE081BFC446B
:10EA0000032830EE411B84ED001B1DD011EE902A2F
:10EA100000EB4015113DC2F30A528A1A954213DAEF
:10EA20000CEB0012B0EE403B92ED000B401C20EED0
:10EA3000021B33EE410B33EE403B33EE411B92EDB4
:10EA4000023B12EE031BDBE7002EA8BF1846BFF601
:10EA50007EAF94ED000B5842B1EE400B84ED000BFD
:10EA600075E7C6F3130040F4801EC6F30A50A0F207
:10EA7000F530471100F01F05C5F12000DDF860B04A
:10EA8000139000200890099005200DF1080C5B49B7
:10EA9000002D07EB0002794408BF51F8221009D07D
:10EAA00051F8223001EB8201AB404A68139922FAF7
:10EAB00001F11943A1FB0E26A1FB0B131A449A4244
:10EAC00034BF0123002303EB06080CEB8003D3E9DA
:10EAD00001A60E448E4234BF0121002192448A4493
:10EAE00011B1924502D903E0924501D2012100E023
:10EAF0000021C3E901A641444CF82010011EA0F1F9
:10EB00000100C4DC04989DED050A00F10050810F5E
:10EB100004989FED3B4B800001EE100ADDED060AE4
:10EB20009DED072AB8EEC13BB8EE401BB8EE600B76
:10EB3000B8EE422B002021EE041B9FED334B20EE5C
:10EB4000040B9FED334B22EE042B30EE024B34EEE0
:10EB5000014B34EE034B8DED004B00909DED004BCF
:10EB6000199834EE433B10F0004F33EE411B31EE69
:10EB7000400B32EE401B9DED000B9FED272B20EE4E
:10EB8000020B9FED272B01EE020B9DED001B9FED6D
:10EB9000262B01EE020B1CBF4942B1EE400B84ED67
:10EBA000000B0846D3E60000000000000000000053
:10EBB000FB21E93F7CD9024000004054FB21F93F92
:10EBC0003163621A61B4D03DFB21F93F00000000BF
:10EBD0000000601A61B4D03D7370032E8A19A33B04
:10EBE000FB2139410000000083C8C96D305FE43F5C
:10EBF000000000000000E03FE60B03007E0B030076
:10EC0000000000000000103E000000000000103C6A
:10EC1000000000000000103A3326A611460B113CFC
:10EC2000182D4454FB21F93D00000054FB21F93D0F
:10EC300010B52DED040B2DED068B82B0B0EE41AB7F
:10EC400009989FED299B20F00044B4F1795F0FDA19
:10EC50009DED080BBDEEC00B10EE100A002801BFA1
:10EC6000B0EE490B02B0BDEC068B04B008BF10BD7E
:10EC70009DED080B1E48062120EE008BB0EE480BE0
:10EC8000784400F045F820EE080B9DED081B1C4869
:10EC9000844228EE000B01EE4A0B9FED171B28EE75
:10ECA000011BBCBF31EE400B39EE400B16DB1548A3
:10ECB000A042BCBF9FED142B8DED002B06DBA4F50D
:10ECC00000100190002000909DED002B31EE421BC2
:10ECD00039EE422B31EE400B32EE400B02B0BDEC70
:10ECE000068B04B010BD0000000000000000F03FE3
:10ECF0002C09030000000000000000000000E03FBD
:10ED00003333D33F0000E93F000000000000D23F52
:10ED1000491E00EBC102B0EE401B92ED000B31F03A
:10ED200006020DD0491E00EBC102B0EE403B92ED51
:10ED3000002B31F00602B0EE420B03EE010BF1D1D5
:10ED4000022914D004290AD0062918BF704790ED73
:10ED50000A2B00EE012B90ED080B02EE010B90ED5B
:10ED6000062B00EE012B90ED040B02EE010B90ED53
:10ED7000022B00EE012B90ED000B02EE010B704711
:10ED800031B504462DED040B2DED068BB0EE419B05
:10ED900007989DED060B20F00040B0F1795F0DDA89
:10EDA00051EC100BFEF70DFD042808BF00F070F9C0
:10EDB0009DED060BBDEC068B05B030BD20EE008B43
:10EDC0001348052128EE00ABB0EE480B7844FFF75E
:10EDD0009FFF9FED111B8CB19FED112B29EE022B94
:10EDE0000AEE402B9DED060B18EE029B0AEE419BAE
:10EDF00030EE490BBDEC068B05B030BD08EE001BB4
:10EE00009DED060B0AEE010BBDEC068B05B030BD87
:10EE1000E008030000000000495555555555C5BF91
:10EE2000000000000000E03FF1B505462DED040BA9
:10EE30006B482DED0A8B84B0B0EE418B0F9E26F00F
:10EE400000449FED699B9FED6AAB844207DA9DED1C
:10EE50000E0BBDEEC00B10EE100A00287BD0664FE3
:10EE6000A7421DDC002E07DA9DED0E0BB1EE488B9C
:10EE7000B1EE400B8DED0E0B9DED0E0B9FED601B6B
:10EE800031EE400B8DED000B9FED5F0B9DED001BF8
:10EE900030EE480B31EE000B8DED0E0B9FED5C8BD1
:10EEA0009DED0E0B5C48062120EE000B8DED000B56
:10EEB00020EE00CBB0EE4C0B7844FFF729FF57480B
:10EEC000B0EE40BBB0EE4C0B06217844FFF720FFBC
:10EED0009DED001B20EE012B9DED000B9DED0E1B0B
:10EEE00020EE011B3BEE022BB0EE480B01EE020BB5
:10EEF0009DED002B02EE008B9FED490BA74201EE2A
:10EF0000008B9DED0E0B30EE080B48DC01EE105A25
:10EF1000022000EAA670B8EEC11BC0F1010020EE8D
:10EF2000002B30EE013B82EE030B9DED0E2B30EEFD
:10EF3000480B32EE400B9FED3C2B00EE421B00EEE7
:10EF4000100AB8EEC00B21EE000B04B0BDEC0A8B2A
:10EF500005B0F0BDFFE7691C0E982143084306D0B9
:10EF6000012D0FD09DED0E1B8AEE010BEDE79DEDFF
:10EF70000E0B51EC100B01F002FE41EC110B89EE6F
:10EF8000010BE2E79DED0E0B51EC100BFEF719FCA7
:10EF9000042808BF00F07CF89DED0E0BD5E7012D8D
:10EFA000D3D08DED000B002000909DED001B9DED5A
:10EFB0000E2B31EE421B8AEE002B38EE411B8DEDFD
:10EFC000022B02909DED020B9DED003B00EE039B9A
:10EFD00000EE019B02EE090BB7E700000000000005
:10EFE0000000303E00000000000000000000F03F84
:10EFF000000000000000F0BF2894E53F0000000082
:10F00000182D4454FB21E93F075C143326A6813CAC
:10F0100000000000000000001C0803003A08030084
:10F02000635555555555D53F000000000000004080
:10F030009FED031B9FED042B81EE020B7047000038
:10F04000000000000000F03F000000000000000091
:10F0500030EE000B704730EE010B704700000000EF
:10F060009FED031B81EE010B7047000000000000C4
:10F0700000000000000000009FED030B20EE000BDD
:10F080007047000000000000000000000000007059
:10F090009FED030B20EE000B704700000000000006
:10F0A000000000000000001030380A2801D20120C2
:10F0B000704700207047704710B541EC100BFEF709
:10F0C000AFFC51EC100B10BD10B5B7EE001B2DEDD1
:10F0D000028B90ED000B9FED258BB0EEC02BB4EEB4
:10F0E000C82BF1EE10FA04DDB0EE410BB0EE428B0E
:10F0F00005E09FED200B22EE000B20EE000B90EDC3
:10F10000022BB0EEC22BB4EEC82BF1EE10FA0ADDE2
:10F1100088EE023BB0EE428B20EE032BB0EE410BAB
:10F1200002EE030B03E082EE083B03EE030B90EDCF
:10F13000042BB0EEC22BB4EEC82BF1EE10FA0ADDB0
:10F1400088EE023BB0EE428B20EE032BB0EE410B7B
:10F1500002EE030B03E082EE081B01EE010BFFF74A
:10F160006BFB20EE080BBDEC028B10BD0000000015
:10F170000000C01C000000000000206370B51546B0
:10F180000C4606462DED048B91ED001B9FED1F9B59
:10F19000B5EEC01BB0EE490BF1EE10FA01D103F051
:10F1A000C3F894ED001BB7EE002B9FED1A8BB4EE65
:10F1B000421BF1EE10FA06D0BFEE002BB4EE421B5C
:10F1C000F1EE10FA03D12146304603F035F89FEDF9
:10F1D000131B00BFB4EEC10BF1EE10FA05D230EEF6
:10F1E000080BF7E730EE480B01E09FED0E1BB4EE85
:10F1F000C10BF1EE10FAF5DC2946304600F058F963
:10F2000085ED009BBDEC048B70BD0000000000008C
:10F2100000000000182D4454FB211940182D4454BF
:10F22000FB2109C0182D4454FB21094010B5B7EE4D
:10F23000002B2DED028B90ED000B9FED198BB0EEA6
:10F24000C01BB4EEC81BF1EE10FA04DDB0EE420BA9
:10F25000B0EE418B05E09FED140B21EE000B20EE8C
:10F26000000B90ED021BB0EEC11BB4EEC81BF1EE1B
:10F2700010FA0ADD88EE013BB0EE418B20EE031B55
:10F28000B0EE420B01EE030B03E081EE082B02EE21
:10F29000020BFFF7D1FA20EE080BBDEC028B10BD7C
:10F2A000000000000000C01C0000000000002063FF
:10F2B00010B504460020E070401E6063204602F056
:10F2C00002FE08B1042010BD04F2362002F0AAFCB0
:10F2D000A0F52A41553901D0032010BD94F838001B
:10F2E000E92805D0EB2817D194F83A00902813D1DB
:10F2F00004F16E0002F08BFC084920F07F40884248
:10F3000001D1002010BD04F18A0002F080FC044904
:10F31000884201D1002010BD022010BD464154009A
:10F320004641543300E0401C02780AB18A42FAD1C7
:10F330000078704770B400221446194D05EB021393
:10F34000D3F800C0BCF1000F0DD00668B4450BD156
:10F35000D3F804C08668B44506D19B68D0F814C0C1
:10F36000634504D000E00124521C022AE6D3022A9D
:10F3700001D091B908E024B9022902D070BC122052
:10F38000704770BC0020704705EB02108089B0F513
:10F39000807F02D070BC0020704770BC1020704786
:10F3A000DC1700244DF8044D0021074B8C4603EB7D
:10F3B00001121468844201D1C2F800C0491C02291C
:10F3C000F5D35DF8044B7047DC1700240368C06A6E
:10F3D000021D480A5989B0FBF1F052F8041B21B113
:10F3E000884204D211680844704700207047401AD0
:10F3F000121DF2E7891EC269921E8A4201D80020BE
:10F400007047026B408901FB002070472DE9F05FD7
:10F4100081460F4607F11A0002F004FC10B10020EB
:10F42000BDE8F09F387800F03F00401E00EB8001FF
:10F4300001EBC00401260025DFF864A04FF6FF7B36
:10F440001AF80500384402F0EDFB804696B1FF2C17
:10F450000BD2404601F0F6FB06462046641C39F804
:10F46000100001F0EFFB864202D00020BDE8F09FC3
:10F47000464604E0D84502D00020BDE8F09F6D1C50
:10F480000D2DDDD3387810F0400F06D02EB139F8AD
:10F49000140010B10020BDE8F09F0120BDE8F09FEE
:10F4A0003848010801490020086070470000002426
:10F4B0009FED0D3B9FED0E1B9FED0F2B20EE030BE1
:10F4C00081ED002BB4EEC10BF1EE10FA01DDB0EED0
:10F4D000410B9FED0B1BB4EEC10BF1EE10FA01D204
:10F4E000B0EE410B70470000462575029A08EFBF49
:10F4F00065732D3852C1E03F00000000000000009D
:10F5000065732D3852C1E0BF2DE9F04180460F46AA
:10F51000D8F80050002F08D03946404601F010FEC0
:10F52000022809D20120BDE8F0816E6916B1E869B0
:10F53000B04208D8012606E0B0F1FF3FF3D0E969F8
:10F540008142F0D83E463446641CE869A04205D8A2
:10F550000224022E02D20020BDE8F081214640465E
:10F5600001F0EEFD48B10128F6D0B0F1FF3FF3D035
:10F57000B442E9D10020BDE8F0814FF0FF322146CE
:10F58000284603F0FDF928B927B122463946284616
:10F5900003F0F6F928B1012810D001242046BDE877
:10F5A000F0816C61E969A869891E884201D8401E12
:10F5B000A861287940F001002871EFE74FF0FF348F
:10F5C000ECE700002DE9F35F0F463E680098006805
:10F5D000D0F80CA00024254628466D1C305C20285D
:10F5E0000FD32F2808D05C2806D0FF2C0FD302B0F1
:10F5F0000620BDE8F09F6D1C715D2F29FBD05C29B2
:10F60000F9D071193960202833D2042532E0C0B214
:10F61000A0F181017D2910D829466D1C715C01EB98
:10F62000002080B2A1F140023F2A06D380397F2911
:10F6300003D302B00620BDE8F09F012101F0ACFA2F
:10F640008046B8F1000F0BD0B8F1800F0CD26EA03D
:10F650004146FFF767FE38B102B00620BDE8F09FD3
:10F6600002B00620BDE8F09F2046641C2AF81080F6
:10F67000B2E700254CB1601E3AF81000202801D0F6
:10F680002E2802D1641E002CF5D100202AF8140087
:10F690003CB100980B222021243002F00EFC002700
:10F6A00004E002B00620BDE8F09F7F1C3AF8170086
:10F6B0002028FAD02E28F8D01FB145F0030500E02D
:10F6C000641E24B1601E3AF810002E28F8D14FF0C5
:10F6D0000008C1464FF0080B38467F1C3AF810600E
:10F6E00006B3202E03D02E2E04D1A74202D045F01F
:10F6F0000305F1E7D84501D2A74219D1BBF10B0FA1
:10F700000ED0A74201D045F003050BD827464FF095
:10F7100008084FF00B0B4FEA89604FEA1069DBE7EE
:10F7200045F00305009890F82400E52840D043E018
:10F73000802E08D3304601F085FA002101F02CFA22
:10F74000064645F00205B6F5807F10D3ABF1010007
:10F75000804503D345F00305D846BDE700994046F0
:10F76000320A084408F1010880F8242018E026B184
:10F7700028A03146FFF7D6FD18B15F2645F00305F6
:10F780000EE0A6F14100192802D849F0020907E06D
:10F79000A6F16100192803D849F00109413086B269
:10F7A00000994046084408F1010880F8246093E776
:10F7B0000098052180F82410BBF1080F03D14FEA0F
:10F7C00089604FEA10690C2030EA090003D0032059
:10F7D00030EA090001D145F0020515F0020F0BD106
:10F7E00009F00300012801D145F0100509F00C00D3
:10F7F000042801D145F00805009880F82F5002B088
:10F800000020BDE8F09F0000222A3A3C3E3F7C7F6A
:10F81000000000002B2C3B3D5B5D0000401E0228D9
:10F8200010D2094901EB00118889B0F5807F00D121
:10F83000002008B1401E80B2888108B9002008600D
:10F840000020704702207047DC1700242DE9F041AA
:10F8500005460E462F680021284600F0BDF988B9FC
:10F860000024E969384602F02EFB58B9296A0A7863
:10F87000E52A0CD05AB100242846012100F07AF87C
:10F880000028EED0042800D10720BDE8F081641CD8
:10F89000B442F7D0F0E72DE9F0470446D4F80090E1
:10F8A0000021204600F098F9002861D1FF26374654
:10F8B0004FF0FF3AC4F830A04846E16902F003FB7C
:10F8C00080465FEA080052D1206A057875B1C17A96
:10F8D00001F03F01A171E52D04D011F0080F08D00F
:10F8E0000F2906D0FF26C4F830A038E04FF00408F6
:10F8F0003DE00F2901D0FEB122E094F82F1011F065
:10F90000400F2CD115F0400F05D0477B05F0BF0507
:10F910002E4661692163B5420BD1417BB94208D1C2
:10F92000D9F80C2001461046FFF770FD08B1701E93
:10F9300000E0FF20C6B212E003F0D2FAB84216D0BF
:10F9400094F82F0010F0010F06D1206A0B2204F169
:10F95000240102F09DFA50B1FF26C4F830A0002126
:10F96000204600F007F880465FEA0800A4D0404631
:10F97000BDE8F0872DE9F04705460E462C6868691A
:10F9800000F12008E869002802D0B8F5001F02D372
:10F990000420BDE8F087C8F30801002973D1401C9A
:10F9A000E861A9694FF0000929B16089401E10EA99
:10F9B000582F09D067E02089B0EB581F63D8C5F8ED
:10F9C0001C900420BDE8F087284601F0B9FB0746EB
:10F9D000012F02D80220BDE8F087B7F1FF3F16D013
:10F9E000E069B84249D8AEB1A9692846FFF78CFD55
:10F9F0000746380013D0012F14D0B7F1FF3F14D0C1
:10FA0000204603F0C1FA98B10120BDE8F08701203B
:10FA1000BDE8F087C5F81C900420BDE8F0870720FA
:10FA2000BDE8F0870220BDE8F0870120BDE8F0873F
:10FA300000214FF4007204F1380002F03EFA002673
:10FA400039462046FFF7D6FC60636089002811D94B
:10FA50004FF0010984F80390204603F095FA10B1A5
:10FA60000120BDE8F087761C606B401C60636089F4
:10FA7000B042EFD8606B801B6063AF6139462046AF
:10FA8000FFF7B8FCE861C5F81480C8F3080020440B
:10FA9000383028620020BDE8F08700002DE9F043EF
:10FAA00083B00446256894F82F0010F0A00F03D00F
:10FAB000062003B0BDE8F0830027E86800E07F1C63
:10FAC00030F817100029FAD10C22684604F12401FD
:10FAD00002F0EAF99DF80B0010F0010F19D0402058
:10FAE00084F82F000126EA6804F1240033466946B1
:10FAF00001F0CCFA2046FFF7CEFE10B9761C642E3A
:10FB0000F1D3642E12D00428D3D19DF80B0084F8D1
:10FB10002F009DF80B0010F0020F0BD02D4907F1BC
:10FB20000C00A1FB00108008471C04E003B0072074
:10FB3000BDE8F083012720463946FFF787FE0646D9
:10FB40004FF0010836BB7F1E24D06069794200EB7C
:10FB50004111204600F040F8064630001AD104F169
:10FB6000240003F0BDF98146E169284602F0ABF9B3
:10FB700006467EB9216A4B46E868FAB202F082FF77
:10FB800085F8038000212046FFF7F4FE06460EB9F3
:10FB90007F1EE9D1CEB9E169284602F094F9064604
:10FBA000300012D1206A2022002102F086F9206A5A
:10FBB0000B2204F1240102F077F9216A94F82F0056
:10FBC00000F01800087385F8038003B03046BDE8E4
:10FBD000F08300004FECC44E2DE9F04106460C4680
:10FBE0003768B4F5001F02D214F01F0F02D00220B4
:10FBF000BDE8F0817461B5681DB93878032800D379
:10FC0000FD6AA5B178894FEA4028444520D32946AA
:10FC1000304601F095FA0546B5F1FF3F11D0022DAF
:10FC200002D3F869A8420FD80220BDE8F0813889D4
:10FC3000B0EB541F02D80220BDE8F081F86AF061F1
:10FC40000BE00120BDE8F081A4EB08044445DED2BE
:10FC500029463846FFF7CEFBF061B561F06950B137
:10FC600000EB5420F061C4F30800384438303062AF
:10FC70000020BDE8F0810220BDE8F08170B50446A7
:10FC80000020084D295D00290AD105EB84012819BF
:10FC90004968007A09688847002801D1012129555F
:10FCA00070BD0000FC170024054B03EB000C03EBB8
:10FCB00080009CF808C0406803696046184700004F
:10FCC000FC17002430B4DFF818C00CEB00040CEB78
:10FCD0008000247A4068D0F808C0204630BC6047D5
:10FCE000FC17002404490A1801EB8000127A4068CE
:10FCF0004168104608470000FC17002430B4DFF8C4
:10FD000018C00CEB00040CEB8000247A4068D0F89B
:10FD10000CC0204630BC6047FC1700240020084976
:10FD200000E0401C022804D201EB00121268002AF5
:10FD3000F7D1022801D00120704700207047000051
:10FD4000DC17002438B50546284600F0B7FD044608
:10FD500084B96946284603F07BFC044654B92869F7
:10FD6000FFF75CFD04460CB90020286000980021D4
:10FD700003F035F9204638BD2DE9FF4F8DB014460C
:10FD80001D461A9E0DA801F03FFA002803DA11B0B3
:10FD90000B20BDE8F08FFE4951F8201009B1002278
:10FDA0000A70C0B20A900A98FFF768FF10F0010FBE
:10FDB00003D011B00320BDE8F08F10F0040F03D082
:10FDC00011B00A20BDE8F08F0A98032108AAFFF7B6
:10FDD0006BFF38B9089828B1B0F5004F02D8411E22
:10FDE000084201D0012008904FF4007B14B1B4F513
:10FDF000007F05D3B4F1807F02D8601E044203D097
:10FE000011B01320BDE8F08FB4FBFBF8B6FBFBFA92
:10FE10004FEA4A200990099848B10A98012103AA9B
:10FE2000FFF742FF38B111B00120BDE8F08F11B0EB
:10FE30000E20BDE8F08F0E9810F0080F01D00020C2
:10FE400000E03F20059003990598814203D211B04C
:10FE50000E20BDE8F08F05980A1A0392802A03D27B
:10FE600011B00E20BDE8F08FB8F1800F03D911B0AA
:10FE70001320BDE8F08F0E9810F0020F08D00E98F6
:10FE800000F00700022814D00E9810F0010F10D0D7
:10FE90000E9810F0010F0ED00226500C0C90100B93
:10FEA0000B900898431E84464446032E07D04CB35B
:10FEB00035E00326F1E711B01320BDE8F08F64B9F7
:10FEC000DDF8309000200124B24F01E0401C6400B6
:10FED00037F8101009B14945F8D9B2FBF4F00BEB33
:10FEE0008001C91DB1FBFBF92027002102914FF6CB
:10FEF000F571884202D9A84988422AD911B00E204A
:10FF0000BDE8F08FDDF82C9000200124A34F01E024
:10FF1000401C640037F8101009B14945F8D9B2FB0C
:10FF2000F4F040F6F571884203D9042101EB40005A
:10FF300006E0012600EB4000411C032000EB5100CD
:10FF40005844401EB0FBFBF90127B803B0FBFBF09F
:10FF50000290059838440490049800EB0901029837
:10FF6000084400EB0C01491E9943091A032E0AD0DC
:10FF7000894400EB04110598081A904209D911B080
:10FF80000E20BDE8F08F0F44DDF810E071440491BD
:10FF9000EFE7D01BA0EB09010298081AB0FBF4F0C0
:10FFA0000790032E0FD107984FF6F57188420AD8B3
:10FFB000B8F1000F03D15FEA54087FF475AF11B0B8
:10FFC0000E20BDE8F08F022E33D107984FF6F57161
:10FFD00088421CD9B8F1000F06D14020B0EB440F85
:10FFE00002D34FEA44085FE70E9810F0020F01D0E9
:10FFF000032659E7B8F1000F05D14FEA4408B8F1DC
:020000040801F1
:10000000800F7FF651AF11B00E20BDE8F08F07983A
:1000100040F6F57188420CD8B8F1000F05D14FEACF
:100020004408B8F1800F7FF63FAF11B00E20BDE855
:10003000F08F012E08D1079840F6F571884203D958
:1000400011B00E20BDE8F08F00215A46284601F07D
:1000500034FF0B22284652A101F026FF05F10B00C8
:10006000594602F038FF6C73B9B205F10E0002F088
:1000700032FF01202874032E0ED0410205F1110039
:1000800002F029FF0399B1F5803F07D289B205F14B
:10009000130002F020FF05E00021EFE705F120004A
:1000A00002F00FFFF82068753F2105F1180002F0FB
:1000B00012FFFF2105F11A0002F00DFF059905F16D
:1000C0001C0002F0FEFE80274FF02908032E27D0E7
:1000D00001F098F8014605F1270002F0F2FE1FFA40
:1000E00089F105F1160002F0F6FE85F8247085F816
:1000F000268013222DA105F12B0001F0D5FE05F578
:10010000FF704AF6552102F0E6FE059A01230A988F
:100110002946FFF7F3FD48B311B00120BDE8F08F89
:1001200001F070F8014605F1430002F0CAFE05F146
:100130002400494602F0C5FE022105F12C0002F020
:10014000C0FE012105F1300002F0C5FE062105F1D7
:10015000320002F0C0FE85F8407085F8428013221C
:1001600017A105F1470001F09FFEC8E7032E59D102
:10017000059801232946821D0A98FFF7BFFD00213B
:100180005A46284601F099FE1249284624E000000C
:100190003000002454480108F5FFFF0F46480108CD
:1001A000EBFE904D53444F53352E30004E4F204EB2
:1001B000414D452020202046415420202020200071
:1001C0004E4F204E414D4520202020464154333291
:1001D000202020005252614102F073FE6D4905F566
:1001E000F27002F06EFE0798411E05F5F47002F001
:1001F00068FE022105F5F67002F063FE05F5FF705A
:100200004AF6552102F067FE059801232946C21DD2
:100210000A98FFF773FD059801232946421C0A98A6
:10022000FFF76CFD099A0021284601F046FEDDF833
:10023000108000200190032E0BD0012E1AD06FF0F9
:100240000701284602F03DFE4F46574514D9504657
:1002500013E06FF00701284602F033FE281D4FF02F
:10026000FF3102F02EFE6FF0704105F1080002F040
:1002700028FEE9E74849E4E738460690069B4246EF
:100280000A982946FFF73AFD18B111B00120BDE8E0
:10029000F08F00215A46284601F00FFE0698804450
:1002A00006983F1A002FD0D10198401C0190019868
:1002B0000028C0D0032E00D0029C544501D95746D7
:1002C00000E027460A983B4642462946FFF716FDBE
:1002D00018B111B00120BDE8F08FB844E41B002C28
:1002E000EBD1032E05D00398B0F5803F03D306264B
:1002F00004E00C2602E0022E05D001260E9810F034
:10030000080F02D038E00426F8E700215A462846B4
:1003100001F0D3FD05F5FF704AF6552102F0DBFD33
:1003200005F5DF740020207001216170A170E0707C
:10033000267103990598084443F6C161B0FBF1F0BA
:10034000FE2161713F2141EA9001A171E07104F148
:100350000800059902F0B5FD039904F10C0002F0C4
:10036000B0FD0A98012300222946FFF7C7FC18B107
:1003700011B00120BDE8F08F00220A981146FFF766
:1003800093FC18B111B00120BDE8F08F11B000202E
:10039000BDE8F08F72724161F8FFFF002DE9F7416F
:1003A00081B0164602980090684600F02DFF044682
:1003B000002C03DA04B00B20BDE8F0811C4F57F885
:1003C00024504FF0000845B12846FEF7EBFF28699E
:1003D00000F022FCB0B185F80080019840B180F8AF
:1003E000008000F11001E2B2104600F005FC68B197
:1003F000019847F8240008B1012E0BD004B000206A
:10040000BDE8F08104B00220BDE8F08104B0022014
:10041000BDE8F081002201A902A800F06FFC0446AB
:100420000198214602F0DBFD04B02046BDE8F081D2
:10043000300000242DE9F7478FB00546002D0CD081
:1004400002F03F0601A9324610A800F057FC04460E
:100450004FF000092CB100F003B912B00920BDE83B
:10046000F087019802904FF4007000F0DAFB8046AC
:100470005FEA08000AD00198C0F80C8002A8109921
:1004800000F0B2FD0446200008D018E001981121C8
:1004900002F0A5FD12B01120BDE8F0879DF83700ED
:1004A00010F0800F01D0062409E036F0010001D0E1
:1004B000012100E0002102A8FEF73CFF044616F0EF
:1004C0001C0F53D06CB1042C08D1FFF727FC20B1CE
:1004D00002A8FFF7E3FA044600E0122446F00806FB
:1004E0000AE09DF80E0010F0110F01D0072403E080
:1004F00016F0040F00D00824BCBB16F0080F44D03F
:1005000000F080FE07460A9839460E3002F0D9FC0A
:100510000A983946163002F0D4FC0A992020C87295
:100520000A99019801F060FB07460A990198002298
:1005300002F0B3FC0A9800211C3002F0C2FC0198C2
:100540000121C1708FB1D0F834A0002202A8394631
:1005500002F0A6FB0446200017D10198514601F095
:10056000B2FC04460199781E48610EE06CB99DF812
:100570000E0010F0100F01D0042406E016F0020F58
:1005800003D010F0010F00D00724ACB916F0080F0B
:1005900001D046F040060198406B68620A98A86254
:1005A00036F0010001D0012100E0002102A801F095
:1005B00047FA286100B90224F4BB0A99019801F0B6
:1005C00013FBA8600A981C3001F021FBE860C5F815
:1005D0002C90019828600198C088A8802E7585F815
:1005E0001590C5F82090C5F8189000214FF40072BE
:1005F00005F1300001F061FC16F0200F2DD0EE68FF
:10060000D6B1AE61019840894702A9680BE028463F
:1006100000F096FD0146012900D80224B1F1FF3F08
:1006200000D10124F61B0CB9BE42F0D8E9611CB917
:10063000F005C00D11D000E00FE00198FEF7DAFEE2
:10064000C8B100EB56222A620198012305F130015E
:100650004078FFF737FB00B10124404600F0E3FA91
:100660000CB1C5F800902146019802F0B8FC12B018
:100670002046BDE8F0870224EFE70FB42DE9F047EC
:100680009CB0014608A802F070FA26A81B904FF013
:100690002D086F46259810F8011B2590002900F0C1
:1006A0000581252903D008A802F026FAF2E70025E3
:1006B0002E4610F8011B2590302902D02D2905D097
:1006C00008E0012610F8011B259003E0022610F82F
:1006D000011B2590A1F1300009280DD805EB8500FC
:1006E00001EB4000A0F13005259810F8011B259082
:1006F000A1F130000928F1D96C2901D04C2905D18C
:1007000046F00406259810F8011B2590002972D0A8
:100710000A46A2F161001146192801D84130C2B23F
:100720004F2A4ED006DC422A49D0432A3FD0442AE1
:1007300006D148E0532A07D0552A44D0582A44D03D
:1007400008A802F0D9F9A5E71B9850F8049B1B9064
:10075000002400E0641C19F804000028FAD116F007
:10076000020F0BD12046641CA84207D2202108A802
:1007700002F0C2F92046641CA842F7D399F80000A1
:1007800040B199F8001008A802F0B6F919F8010F65
:100790000028F6D1661CAC42BFF47CAF202108A82B
:1007A00002F0AAF93046761CA842F7D372E71B98EC
:1007B00010F8041B1B9008A802F09EF96AE70223B8
:1007C00004E0082302E00A2300E0102316F0040FDF
:1007D00006D0DDF86CC05CF8040BCDF86CC007E007
:1007E000442A09D0DDF86CC05CF8040BCDF86CC06D
:1007F000442A08D00DE059E0DDF86CC05CF8040B29
:10080000CDF86CC0F4E710F0004F02D0404246F043
:1008100008060024B0FBF3F203FB1202D2B2B0FBD5
:10082000F3F0092A05D9782919D04FF0070C624452
:10083000D2B2A4463032641C07F80C2008B1202C38
:10084000E8D316F0080F03D02046641C07F8008098
:10085000A14616F0010F05D04FF0300A09E04FF025
:10086000270CE4E74FF0200A03E008A8514602F005
:1008700043F916F0020F04D14846A84209F10109D4
:10088000F3D3641E08A8395D02F036F9002CF8D1C4
:10089000A94509F10104BFF4FDAE08A8514602F0D4
:1008A0002BF92046641CA842F7D3F3E608A802F00F
:1008B00047F91CB0BDE8F0075DF814FBF8B5044635
:1008C0006946204602F0C4FE0546002D45D1207D34
:1008D00010F0400F41D010F0800F12D0009801238B
:1008E000226A04F130014078FFF708FA28B1009835
:1008F000012102F074FB0120F8BD207D00F07F0093
:10090000207500F07FFC0646616A009801F0DBFA72
:10091000054615BBA56AE87A40F02000E872A26897
:100920002946206802F0B9FAE16805F11C0002F0DE
:10093000C8FA05F11600314602F0C3FA002105F1AC
:10094000120002F0C8FA00980121C17002F0D6FA34
:100950000546207D00F0BF0020750098294602F072
:100960003EFB2846F8BD2DE9F84F04460F461646D3
:1009700098460020C8F800006946204602F068FE4C
:1009800005460DB9657D35B10098294602F027FB73
:100990002846BDE8F88F207D10F0020F0DD0A06929
:1009A000811900D3C643002E00F0DE804FF001090C
:1009B000A169C805C00D07D0B2E00098072102F078
:1009C0000EFB0720BDE8F88F00984089401E00EA22
:1009D000512ABAF1000F2FD129B1E06A50B1204657
:1009E000FEF7F4FC0AE0A06840B900212046FEF7BB
:1009F0008BFD03E0E1692046FEF786FD002873D0F9
:100A0000012806D0B0F1FF3F0CD0E061A16891B1A0
:100A100012E0022060750098022102F0E0FA022044
:100A2000BDE8F88F84F815900121009802F0D7FAFC
:100A30000120BDE8F88FA060207D10F0800F15D058
:100A400000980123226A04F130014078FFF756F93B
:100A500040B184F815900121009802F0C0FA0120FD
:100A6000BDE8F88F207D00F07F002075E1690098D7
:100A7000FEF7C0FCD8B100EB0A0B750A9DB30098D5
:100A80000AEB050241898A4201D9A1EB0A054078A7
:100A90002B465A463946FFF731F988B184F815904C
:100AA0000121009802F09BFA0120BDE8F88F022096
:100AB00060750098022102F092FA0220BDE8F88FDA
:100AC000206AA0EB0B00A8420BD207EB40214FF4A9
:100AD000007204F1300001F0E7F9207D00F07F00A2
:100AE00020756D022EE000E03EE0206A584515D0EA
:100AF000E168A069884211D20098012304F1300115
:100B00005A464078FFF7DEF840B184F8159001218D
:100B1000009802F064FA0120BDE8F88FC4F820B014
:100B2000208BC0F30800C0F50075B54200D93546EA
:100B3000394620442A46303001F0B6F9207D40F095
:100B4000800020752F44A0692844A061E168884294
:100B500000D80846E060D8F800002844C8F8000033
:100B6000761B002E7FF424AF207D40F040002075DE
:100B70000098002102F033FA0020BDE8F88F82B01F
:100B8000CDE9000121F0004001909DED000B02B085
:100B900051EC100B7047000030B4802822D319B1FB
:100BA000134C45F2205C02E0124C45F2205C00231D
:100BB0001022ACEB030101EBD17103EB610134F8BE
:100BC0002150854207D001D20B4600E08C46A2F1AD
:100BD0000102002AEDD13AB14FF0010000EB4100D3
:100BE00034F8100030BC704730BC4FF00000704744
:100BF000E69C02086248010810B582B00C4600204D
:100C0000009001900121684601F04CFA2060002814
:100C100000D0012002B010BD10B501F06FFA012024
:100C200010BD01F0A7BF02F07FBA01F073BA10B592
:100C300000244FF47A7101F095FA00B9012420469E
:100C400010BD00004DF8044DB0F5805F01D2294978
:100C500000E0294931F8022B002A16D0904214D323
:100C600031F8023B4FEA132CDBB2D41884423BD953
:100C7000BCF1090F09D2DFE80CF0050B13181D2297
:100C8000272C3100801A31F810005DF8044B7047B2
:100C9000811A01F00101401A80B25DF8044B7047DF
:100CA000103880B25DF8044B7047203880B25DF890
:100CB000044B7047303880B25DF8044B70471A38E7
:100CC00080B25DF8044B7047083080B25DF8044B89
:100CD0007047503880B25DF8044B7047A0F5E35080
:100CE00080B25DF8044B7047BCF1000FB2D101EB4C
:100CF0004301AFE76AF103085CF303082DE9F04113
:100D000084B00E4690460027376000F07DFA054615
:100D1000002D03DA04B00B20BDE8F081AE4850F896
:100D20002540D4B1204600F082FFD0B1346008F0F5
:100D3000FE06207828B16078FEF7D4FF10F0010F8E
:100D400013D02770E8B26070FEF798FF10F0010F23
:100D500017D004B00320BDE8F08104B00C20BDE83A
:100D6000F08104B00F20BDE8F08136B110F0040F1F
:100D700003D004B00A20BDE8F08104B00020BDE833
:100D8000F08136B110F0040F03D004B00A20BDE8A2
:100D9000F081002520462946FEF78AFA02281FD155
:100DA000E84604EB051000F5FB70017919B1083035
:100DB00000F02DFF00E0002048F825006D1C042DF8
:100DC000EFD3002658F8265025B129462046FEF7D5
:100DD0006FFA00E00320022802D3761C042EF1D320
:100DE000042805D0022807D304B00D20BDE8F08107
:100DF00004B00120BDE8F08104F1430000F012FFCF
:100E0000B0F5007F03D004B00D20BDE8F08104F1FF
:100E10004E0000F007FF014621B904F15C0000F02C
:100E2000F6FE0146216294F84800A070012805D022
:100E3000022803D004B00D20BDE8F08100FB01F8CA
:100E400094F84500608110B1411E084203D004B0FF
:100E50000D20BDE8F08104F1490000F0E3FE20819F
:100E600010F00F0F03D004B00D20BDE8F08104F1A5
:100E70004B0000F0D7FE0646300004D104F15800C4
:100E800000F0C5FE064604F1460000F0CBFE024627
:100E900052B1238902EB080000EB13118E4207D2F6
:100EA00004B00D20BDE8F08104B00D20BDE8F08154
:100EB000B4F80AC0701AB0FBFCF048B303264FF632
:100EC000F57C604500D8022640F6F57C604500D8E8
:100ED0000126801CE06165622A44A26229442163E4
:100EE000032E19D07BB302EB0801E162022E2FD052
:100EF00000F0010100EB400001EB5000216A00F21C
:100F0000FF10B1EB502F25D204B00D20BDE8F081C9
:100F100004B00D20BDE8F08104F1620000F082FE13
:100F200018B104B00D20BDE8F081208918B104B0DB
:100F30000D20BDE8F08104F1640000F068FEE0627D
:100F4000E0698000DAE7FFE704B00D20BDE8F0813A
:100F50004000D3E74FF0FF30A06160618020207136
:100F6000032E2BD104F1680000F05CFE012825D18E
:100F7000691C204600F0A7FF00BB277104F2362051
:100F800000F050FEA0F52A41553917D104F1380080
:100F900000F03DFE1149884210D104F5077000F0C1
:100FA00036FE0F49884209D104F5087000F02FFE83
:100FB000A06104F5097000F02AFE606126700949FD
:100FC0000888401C0880E0802046FEF7EBF904B05A
:100FD0000020BDE8F0810000300000245252614141
:100FE000727241612C00002473B50446256801E04B
:100FF000401C0190019801782F29F9D05C29F7D085
:101000000021A16001980078202807D2802084F870
:101010002F002046FEF7E0FD02B070BD01A920467A
:10102000FEF7D0FA0028F7D12046FEF734FC94F8FA
:101030002F1038B10428EFD111F0040FECD10520A6
:1010400002B070BD11F0040FFAD1A07910F0100FAA
:101050000AD0A08AC0F30800284400F138012846CD
:1010600000F0C2FDA060D9E7052002B070BD00000D
:1010700013B5054801224FF47A7369460068F8F702
:101080008BF901201CBD0000A400002470B582B0C3
:10109000054616461C460B22284600F005FF052C87
:1010A00016D93088A0B136F8021B002320460C4622
:1010B00060F35F04490814F4803F03D084F02104F6
:1010C00084F488345B1C102BF0D330880028EAD1DC
:1010D00007226B4604F00F0000F13001392901D9D5
:1010E000C81DC1B21046521E19542409002CF1D15A
:1010F0007E2098540021A2F1010C06E081387D2861
:1011000002D8614506D0491C491C914202D2685C54
:101110002028F3D1082A03D21046521C185C00E0A4
:1011200020208C46491C05F80C000829F2D302B097
:1011300070BD0000014800687047000000000024F6
:101140002DE9F0410D460468022D02D3E069A84262
:1011500001D801260AE04FF0FF362078012808D098
:10116000F70D02282DD003283BD001263046BDE8DC
:10117000F08105EB5507A06A00EB5721204600F0EF
:10118000A2FE0028F2D1C7F30800204407F10108AD
:1011900090F83870A06A00EB5821204600F093FECA
:1011A0000028E3D1C8F30800204490F8380047EA4B
:1011B000002015F0010F01D00609D7E7C0F30B0698
:1011C000D4E7A06A00EB1521204600F07CFE002841
:1011D000CCD107EA45002044383000F023FD064614
:1011E000C4E7A06A00EBD511204600F06CFE002891
:1011F000BCD107EA85002044383000F008FD20F01B
:101200007046B3E7002070474DF8044D04464FF098
:10121000FF30D4F800C0BCF1000F0BD0614600E0F5
:10122000491C0A78202A01D33A2AF9D10A783A2AA5
:1012300003D000205DF8044B70479CF800300CF19F
:101240000102303B0A2BF5D28A42F3D1002BF1D1B7
:101250001846491C21605DF8044B70472DE9FF4F8B
:101260008946044690462DED108BD5B075A991E8BE
:101270006008DDE972709FEDFE8B7899DDF8D0A1F2
:10128000B6EE000B81ED008B8BED008B90ED001B1B
:10129000B7EE009BB4EEC01BF1EE10FA1FD294ED36
:1012A000062B9FEDF53BB4EEC32BF1EE10FA12D3F3
:1012B0009FEDF31BB4EEC12BF1EE10FA0BDC94EDB5
:1012C0000A2BB4EEC32BF1EE10FA04D3B4EEC12B0B
:1012D000F1EE10FA03DD80ED009B87ED009B90EDB1
:1012E000001BB6EE000BB4EEC01BF1EE10FA7DD27F
:1012F00098ED000A97ED001BB8EEC02BB4EEC21BB0
:10130000F1EE10FA3FD2BDEEC10B002014AD10EE8D
:10131000101A00BFD8F8002002FB001305EBC00232
:10132000401C09EBC303082813ED020B82ED000BF0
:10133000F0DB2946204600F0CDFBB5EEC00BF1EE08
:1013400010FA97ED000B03D130EE090B87ED000B7F
:10135000BDEEC00B002010EE101A00BFD8F8002020
:1013600005EBC00302FB0016401C082809EBC6026F
:1013700012ED020B83ED000BF0DB689A14A92046F6
:10138000FDF7FCFE45E3B8EEC00BB4EE401BF1EEFA
:1013900010FA23D1BDEEC10B002014AD10EE101ACF
:1013A000D8F8002005EBC00302FB0012401C0828FF
:1013B00009EBC20212ED020B83ED000BF0DB2946B4
:1013C000204600F087FBB5EEC00BF1EE10FA97ED6A
:1013D000000B0CD130EE090B87ED000B789880EDF7
:1013E000009B55B0BDEC108BBDE8FF8F14E0BDEE47
:1013F000C00B002010EE101AD8F8002005EBC00337
:1014000002FB0016401C082809EBC60212ED020B75
:1014100083ED000BF0DBB0E794ED060B06A88DED35
:10142000060B94ED0A0B8DED080BFDF7FFFE9FED0B
:10143000961B08219FED96AB9FED97BBB4EEC10BB9
:10144000F1EE10FA3EDD9AED001BB5EEC01BF1EE99
:1014500010FA37D18DED148B94ED0A1B01238DED1D
:10146000161B94ED061B00208DED181B94ED0A1B36
:1014700014AAB1EE411B81EE002B8DED1A2B94EDD9
:10148000061BB1EE411B81EE002B8DED1C2B8DED6B
:101490001E0B94ED080B8DED200B8DED228BC6E914
:1014A000003100BF316802EBC00393ED000B4143F4
:1014B000401C082805EBC10181ED000BF2DB8AED31
:1014C000009B50E09AED002BB0EE491BB4EE412B8F
:1014D000F1EE10FA47D13068012844D19FED702B0E
:1014E000B4EEC20BF1EE10FA3DD29FED6F0B8DED15
:1014F000241B8DED288B8DED2C8B8DED308B8DEDA0
:1015000034BB8DED380B94ED082B02228DED3C2B76
:101510008DED408B8DED261B8DED2A8B8DED2E8B69
:101520008DED32BB8DED36AB8DED3A0B8DED3E2B57
:101530008DED428B0020C6E9002124AB316803EB1E
:101540000012414392ED000B401C05EBC10108283D
:1015500081ED000B92ED020B81ED020BEEDBB0EEA4
:10156000000B8AED000B97ED000B0020D6E900136D
:10157000BDEEC00B0DF5887C10EE109A0BE000BF9D
:1015800001FB00920CEBC008401C05EBC20212EDFF
:10159000021B88ED001B9842F2DB05EBC90010ED41
:1015A000021BB5EEC01BF1EE10FA26D110EE100AA8
:1015B00001EB81019DED464B08449DED4A2B05EB67
:1015C000C0009DED483B10ED020B9DED4C1B94EDD2
:1015D0000A5B00EE024B94ED066B00EE013B35EE2C
:1015E000440B36EE433B20EE020B03EE010BB5EE4F
:1015F000C00BF1EE10FA73D35FE009EB810005EB4D
:10160000C00010ED02DBB0EE4D0BFDF7BDF8B0EE03
:1016100040CBB0EE4D0BFCF7E3FB30689DED482B63
:101620009DED463B00EB800101EB090094ED064B7C
:1016300005EBC00094ED0A5B10ED021B01EE0C2BD4
:1016400001EE003B34EE421B35EE432B21EE001B36
:1016500002EE4C1BB5EEC01BF1EE10FA40DB94ED30
:10166000002B94ED041B22EE000B01EE4C0B1FE04F
:10167000000000000000000000000000000069C041
:1016800000000000000069400000000000805140A0
:10169000182D4454FB211940182D4454FB210940B6
:1016A0000000000000004E40000000000000444028
:1016B000B5EEC00BF1EE10FA12DD97ED000B30EE37
:1016C000090B87ED000B96ED001AB8EEC11BB4EEC6
:1016D000C10BF1EE10FA03DDB0EE490B87ED000B04
:1016E000306897ED001B00EE100AB8EEC00BB4EEA8
:1016F000C01BF1EE10FA3FF674AEBDEEC11B9FEDBC
:10170000C8CBB0EE480B11EE101A05EBC10111ED7C
:10171000022BB5EEC02BF1EE10FA79D111EE101AB2
:1017200000EB40020A4401EB800005EBC20105EB2F
:10173000C00011ED02DB10ED02EB8DED06DB8DED4F
:1017400008EB8DED0ADB06A8FDF770FDB0EE40FB5F
:1017500097ED000B3068BDEEC00BC0EBC00110EE82
:10176000100A084405EBC00010ED020BFDF798F8D5
:101770002FEE000B8DED0C0B97ED000B3168BDEEDD
:10178000C00B10EE100A00EB810005EBC00010ED5D
:10179000020B0AA88DED0E0BFDF796FC8DEE001BDB
:1017A0008DED0A1B9DED0C1B81EE002B8DED0C2B9E
:1017B00097ED001B3168BDEEC11B11EE100A00EB66
:1017C000810005EBC00010ED021B81EE002BB0EE96
:1017D0004E1BB0EE4D0B8DED0E2B01F0C1FAB1EEAC
:1017E00040DB94ED001B94ED040B01F0B9FAB0EE70
:1017F00040EB01E03DEE40DBB0EE4B1B3DEE0E0B4F
:10180000B4EEC10BF1EE10FAB0EE4A0BF2DC03E0DD
:1018100037E000BF3DEE00DBB0EE4C2B3DEE0E1B83
:10182000B4EEC21BF1EE10FAF4D397ED000B94ED79
:101830000A4B9DED0E5B94ED063B9DED0A1B9FED63
:101840007A2BBDEEC00B316810EE100A421800EB87
:10185000410005EBC20105EBC00011ED020B34EEB7
:10186000400B10ED024B33EE443B20EE050B03EE34
:10187000410B20EE020BFCF7D3F830EE0D0B30EEEF
:101880000E0B97ED001BBDEEC11B11EE100A05EB10
:10189000C00010ED022BB4EE492BF1EE10FA0CD083
:1018A00011EE100ABFEE003B05EBC00010ED022B5D
:1018B000B4EE432BF1EE10FA7DD111EE100A31682F
:1018C00094ED063B94ED0A2B05EBC00010ED02EB06
:1018D00011EE100A00EB4102084405EBC20105EBD2
:1018E000C00011ED021B10ED020B33EE411B32EE76
:1018F000400B01F035FAB1EE409B94ED001B94EDE6
:10190000040B01F02DFAB0EE40DB01E039EE409B14
:10191000B0EE4B0B39EE0D1BB4EEC01BF1EE10FA1E
:10192000B0EE4A0BF2DC01E039EE009BB0EE4C1B4E
:1019300039EE0D2BB4EEC12BF1EE10FAF4D397ED86
:10194000000B316894ED0A1BBDEEC00B10EE100ABF
:10195000084405EBC00010ED020B30EE410B8DED9D
:10196000060B97ED000B316894ED061BBDEEC00B26
:1019700010EE100A00EB410005EBC00010ED020B69
:1019800006A830EE410B8DED080BFDF74FFCB0EED5
:10199000402B97ED000B3068B0EE001BBDEEC00B86
:1019A00000EB800110EE100A4218084405EBC2015A
:1019B00005EBC00000E01BE011ED020B10ED023B57
:1019C00032EE400B20EE011B81EE030BFCF728F8F2
:1019D000B0EE4B2BB6EE001B2EEE022B02EE019B5F
:1019E0000EEE009B39EE0D0B02E000BF30EE0A0B4D
:1019F000B4EECC0BF1EE10FAF8D301E030EE4A0B66
:101A0000B4EECB0BF1EE10FAF8DC68992046FDF746
:101A10004FFD8BED000B689880ED008BE1E400003A
:101A2000182D4454FB2109C09A9999999999A93F75
:101A3000EFF30580002801D0012070470020704797
:101A400070B40022224CD0F800C004EB02131D68D1
:101A5000654507D15D688668B54203D19B684569D5
:101A6000AB4202D0521C022AEFD3022A17D1002225
:101A700000E0521C022A04D204EB02131B68002B64
:101A8000F7D1022A13D004EB0213C3F800C0D0F838
:101A900008C0C3F804C0406998600020988149B12B
:101AA00004EB0210808928B170BC0020704770BC24
:101AB0000020704711B14FF4807003E004EB021076
:101AC0008089401C04EB02118881501C70BC704757
:101AD000DC17002470B50C4605462DED028B91ED08
:101AE000001B91ED080BB5EEC01BF1EE10FA26D1EC
:101AF00094ED0A1B94ED024B94ED062B91ED043B03
:101B000095ED0A5B01EE024B90ED066B01EE003B9A
:101B100035EE441B36EE433B21EE021B03EE001B69
:101B2000B5EEC01BF1EE10FA01D2012000E000205A
:101B300000EE100AB8EE400BBDEC028B70BDFCF756
:101B400023FEB0EE408B94ED080BFCF749F994EDC1
:101B50000A1B94ED043B94ED022B95ED064B01EE30
:101B6000083B95ED0A5B01EE002B34EE431B35EE8E
:101B7000422B21EE001B02EE481BB5EEC01BF1EE1E
:101B800010FA0FDB95ED002B95ED041B22EE000BF8
:101B900001EE480BB5EEC00BF1EE10FA02DD9FED41
:101BA000030BC9E7B7EE000BC6E70000000000001A
:101BB0000000000030EE420B31EE431B9FED063B70
:101BC0009FED072B20EE030B21EE021B80ED000B97
:101BD00081ED001B704700007B14AE47B125FB4030
:101BE0007B14AE47394CF44070B506460C4604F100
:101BF0001A0000F017F805463078032805D104F1E3
:101C0000140000F00FF845EA0045284670BDC17881
:101C1000827842EA0121427842EA0121007840EAD2
:101C2000012070474178007840EA0120704710B5E4
:101C3000002805D00069FEF7FAFF08B1012010BDA9
:101C4000002010BD2DED028B8AB0F3F795FCFAF75A
:101C50005DF9F7F73FFFF7F7D9FE7F4800244FF40F
:101C600080417C4B0222C0E90034C0E90241C0E956
:101C70000442F8F757F8F8F77FF8F8F709FAF8F799
:101C800039FAF8F7CFFAF8F7FFFAF8F72FFBF7F77A
:101C900069FEF8F79DF8F8F70BF9F8F757F9F8F738
:101CA0005DFAF8F78DFAF8F753FBF8F711F8F7F744
:101CB00003FFF8F7BBF96A4840F2E73109220794BD
:101CC00008940994C0E90241644B8461C0E9003280
:101CD000F6F796F908B172B6FEE7614807A90794CE
:101CE0000994F6F73BF908B172B6FEE75C4842F298
:101CF0000F71C72207944C3808940994594BC0E9D6
:101D000002418461C0E90032F6F77AF908B172B68F
:101D1000FEE7534807A907944C380994F6F71EF9D3
:101D200008B172B6FEE75048F6F700FA4E480021B7
:101D3000F6F7DCFC4C480421F6F7D8FC4A480821A9
:101D4000F6F7D4FC48480C21F6F7D0FC464898300A
:101D5000F6F7ECF9444800219830F6F7C7FC424802
:101D600004219830F6F7C2FC3F4808219830F6F776
:101D7000BDFC3D480C219830F6F7B8FC9FED3B8B3D
:101D80000020B0EE480BF9F7D1FF0120B0EE480B70
:101D9000F9F7CCFF344801684FF47A70C863032028
:101DA000B0EE480BF9F7C2FF0420B0EE480BF9F78C
:101DB000BDFF0520B0EE480BF9F7B8FF0620B0EEE6
:101DC000480BF9F7B3FF0720B0EE480BF9F7AEFF69
:101DD000FAF7CCFB27491C226846EEF773FD002179
:101DE000684600F0FBF92449486000F09EF8234C57
:101DF000234D00BF0020B0EE480BF9F797FF0120FC
:101E0000B0EE480BF9F792FF0220B0EE480BF9F75D
:101E10008DFF0320B0EE480BF9F788FF0420B0EEE9
:101E2000480BF9F783FF0520B0EE480BF9F77EFF6A
:101E30000620B0EE480BF9F779FF0720B0EE480B0B
:101E4000F9F774FF2046F3F745F92846F3F742F90E
:101E5000D0E7000000700052F0030024001400409E
:101E6000F8060024001000407C050024000000005B
:101E700000000000B847010800000024C0C62D0083
:101E800040420F000021842800D0C11C0846704742
:101E900010F8013B11F801CBA3EB0C03521E01D04B
:101EA000002BF5D018467047002A05D011F8013BE9
:101EB00000F8013B521EF9D17047C9B200F8011B6E
:101EC000521EFBD1704770B504460D460026606B6C
:101ED000A84210D0204601F057F806465EB9607857
:101EE000012304F138012A46FDF7ECFE10B14FF052
:101EF000FF3501266563304670BD000010B5054909
:101F0000A1FB00108008002800D1012001F0AAF9EF
:101F1000002010BDCDCCCCCC10B502F0EFF90128DB
:101F200001D0012010BD002010BD10B501F0A6FAAF
:101F3000002010BD10B5FFF77BFD18B1BDE81040C3
:101F400002F0F0B9BDE8104002F0E6B908B58268C9
:101F5000D0F800C04168002A07D0C3682BB1002028
:101F60000090604601F087FD08BDBDE808400022F2
:101F7000604601F05EBD00002DE9F04184B00546E9
:101F80000E46029600270197002E0BD003970024DF
:101F9000B2F1FF3F10D09AB12448A0FB0210840890
:101FA0006CB10DE080200090029A0199AA606960EE
:101FB000286004B0BDE8F0814FF0FF3400E0012458
:101FC000FFF736FD010068464FF0100815D0011DDF
:101FD000304603AA01F0DCFF01280BD000970398DC
:101FE000A8B113494FF080500860BFF34F8FBFF383
:101FF0006F8F0CE0CDF80080F1E7011D22463046DE
:1020000001F022FF01280BD06CB140200090029A11
:1020100001990098AA606960286004B0BDE8F08169
:10202000CDF80080F3E70020F0E70000CDCCCCCC69
:1020300004ED00E037B582B0054600200190174856
:10204000A0FB02108408002C00D10124FFF7F0FC53
:10205000A8B10023284601AA03A901F045FE0128E2
:1020600002D005B0FF2030BD019898B10C494FF067
:1020700080500860BFF34F8FBFF36F8F0AE00023DB
:10208000224603A9284601F077FD012802D005B0B9
:10209000FF2030BD05B0002030BD0000CDCCCCCC41
:1020A00004ED00E038B5024608465268002A0FD019
:1020B000012804D0BDE83840014601F099BC032056
:1020C0001346002200900120114601F0D4FC38BDD7
:1020D000012804D0BDE83840014601F06BBC032262
:1020E0000021012001F0A5FC0446200004D00023BB
:1020F0001A46194601F040FD204638BD10B5044689
:10210000FFF796FC08B1822010BD204601F07CF854
:10211000002010BD38B50546002400200090FFF7D0
:1021200087FC90B16946284601F03DFE012801D0A8
:10213000FF2038BD009888B109494FF080500860F1
:10214000BFF34F8FBFF36F8F08E0002328461A4676
:10215000194601F011FD012800D0FF24204638BDAA
:1021600004ED00E038B5054600200090002D0AD0AF
:102170000024B1F1FF3F08D059B11648A0FB01106F
:1021800084082CB105E0802038BD4FF0FF3400E01A
:102190000124FFF74DFC98B100216A46284601F062
:1021A000F7FE012801D0FF2038BD009880B10A4910
:1021B0004FF080500860BFF34F8FBFF36F8F07E081
:1021C0002146284601F032FF012801D0FF2038BD0A
:1021D000002038BDCDCCCCCC04ED00E030B585B0CE
:1021E00004460D466169B4F90800002910D0A169C0
:1021F00071B1FFF747FE62692B46A1690192029116
:10220000009022692168606802F048F8049010E0AC
:10221000FFF738FE04A9019100902B46208A21681F
:1022200082B2606802F004F8012802D005B00020F4
:1022300030BD049805B030BD30B50C4605462DEDD7
:10224000068B85B090ED061B91ED043B91ED020BE2
:1022500090ED0A2B31EE431B32EE400B00F080FD77
:10226000B1EE408B95ED001B95ED040B00F078FD71
:10227000B0EE409B9FED26AB9FED270B02E000BF29
:1022800038EE408B38EE091BB4EECA1BF1EE10FAA3
:10229000F6DC9FED231B00BF38EE092BB4EEC12BFB
:1022A000F1EE10FA02D238EE008BF5E794ED020B56
:1022B00095ED0A1B684630EE410B8DED000B95ED58
:1022C000061B94ED040B30EE410B8DED020BFCF779
:1022D000ADFF94ED0A1BB0EE002B30EE410B20EE6B
:1022E000022B82EE010BFBF79BFBB0EE401B94ED43
:1022F000000BB6EE002B05B020EE0A3B03EE028B7E
:1023000000EE018B38EE090BBDEC068B30BD0000F2
:10231000182D4454FB210940182D4454FB21194029
:10232000182D4454FB2109C030B50C4605462DED4F
:10233000048B8BB006A891ED060B8DED060B91ED8D
:10234000080B8DED080B91ED060B8DED000BFCF7E6
:102350006DFFB0EE408B94ED0E0BFCF7A1FA28EE6A
:10236000000B68468DED020B94ED080B8DED040B10
:10237000FCF7AAFE94ED061B81EE002B8DED002BE1
:102380009DED021B81EE002B8DED022B94ED081BC1
:1023900081EE002B8DED042B94ED081B94ED060BC4
:1023A00000F0DEFCB1EE408B95ED001B95ED040BCB
:1023B00000F0D6FCB0EE409B9FED1E0B9FED1F1B67
:1023C00002E000BF38EE408B38EE092BB4EEC12B93
:1023D000F1EE10FAF6DC9FED1B1B00BF38EE092B67
:1023E000B4EEC12BF1EE10FA02D238EE008BF5E715
:1023F00095ED0A5B94ED026B95ED063B94ED044B75
:1024000035EE465B9DED040B33EE443B9DED001B2A
:102410009FED0E2B25EE000B03EE410B20EE020B81
:10242000FBF7FEFA30EE080B0BB030EE090BBDECFB
:10243000048B30BD182D4454FB211940182D4454F1
:10244000FB210940182D4454FB2109C09A99999900
:102450009999A93F2DE9F04104460F46194EF568B8
:102460003068001D00F0C7FD48B93068012190F8C0
:102470002C0001FA00F0316921EA00003061B4F16A
:10248000FF3F07D137B13068BDE8F041011D0E486C
:1024900000F007BE2C4430684460AC4206D230687D
:1024A000011D306CBDE8F04100F0DEBD3068011D5B
:1024B000F06B00F0D9FDB06A844200D2B462BDE88E
:1024C000F081000034000024181B002470B504467D
:1024D00000F0F4FD1D4DA868401CA860286810B1EC
:1024E000686938B10CE02C60A868012808D100F0B8
:1024F00061F905E02868E16AC06A884200D82C606A
:10250000686A401C6862A0660121E06A2A6981400D
:10251000114329610E4900EB800001EB8000211D71
:1025200000F0BFFD00F0EAFD686900280CD02868C3
:10253000E16AC06A884207D206494FF080500860BD
:10254000BFF34F8FBFF36F8F70BD000034000024C6
:102550004818002404ED00E070B50D4C60680028B8
:1025600015D00C4E00F0AAFDF068C568281D00F0DB
:1025700042FDA068401EA0606068401E606000F0E0
:10258000BDFD284600F051F860680028EAD170BD12
:1025900034000024041B00240B46026C002A0CD0DB
:1025A000C1681144C160D0F808C0614501D3016819
:1025B000C160C1681846EEF740B970472DE9F04197
:1025C000044616460027A56B226C002A10D0C6B11F
:1025D000E068EEF732F9E168206C091AE1602268E0
:1025E000914202D2A168081AE060022E16D017E0CC
:1025F0002068A8B9A06801F007FF07460020A06086
:102600000EE06068EEF719F9216C606808446060BC
:10261000A168884204D32068606001E005B16D1EA6
:10262000681CA0633846BDE8F08110B5044694F8F4
:10263000811000290BD0012911D0022914D050207B
:1026400080F31188BFF34F8FBFF36F8FFEE7206BCE
:1026500000F06AFD2046BDE8104000F065BD204650
:10266000BDE8104000F060BD10BD416A002904D0F3
:10267000006B0068C0F12000704700207047000028
:102680004FF47051104810F0070F06D0C01D20F015
:1026900007000D49411AC1F570510C4A1060002322
:1026A00053600144083921F00701183A11604B606A
:1026B0000B600B1A436001604068906050604FF0FF
:1026C00000405061704700002C1B00249000002443
:1026D000074E4FF08054074DFFF73EFF306801284A
:1026E000FAD92C60BFF34F8FBFF36F8FF4E7000070
:1026F0004818002404ED00E070B51D46049C002934
:1027000009D02260E06321640121204601F0ECF948
:1027100084F84C5070BD2460F4E72DE9F05F8246E8
:102720000E4690469B460B9F0A9D0C9CA5224FEAA5
:102730008801206BEEF7F8F8206BA8F1010100EB9F
:10274000810020F007094FF0000866B10020221830
:10275000315C82F83410315C11B1401C3228F6D360
:1027600084F8658001E084F83480202D00D31F2593
:10277000E5622567C4F87480201D00F072FC04F146
:10278000180000F06EFC2461C5F12000A0616462B5
:10279000C4F87880C4F87C8084F880805A4651461A
:1027A000484600F067FA2060002F00D03C60BDE88A
:1027B000F09F000070B500240F4D04EB840005EB82
:1027C000800000F043FC641C202CF6D30B4800F082
:1027D0003DFC0B4800F03AFC0A4800F037FC0A4880
:1027E00000F034FC094800F031FC09480349C1639A
:1027F0001431016470BD000048180024C81A002478
:10280000DC1A0024F01A0024041B0024181B0024E6
:10281000340000244DF8044D144900E011460A68C4
:102820008242FBD34B6803EB010C844503D1406823
:102830001844486008460C68D0F804C00CEB00034C
:10284000A3420CD10A4B1B689A4206D052686244DC
:1028500042600A681268026002E0036000E0026001
:10286000814200D008605DF8044B7047900000245E
:102870007800002410B5044600F020FCA06B20B1C5
:10288000002400F03BFC204610BD0124F9E710B500
:10289000044600F013FCA06BE16B884201D10124D7
:1028A00000E0002400F02AFC204610BD0749C86B58
:1028B0000068002805D0C86BC068C068406888629E
:1028C00070474FF0FF3088627047000034000024EA
:1028D0000A484068B0F1FF3F07D0502080F31188CC
:1028E000BFF34F8FBFF36F8FFEE7502080F3118847
:1028F000BFF34F8FBFF36F8FFEE7000098000024F7
:1029000003460020002A03D0994300D101207047DC
:102910000B42FCD00120704770B5044600F0CEFB9E
:1029200094F94550002D0CDD606A50B104F124008B
:1029300001F002FE08B100F0C5FC681E45B2002D92
:10294000F2DC4FF0FF3684F8456000F0D7FB00F072
:10295000B5FB94F94450002D0CDD206950B104F111
:10296000100001F0E9FD08B100F0ACFC681E45B2B2
:10297000002DF2DC84F84460BDE8704000F0BEBB7E
:102980002DE9F04704460D4616460227022D75D361
:10299000E069A84272D920784FF0010A012806D0D8
:1029A000022840F2FF183CD0032867D14CE005EB29
:1029B0005508A06A00EB58212046FFF784FA074625
:1029C00038005BD1C8F308002044383008F1010911
:1029D00015F0010F04D00178F2B262F31F1100E08C
:1029E0003146017084F803A0A06A00EB592120460B
:1029F000FFF769FA0746380040D1C9F308002044C0
:102A0000383015F0010F02D0C6F3071105E0017848
:102A1000C6F3032201F0F0011143017084F803A012
:102A20002CE0A06A00EB15212046FFF74CFA074680
:102A3000380023D108EA45002044B1B2383000F014
:102A40004AFA84F803A019E0A06A00EBD5112046E9
:102A5000FFF739FA0746380010D108EA8500051952
:102A600005F13800FFF7D3F866F31B0005F13802D3
:102A70000146104600F025FA84F803A03846BDE868
:102A8000F08700002DE9F05F81460E469046737393
:102A90000F20F07200203073002106F11A0000F0C0
:102AA0001AFAA8F1010000EB800101EBC005002437
:102AB0002746DFF840B04FF6FF7A544503D028464A
:102AC0006D1C39F810401BF807002146304400F017
:102AD00002FA0CB94FF6FF747F1C0D2FEDD354454D
:102AE00002D039F8150008B948F0400886F800808F
:102AF000BDE8F09F38480108F8B504460E460A2E96
:102B000003D10D212046FFF7F7FF6068002816DB90
:102B1000451C204406733D2D0DDB206804F10C019B
:102B20006B462A46FDF71FFF0098A84201D10025F9
:102B300001E04FF0FF356560A068401CA060F8BD63
:102B400038B504466268002A0CDB206804F10C01E9
:102B50006B46FDF708FF28B960680099884201D1EB
:102B6000A06838BD4FF0FF3038BD016000214160E2
:102B7000816070472DE9F0410546002600F024FDF4
:102B8000344F386808B9FFF77BFD7869054251D1A9
:102B90009DB1083515F0070F0FD005F00700C0F103
:102BA0000800054415F0070F07D0502080F3118866
:102BB000BFF34F8FBFF36F8FFEE7002D3AD07868D9
:102BC000854237D824490846046801E02146044676
:102BD0006068A84202D220680028F7D13868844291
:102BE00028D0086800F10806206808606068411B6A
:102BF00010290FD9601910F0070F07D0502080F36B
:102C00001188BFF34F8FBFF36F8FFEE741606560A0
:102C1000FFF700FE61687868401A7860BA689042F1
:102C200000D2B86078690843606000202060F868CE
:102C3000401CF86001F0BCFC16F0070F07D05020D4
:102C400080F31188BFF34F8FBFF36F8FFEE73046DD
:102C5000BDE8F08178000024900000240449086851
:102C6000002803D00868426F521C4267086870470A
:102C700034000024001F4FF080730360001F21F018
:102C800001010160001F0549016014380260001F46
:102C90006FF002010160203870470000D128010860
:102CA0002DE9F04107460E4611463C68022E02D33C
:102CB000E069B04202D80220BDE8F08131B14FF0A6
:102CC000FF322046FFF75CFE0028F5D1314638463A
:102CD000FEF736FA0546CDB1012D1AD0B5F1FF3F0A
:102CE0001AD0002231462046FFF74AFE0028E3D1E1
:102CF000E169A0698A1E904205D2401CA06120793A
:102D000040F0010020712E46B142DFD80020BDE81E
:102D1000F0810220BDE8F0810120BDE8F0810000D3
:102D2000094890ED041BB4EE410BF1EE10FA06D009
:102D300090ED061BB4EE410BF1EE10FA01D101202B
:102D4000704700207047000010030024B4EE400BD1
:102D5000F1EE10FA01D0012070470020704700000A
:102D600010B52DED048BB0EE419BB0EE408BFFF71C
:102D7000EDFF20B9B0EE490BFFF7E8FF28B1254879
:102D800090ED000BBDEC048B10BDB0EE480BFFF7CF
:102D9000C7FFE8B1B0EE490BFFF7C2FFC0B1B5EE17
:102DA000C08B4FF0FF31F1EE10FA01DD012000E0A1
:102DB0000846B5EEC09BF1EE10FA00DD012100EEF1
:102DC000101AB8EEC01B00EE100AB8EEC00B1BE0E4
:102DD000B5EEC09BF1EE10FA12D1B5EEC08BF1EE5C
:102DE00010FA02DD9FED0C0BCCE7B5EEC08BF1EED7
:102DF00010FA02D29FED0A0BC4E79FED0B0BC1E75F
:102E0000B0EE491BB0EE480BBDEC048BBDE81040A2
:102E1000FAF706BF30030024182D4454FB21F93F74
:102E2000182D4454FB21F9BF0000000000000000F1
:102E300000B541EC100B2DED028B83B0B1EEC08BD1
:102E400018EE100A18EE901A8DED008B002818BFAE
:102E50000120084320F00040C0F17F6000F1E04015
:102E6000C00F14D010EE101A10EE900A8DED000B6A
:102E7000002918BF0121084320F00040C0F17F6005
:102E800000F1E040C00F04BF0120EDF7A7FD51ECB9
:102E9000180B03B0BDEC028B00BD70B506460C46A6
:102EA0001546A9B204F11A0000F015F8307803288D
:102EB00006D1290C04F11400BDE8704000F00BB8F5
:102EC00070BD421C0170080A511C1070000A087085
:102ED000000A48707047421C0170080A1070704761
:102EE000014600200B22430803EBC01011F8013B00
:102EF0001844C0B2521EF6D17047000070B50446A7
:102F0000204600F041F80546002D37D120780328EF
:102F10002DD1207901282AD14202002104F1380064
:102F2000FEF7CBFF04F236204AF65521FFF7D3FF18
:102F3000134904F13800FFF7C4FF124904F5077084
:102F4000FFF7BFFFA16904F50870FFF7BAFF6169D9
:102F500004F50970FFF7B5FF606A421C6263607890
:102F6000012304F13801FCF7C9FE00202071002282
:102F700060781146FCF798FE00B10125284670BD27
:102F800052526141727241612DE9F04104460027BD
:102F9000E078002820D0666B0123607804F13801C6
:102FA0003246FCF7ABFE08B1012715E00020E070C7
:102FB000A06A216A301A88420ED2A578022D0BD35E
:102FC000206A064460780123324604F13801FCF798
:102FD00095FE6D1E022DF3D23846BDE8F081002823
:102FE00008D00C2906D00B2904D00F2902D0006983
:102FF000FDF71BBE70470169436882689A60836869
:1030000042685A604A68824201D182684A6000225E
:1030100002610868401E0860086870470449086833
:1030200080690A680968D26AC2F120028A61704721
:103030003400002410B5044C4023046004F18400E3
:103040000860136010BD0000A411002400F1080105
:1030500041604FF0FF328260C16001610021016078
:1030600070470021016170474DF8044DD1F800C050
:10307000BCF1FF3F02D000F1080202E0026904E067
:103080001A4653681C686445FAD953684B609960C6
:103090008A60516008610168491C01605DF8044B59
:1030A000704742684A6093688B609368596091608A
:1030B00008610168491C016070470000502080F3DE
:1030C0001188BFF34F8FBFF36F8F0A494868401CC8
:1030D000486001280CD10848006810F0FF0F07D0A5
:1030E000502080F31188BFF34F8FBFF36F8FFEE73F
:1030F000704700009800002404ED00E0094948688A
:10310000002806D0401E4860002801D180F31188B5
:103110007047502080F31188BFF34F8FBFF36F8F3C
:10312000FEE700009800002470B500282AD0A0F126
:103130000804154D60686969084207D1502080F382
:103140001188BFF34F8FBFF36F8FFEE722683AB14C
:10315000502080F31188BFF34F8FBFF36F8FFEE7CE
:103160008843606000F030FA60686968084468600D
:103170002046FFF74FFB2869401C2861BDE87040DE
:1031800001F016BA70BD0000780000244FF0E02076
:103190000021016181610549054A0968A2FB0121FD
:1031A0008909491E4161072101617047140000240B
:1031B0001F85EB5110B5EDF751F9114910280ED3C9
:1031C00000F1E02090F8F0030A78904207D25020F6
:1031D00080F31188BFF34F8FBFF36F8FFEE709486D
:1031E0000068896800F4E060884207D9502080F3C5
:1031F0001188BFF34F8FBFF36F8FFEE710BD000044
:10320000980000240CED00E010B50446002C0BD013
:10321000204600F013F894F8460000280CD1204610
:10322000BDE81040FFF780BF502080F31188BFF346
:103230004F8FBFF36F8FFEE710BD00000021084ADB
:1032400002EBC1035B68834206D1002042F83100E3
:1032500002EBC10148607047491C0829F0D3704750
:1032600008180024024610B50020002A12D00F488A
:10327000006B38B1502080F31188BFF34F8FBFF33C
:103280006F8FFEE700F0A0F900211046FFF7E2F88B
:1032900001F08EF9002807D105494FF080500860F1
:1032A000BFF34F8FBFF36F8F10BD000034000024B9
:1032B00004ED00E002490A6A0260C9684160704793
:1032C0003400002401490120C86170473400002403
:1032D00010B50C4600280BD0094A126802F11801FB
:1032E000FFF7C2FE2046BDE810400121FFF7B2B84B
:1032F000502080F31188BFF34F8FBFF36F8FFEE72D
:103300003400002410B503461446002B15D0134892
:10331000D0F830C0BCF1000F17D0026841F0004176
:103320009161006800F118011846FFF7BAFE2046C7
:10333000BDE810400121FFF78DB8502080F31188BF
:10334000BFF34F8FBFF36F8FFEE7502080F31188DC
:10335000BFF34F8FBFF36F8FFEE7000034000024F0
:1033600070B50446002849D0626FA2B1206F884230
:1033700000D30146E06A884240D0012A3ED1204D68
:103380002A6894420FD1502080F31188BFF34F8FE9
:10339000BFF36F8FFEE7502080F31188BFF34F8F8C
:1033A000BFF36F8FFEE7E162A26912F0004F02D116
:1033B000C1F12001A161134E00EB8000616906EBB1
:1033C000800081421AD1201DFFF715FE012138B976
:1033D00094F82C002A6901FA00F022EA0000286122
:1033E000E06A2A6981401143296100EB8000211DB8
:1033F00006EB8000BDE87040FFF753BE70BD0000D3
:10340000340000244818002470B51A4D2A6B002A95
:103410001FD041F000410160C46814B3FFF7EBFD19
:10342000201DFFF7E8FDE06A01262A6906FA00F18F
:1034300011432961104900EB800001EB8000211D40
:10344000FFF72FFEE06A2968C96A884200D9EE6159
:1034500070BD502080F31188BFF34F8FBFF36F8F83
:10346000FEE7502080F31188BFF34F8FBFF36F8FBB
:10347000FEE70000340000244818002410B586B090
:1034800000240594049403AA04A905A8FFF7D2FD1B
:1034900005980023049902901948039A0094019119
:1034A00015A100F0FBFE1749C86208B1012000E039
:1034B000002001280AD0B0F1FF3F1BD1502080F33B
:1034C0001188BFF34F8FBFF36F8FFEE7502080F35B
:1034D0001188BFF34F8FBFF36F8F4FF0FF308862BB
:1034E00001204861CC60FBF7DDFF06B0BDE810406D
:1034F00000F0DEB906B010BD49444C4500000000A4
:10350000D12601083400002470B50446FFF7D6FD2B
:10351000294D04B92C68201DFFF76DFD68B9E06ADC
:10352000264A00EB800152F8211031B9012101FA3D
:1035300000F0296921EA00002861A06A18B104F1AD
:103540001800FFF758FD1E48211DFFF7AAFD94F84B
:1035500080000026012801D184F88060FFF7CEFDAD
:10356000686928B1FFF7AAFDFFF7A0F9FFF7C6FDCC
:103570002868844213D1686990B1286B38B1502013
:1035800080F31188BFF34F8FBFF36F8FFEE70D49B4
:103590004FF080500860BFF34F8FBFF36F8F70BD47
:1035A00007480068A968884201D12E6070BDBDE857
:1035B000704000F011B800003400002448180024C6
:1035C000181B002404ED00E00248016B491C016354
:1035D000704700003400002410B51B4C206B0028FD
:1035E00002D00120E06110BD0020E061FDF7A2FDE6
:1035F000A063626B904204D92168821A8B6F1A44CF
:103600008A6760632069B0FA80F0C0F11F000F493B
:1036100000EB800051F8202072B101EB800041687E
:103620004968416000F10802914201D14968416056
:103630004068C068206010BD502080F31188BFF33F
:103640004F8FBFF36F8FFEE734000024481800242B
:1036500070B504460E460925002C19D02068B8B173
:103660000178A9B1A188C288914211D1FEF7DFFA91
:1036700068B120684078FCF735FB10F0010F04D0EA
:1036800020680021FFF7ABFC02E0002500E00F25D9
:103690001DB100203060284670BD2068FAE770B583
:1036A0000E46044600280AD016F07F4F0FD0502057
:1036B00080F31188BFF34F8FBFF36F8FFEE7502069
:1036C00080F31188BFF34F8FBFF36F8FFEE7FFF7D3
:1036D000F5FC256825EA06012160FFF70FFD284665
:1036E00070BD70B52020FFF745FA04462CB10025C7
:1036F0002560201DFFF7AAFC2577204670BD2DE927
:10370000F04188460025044600280AD018F07F4F73
:103710000FD0502080F31188BFF34F8FBFF36F8F0E
:10372000FEE7502080F31188BFF34F8FBFF36F8FF8
:10373000FEE7261D06F10807FFF746FFF06821683F
:1037400041EA08012160B84224D04668026800219D
:1037500002F07F4322F07F4213F0806F05D0D4F84F
:1037600000C032EA0C0C07D007E0D4F800C01CEA15
:10377000020F02D0012100E0012141B113F0807F4E
:1037800000D01543216841F00071FFF73DFE30463F
:10379000B842DAD12068A843206000F009FF206811
:1037A000BDE8F0812DE9F0470D4690469A46089E07
:1037B0000446002700280AD015F07F4F0FD0502074
:1037C00080F31188BFF34F8FBFF36F8FFEE7502058
:1037D00080F31188BFF34F8FBFF36F8FFEE71DB1EA
:1037E00000F08CFD40B110E0502080F31188BFF351
:1037F0004F8FBFF36F8FFEE73EB1502080F31188EB
:10380000BFF34F8FBFF36F8FFEE7FFF7DDFED4F8F6
:103810000090524629464846FFF772F840B14F469D
:103820000026B8F1000F15D02068A843206011E0F1
:10383000AEB1B8F1000F01D04FF08077BAF1000FB0
:1038400001D047F080673246201D45EA0701FFF7A7
:1038500059FD002700F0ACFE26B310B109E04F4639
:10386000F8E712494FF080500860BFF34F8FBFF365
:103870006F8FFFF7D3FB064616F0007F10D1FFF7DE
:103880001DFC2668524629463046FFF739F828B114
:10389000B8F1000F02D02068A8432060FFF72EFC8B
:1038A00026F07F473846BDE8F087000004ED00E0D1
:1038B00010B582B038480168384A914207D150208B
:1038C00080F31188BFF34F8FBFF36F8FFEE700685F
:1038D0003349884207D1502080F31188BFF34F8FBE
:1038E000BFF36F8FFEE72F4908780190FF20087023
:1038F000087800909DF800009DF8002000F0F0008E
:10390000904207D0502080F31188BFF34F8FBFF350
:103910006F8FFEE79DF80000234C00F050002070F0
:103920000720A0609DF8000010F0800F0BD0A06869
:10393000401EA0609DF80000400000909DF800002F
:1039400010F0800FF3D1A068032807D0502080F337
:103950001188BFF34F8FBFF36F8FFEE74FF44070B6
:10396000A060019808701148016841F4700101607D
:10397000016841F070410160FFF708FC00206060C1
:10398000ECF734FD0A48016841F040410160ECF772
:1039900019FD02B0002010BD00ED00E071C20F4122
:1039A00070C20F4100E400E09800002420ED00E028
:1039B00034EF00E010B50C46002809D084420FD93E
:1039C000502080F31188BFF34F8FBFF36F8FFEE756
:1039D000502080F31188BFF34F8FBFF36F8FFEE746
:1039E0000222002100F025F8002800D0846310BDD9
:1039F00038B50C46002809D084420FD9502080F3F6
:103A00001188BFF34F8FBFF36F8FFEE7502080F315
:103A10001188BFF34F8FBFF36F8FFEE7022113466C
:103A200000220091114600F026F8002800D084639F
:103A300038BDF8B505460E461746002D13D005FBD8
:103A400006F05030FFF796F8044654B104F15002E6
:103A5000002084F846003B46314628460094FEF795
:103A60004BFE2046F8BD502080F31188BFF34F8FE6
:103A7000BFF36F8FFEE738B5049D002804D05BB11B
:103A800002B189B1C2B120E0502080F31188BFF3A8
:103A90004F8FBFF36F8FFEE7502080F31188BFF385
:103AA0004F8FBFF36F8FFEE7502080F31188BFF375
:103AB0004F8FBFF36F8FFEE739B1502080F311882D
:103AC000BFF34F8FBFF36F8FFEE74FF0500CCDF871
:103AD00000C01C46012384F846302B460094FEF7B4
:103AE0000BFE204638BD000070B504460D46002C84
:103AF00025D0FFF7E3FA226CE16B206801FB02009E
:103B0000A0600020A06320686060E16B226C491E09
:103B1000206801FB0200E0604FF0FF3084F84400B1
:103B200084F845009DB104F11000FFF78FFA04F10D
:103B30002400FFF78BFAFFF7E1FA012070BD502057
:103B400080F31188BFF34F8FBFF36F8FFEE72069BB
:103B50000028F0D004F1100000F0EEFC0028EAD0BC
:103B600004494FF080500860BFF34F8FBFF36F8F51
:103B7000E1E7000004ED00E02DE9FF4782B00446D4
:103B80008A461F460025002C03D0BAF1000F08D04A
:103B900011E0502080F31188BFF34F8FBFF36F8F78
:103BA000FEE7206C38B1502080F31188BFF34F8FAF
:103BB000BFF36F8FFEE7022F0AD1E06B012807D019
:103BC000502080F31188BFF34F8FBFF36F8FFEE754
:103BD00000F094FB48B9049838B1502080F3118864
:103BE000BFF34F8FBFF36F8FFEE7DFF8F89000262B
:103BF0004FF08058FFF762FAA06BE16B884205D363
:103C0000022F03D0049808B335B329E03A46514651
:103C10002046FEF7D3FC616A59B104F1240000F09C
:103C20008BFC68B1C9F80080BFF34F8FBFF36F8F73
:103C300006E028B1C9F80080BFF34F8FBFF36F8F44
:103C4000FFF75CFA06B00120BDE8F087FFF756FAEF
:103C500006B00020BDE8F0876846FFF72BFB012582
:103C6000FFF74CFAFFF7B0FCFFF728FA94F944008D
:103C7000B0F1FF3F01D184F8446094F94500B0F100
:103C8000FF3F01D184F84560FFF738FA04A9684680
:103C900000F08EFA40B12046FEF73EFE00F088FCB0
:103CA00006B00020BDE8F0872046FEF7F0FD90B199
:103CB000049904F11000FFF70BFB2046FEF72CFEE1
:103CC00000F076FC002895D1C9F80080BFF34F8F33
:103CD000BFF36F8F8EE72046FEF71EFE00F068FCF4
:103CE00088E7000004ED00E02DE9F047044689462E
:103CF00017461E46002C03D0B9F1000F08D011E082
:103D0000502080F31188BFF34F8FBFF36F8FFEE712
:103D1000206C38B1502080F31188BFF34F8FBFF370
:103D20006F8FFEE7022E0AD1E06B012807D05020EA
:103D300080F31188BFF34F8FBFF36F8FFEE7FFF75C
:103D400039FA5020EFF3118880F31188BFF34F8FB9
:103D5000BFF36F8FA06BE16B884206D3022E04D0B5
:103D6000002088F31188BDE8F08794F94550A06BD6
:103D7000324649462046FEF721FCB5F1FF3F04D00C
:103D8000681C84F845000120EBE7606A0028FAD03F
:103D900004F1240000F0D0FB0028F4D0002FF2D072
:103DA00001203860EFE770B504460D46002C09D0BD
:103DB000206C78B1502080F31188BFF34F8FBFF390
:103DC0006F8FFEE7502080F31188BFF34F8FBFF352
:103DD0006F8FFEE7206848B9A06838B1502080F3A3
:103DE0001188BFF34F8FBFF36F8FFEE7FFF7E2F944
:103DF0005020EFF3118680F31188BFF34F8FBFF38C
:103E00006F8FA06BE16B814219D994F94520401C5A
:103E1000A063B2F1FF3F04D0501C84F8450001209C
:103E20000EE0606A0028FAD004F1240000F084FB60
:103E30000028F4D0002DF2D001202860EFE7002008
:103E400086F3118870BD00002DE9F74783B0044662
:103E50008A460025002C03D0BAF1000F08D011E0EB
:103E6000502080F31188BFF34F8FBFF36F8FFEE7B1
:103E7000206C38B1502080F31188BFF34F8FBFF30F
:103E80006F8FFEE700F03AFA48B9059838B1502034
:103E900080F31188BFF34F8FBFF36F8FFEE7DFF81A
:103EA000EC9000274FF08058FFF708F9A66BC6B1D9
:103EB00051462046FEF770FB701EA063206950B18A
:103EC00004F1100000F038FB28B1C9F80080BFF3FE
:103ED0004F8FBFF36F8FFFF711F906B00120BDE8D8
:103EE000F087059808B135B109E0FFF707F906B08A
:103EF0000020BDE8F0876846FFF7DCF90125FFF7F1
:103F0000FDF8FFF761FBFFF7D9F894F94400B0F131
:103F1000FF3F01D184F8447094F94500B0F1FF3FB0
:103F200001D184F84570FFF7E9F805A9684600F06B
:103F30003FF968B12046FEF7EFFC00F039FB204660
:103F4000FEF798FC0028AFD006B00020BDE8F0874F
:103F50002046FEF78FFC90B1059904F12400FFF78D
:103F6000B7F92046FEF7D8FC00F022FB00289BD1D1
:103F7000C9F80080BFF34F8FBFF36F8F94E72046DF
:103F8000FEF7CAFC00F014FB8EE7000004ED00E031
:103F90002DE9F047044689461746002C03D0B9F1B5
:103FA000000F08D011E0502080F31188BFF34F8F2D
:103FB000BFF36F8FFEE7206C38B1502080F311887B
:103FC000BFF34F8FBFF36F8FFEE7FFF7F3F850207B
:103FD000EFF3118880F31188BFF34F8FBFF36F8F1A
:103FE000A56BEDB194F9446049462046FEF7D4FA3A
:103FF000681EA063B6F1FF3F04D0701C84F8440033
:1040000001200EE020690028FAD004F1100000F031
:1040100093FA0028F4D0002FF2D001203860EFE7A7
:10402000002088F31188BDE8F08700002DE9F343F4
:1040300083B0044600250026002C09D0206C78B1FE
:10404000502080F31188BFF34F8FBFF36F8FFEE7CF
:10405000502080F31188BFF34F8FBFF36F8FFEE7BF
:1040600000F04CF948B9049838B1502080F3118819
:10407000BFF34F8FBFF36F8FFEE7DFF8309100275C
:104080004FF08058FFF71AF8A06BC8B1401EA0632C
:10409000206810B9FEF7E2FDA060206950B104F17C
:1040A000100000F049FA28B1C9F80080BFF34F8F23
:1040B000BFF36F8FFFF722F805B00120BDE8F08352
:1040C000049808B17DB112E03EB1502080F3118810
:1040D000BFF34F8FBFF36F8FFEE7FFF70FF805B009
:1040E0000020BDE8F0836846FFF7E4F80125FFF7FC
:1040F00005F8FFF769FAFEF7E1FF94F94400B0F123
:10410000FF3F01D184F8447094F94500B0F1FF3FBE
:1041100001D184F84570FEF7F1FF04A9684600F06C
:1041200047F8D0B12046FEF7F7FB00F041FA2046F1
:10413000FEF7A0FB0028A5D05EB1FEF7BFFF20462A
:10414000FEF793FAA26801461046FFF709F9FEF759
:10415000D5FF05B00020BDE8F0832046FEF78AFBBE
:10416000E8B1206838B9FEF7A9FFA06800F09AF915
:104170000646FEF7C3FF049904F12400FFF7A8F8F0
:104180002046FEF7C9FB00F013FA00287FF47AAF4F
:10419000C9F80080BFF34F8FBFF36F8F72E72046DF
:1041A000FEF7BAFB00F004FA6CE7000004ED00E053
:1041B00070B505460C46002D15D0E4B1FEF77EFF24
:1041C000DFF868C0DCF80C006B68C11A2268B2F135
:1041D000FF3F18D02E68DCF820C0664515D083421A
:1041E00013D801241DE0502080F31188BFF34F8FB6
:1041F000BFF36F8FFEE7502080F31188BFF34F8F1E
:10420000BFF36F8FFEE700240BE08A4206D9501AF5
:1042100020602846FFF74EF8002402E000202060CE
:104220000124FEF76BFF204670BD0000340000241F
:104230002DE9F04F85B081468A4690469B460F9FF8
:104240000E9E4FEA8800FEF795FC054628000AD02E
:104250008420FEF78FFC04460CB1256304E0284659
:10426000FEF762FF00E000249CB1002084F881008A
:104270005B46424651460197009602940390484699
:10428000FEF74BFA2046FEF721F905B00120BDE804
:10429000F08F05B04FF0FF30BDE8F08F70B586B0FD
:1042A0000646DDF828C00C9C0B98002816D0ECB10F
:1042B000842504952063022084F88100002005AD48
:1042C000CDF800C00195029403903046FEF725FA20
:1042D0002046FEF7FBF8059806B070BD502080F32D
:1042E0001188BFF34F8FBFF36F8FFEE7502080F32D
:1042F0001188BFF34F8FBFF36F8FFEE70548416909
:10430000002903D0006B18B10020704701207047CE
:1043100002207047340000240148C0687047000044
:104320003400002410B5FEF745FF0148C06810BDF9
:10433000340000242DE9F0470026314F386B002867
:1043400005D0B869401CB8613046BDE8F087F86810
:10435000451CFD609DB9F86B006838B1502080F3B2
:104360001188BFF34F8FBFF36F8FFEE7F86B396C87
:10437000F9633864386A401C3862FEF797FAB86A05
:10438000DFF8808085420FD34FF00109F86B006899
:1043900038B1F86BC068C4686068854212D2B862F0
:1043A00002E04FF0FF30B8623868C06A00EB80006E
:1043B00058F82000012800D90126F8690028C3D048
:1043C0000126C1E7201DFEF716FEA06A18B104F110
:1043D0001800FEF710FEE16A3A6909FA01F010438D
:1043E000386101EB8100211D08EB8000FEF759FECA
:1043F000E06A3968C96A8842C8D30126C6E7000066
:10440000340000244818002470B504460021002818
:1044100041D0224D2868844207D0502080F3118873
:10442000BFF34F8FBFF36F8FFEE7606F38B1401E51
:104430006067236FE26A9A422DD040B12BE0502092
:1044400080F31188BFF34F8FBFF36F8FFEE7201DFE
:10445000FEF7D1FD1249012258B9E06A00EB800352
:1044600051F823302BB92B6902FA00F023EA00003F
:104470002861206FE062C0F12000A061E06A2B6932
:1044800082401A432A6100EB800001EB8000211D6D
:10449000FEF707FE0121084670BD0000340000242D
:1044A0004818002470B504460020002C37D0204D59
:1044B000E16A2A68D26A914232D2A06910F0004FB4
:1044C00004D12868C06AC0F12000A061E06A194EDA
:1044D000616900EB800006EB800081421BD1201D4A
:1044E000FEF789FD012138B994F82C002A6901FAF8
:1044F00000F022EA000028612868C06AE0622A69A8
:1045000081401143296100EB8000211D06EB8000F2
:10451000FEF7C7FD02E02868C06AE062012070BDB6
:10452000216F2A68D26A9142F9D2012070BD000041
:10453000340000244818002470B5C068C468002CFA
:1045400014D004F11800FEF756FD164D286B012615
:10455000A0B1154804F11801FEF7A3FDE06A29682F
:10456000C96A88421CD90120EE6170BD502080F3D9
:104570001188BFF34F8FBFF36F8FFEE7201DFEF74B
:104580003AFDE06A2A6906FA00F1114329610749F8
:1045900000EB800001EB8000211DFEF782FDDDE7CE
:1045A000002070BD34000024F01A002448180024B4
:1045B0002DE9F0470024A0462D4D286B002807D098
:1045C000FEF77CFD286B401E2863286B40B149E054
:1045D000502080F31188BFF34F8FBFF36F8FFEE73A
:1045E000A86800283ED0234F3868012600B3A7F5FD
:1045F0002A79F868C46804F11800FEF7FCFC201D55
:10460000FEF7F9FCE06A2A6906FA00F11143296114
:1046100000EB8000211D09EB8000FEF742FDE06AFF
:104620002968C96A884200D3EE6138680028E0D161
:104630000CB1FEF73BF9AC6944B1FFF77BFE00B16A
:10464000EE61641E002CF8D10020A861E86948B131
:104650004FF0010808494FF080500860BFF34F8FBA
:10466000BFF36F8FFEF74AFD4046BDE8F0870000BC
:1046700034000024F01A002404ED00E010B50029F5
:104680000AD00878002807D005487844ECF790FD58
:10469000002801D0002010BD0248784410BD000061
:1046A000CEB30200C6B3020002494FF0000000F092
:1046B0000AB800BF0000F87F4FF04070E1EE100A2A
:1046C0007047ECF7C3BA0CF00F03092B08BF0820A2
:1046D00000F059800A2B0BD0082B18BF704708BF79
:1046E0001CF0400F0AD04FF000004FF0000170475F
:1046F0001CF0400F18BF4FF0004070471CF0100F27
:1047000008D020F0704300F07F4242EAD3014FEA24
:104710004370704700F0604021F07F4242EA00029F
:1047200001F07F4040EA727070474FF0FF0C4CF48C
:10473000E06C1CEA11531CBF9CEA030C9445C2BFF9
:10474000DA4201EB02517047002B0DD0BCF1000F93
:104750000FD0002A01F00041A4BF41F0E04141F038
:104760007F614FF00000704701F000414FF0000002
:10477000704750EA01334FF09B0C18BF4CF0806C2F
:104780007FF492AF70471CF4801F11D01CF4E02F0F
:1047900003D06FEACC31490070474FF04050EFF33F
:1047A000008222F0704242EA000282F300887047E1
:1047B0004FF0000070470000CCF70308D9BE000896
:1047C00000000000000000000001000000000000E8
:1047D000000000000006101600061016010002007E
:1047E0000400060008000A000C0010002000400031
:1047F0008000000101010103070100000804020418
:104800000801010100000000010203040102030489
:104810000607080959BB0008A5BC000821BC000810
:10482000A9BC0008B9BB00080A0000000200000093
:10483000000000000000000001030507090E10122F
:104840001416181C1E000100040010004000000196
:104850000002000001000200040008001000200017
:104860000000A400E8A1A700ECA1A800A7A1B00047
:10487000E3A1B100C0A1B700A4A1D700C1A1E0008D
:10488000A4A8E100A2A8E800A8A8E900A6A8EA0058
:10489000BAA8EC00ACA8ED00AAA8F200B0A8F300FA
:1048A000AEA8F700C2A1F900B4A8FA00B2A8FC00B3
:1048B000B9A80101A1A81301A5A81B01A7A82B0154
:1048C000A9A84401BDA84801BEA84D01ADA86B012F
:1048D000B1A8CE01A3A8D001ABA8D201AFA8D40142
:1048E000B3A8D601B5A8D801B6A8DA01B7A8DC01EB
:1048F000B8A85102BBA86102C0A8C702A6A1C902FC
:10490000A5A1CA0240A8CB0241A8D90242A891039E
:10491000A1A69203A2A69303A3A69403A4A695031B
:10492000A5A69603A6A69703A7A69803A8A69903EB
:10493000A9A69A03AAA69B03ABA69C03ACA69D03BB
:10494000ADA69E03AEA69F03AFA6A003B0A6A1038B
:10495000B1A6A303B2A6A403B3A6A503B4A6A60357
:10496000B5A6A703B6A6A803B7A6A903B8A6B10320
:10497000C1A6B203C2A6B303C3A6B403C4A6B503BB
:10498000C5A6B603C6A6B703C7A6B803C8A6B9038B
:10499000C9A6BA03CAA6BB03CBA6BC03CCA6BD035B
:1049A000CDA6BE03CEA6BF03CFA6C003D0A6C1032B
:1049B000D1A6C303D2A6C403D3A6C503D4A6C603F7
:1049C000D5A6C703D6A6C803D7A6C903D8A601048F
:1049D000A7A71004A1A71104A2A71204A3A7130458
:1049E000A4A71404A5A71504A6A71604A8A717042E
:1049F000A9A71804AAA71904ABA71A04ACA71B04FB
:104A0000ADA71C04AEA71D04AFA71E04B0A71F04CA
:104A1000B1A72004B2A72104B3A72204B4A723049A
:104A2000B5A72404B6A72504B7A72604B8A727046A
:104A3000B9A72804BAA72904BBA72A04BCA72B043A
:104A4000BDA72C04BEA72D04BFA72E04C0A72F040A
:104A5000C1A73004D1A73104D2A73204D3A73304AD
:104A6000D4A73404D5A73504D6A73604D8A737046D
:104A7000D9A73804DAA73904DBA73A04DCA73B043A
:104A8000DDA73C04DEA73D04DFA73E04E0A73F040A
:104A9000E1A74004E2A74104E3A74204E4A74304DA
:104AA000E5A74404E6A74504E7A74604E8A74704AA
:104AB000E9A74804EAA74904EBA74A04ECA74B047A
:104AC000EDA74C04EEA74D04EFA74E04F0A74F044A
:104AD000F1A75104D7A710205CA9132043A81420E4
:104AE000AAA1152044A81620ACA11820AEA1192017
:104AF000AFA11C20B0A11D20B1A1252045A82620D2
:104B0000ADA13020EBA13220E4A13320E5A1352076
:104B100046A83B20F9A1AC2080000321E6A1052195
:104B200047A8092148A81621EDA1212159A96021F2
:104B3000F1A26121F2A26221F3A26321F4A2642115
:104B4000F5A26521F6A26621F7A26721F8A26821E5
:104B5000F9A26921FAA26A21FBA26B21FCA27021B1
:104B6000A1A27121A2A27221A3A27321A4A27421E5
:104B7000A5A27521A6A27621A7A27721A8A27821B5
:104B8000A9A27921AAA29021FBA19121FCA19221A5
:104B9000FAA19321FDA1962149A897214AA898211D
:104BA0004BA899214CA80822CAA10F22C7A1112203
:104BB000C6A115224DA81A22CCA11D22D8A11E22C1
:104BC000DEA11F224EA82022CFA123224FA82522FA
:104BD000CEA12722C4A12822C5A12922C9A12A2207
:104BE000C8A12B22D2A12E22D3A13422E0A13522AA
:104BF000DFA13622C3A13722CBA13D22D7A1482273
:104C0000D6A14C22D5A1522250A86022D9A161225E
:104C1000D4A16422DCA16522DDA1662251A867220D
:104C200052A86E22DAA16F22DBA1952292A89922C6
:104C3000D1A1A522CDA1BF2253A81223D0A16024C7
:104C4000D9A26124DAA26224DBA26324DCA2642458
:104C5000DDA26524DEA26624DFA26724E0A2682428
:104C6000E1A26924E2A27424C5A27524C6A2762416
:104C7000C7A27724C8A27824C9A27924CAA27A2418
:104C8000CBA27B24CCA27C24CDA27D24CEA27E24E8
:104C9000CFA27F24D0A28024D1A28124D2A28224B8
:104CA000D3A28324D4A28424D5A28524D6A2862488
:104CB000D7A28724D8A28824B1A28924B2A28A24A8
:104CC000B3A28B24B4A28C24B5A28D24B6A28E24C8
:104CD000B7A28F24B8A29024B9A29124BAA2922498
:104CE000BBA29324BCA29424BDA29524BEA2962468
:104CF000BFA29724C0A29824C1A29924C2A29A2438
:104D0000C3A29B24C4A20025A4A90125A5A902250C
:104D1000A6A90325A7A90425A8A90525A9A90625AB
:104D2000AAA90725ABA90825ACA90925ADA90A257B
:104D3000AEA90B25AFA90C25B0A90D25B1A90E254B
:104D4000B2A90F25B3A91025B4A91125B5A912251B
:104D5000B6A91325B7A91425B8A91525B9A91625EB
:104D6000BAA91725BBA91825BCA91925BDA91A25BB
:104D7000BEA91B25BFA91C25C0A91D25C1A91E258B
:104D8000C2A91F25C3A92025C4A92125C5A922255B
:104D9000C6A92325C7A92425C8A92525C9A926252B
:104DA000CAA92725CBA92825CCA92925CDA92A25FB
:104DB000CEA92B25CFA92C25D0A92D25D1A92E25CB
:104DC000D2A92F25D3A93025D4A93125D5A932259B
:104DD000D6A93325D7A93425D8A93525D9A936256B
:104DE000DAA93725DBA93825DCA93925DDA93A253B
:104DF000DEA93B25DFA93C25E0A93D25E1A93E250B
:104E0000E2A93F25E3A94025E4A94125E5A94225DA
:104E1000E6A94325E7A94425E8A94525E9A94625AA
:104E2000EAA94725EBA94825ECA94925EDA94A257A
:104E3000EEA94B25EFA9502554A8512555A8522578
:104E400056A8532557A8542558A8552559A856257E
:104E50005AA857255BA858255CA859255DA85A254E
:104E60005EA85B255FA85C2560A85D2561A85E251E
:104E700062A85F2563A8602564A8612565A86225EE
:104E800066A8632567A8642568A8652569A86625BE
:104E90006AA867256BA868256CA869256DA86A258E
:104EA0006EA86B256FA86C2570A86D2571A86E255E
:104EB00072A86F2573A8702574A8712575A872252E
:104EC00076A8732577A8812578A8822579A88325D7
:104ED0007AA884257BA885257CA886257DA887259A
:104EE0007EA8882580A8892581A88A2582A88B2567
:104EF00083A88C2584A88D2585A88E2586A88F2536
:104F000087A8932588A8942589A895258AA8A025EF
:104F1000F6A1A125F5A1B225F8A1B325F7A1BC25DD
:104F20008BA8BD258CA8C625F4A1C725F3A1CB2548
:104F3000F0A1CE25F2A1CF25F1A1E2258DA8E32590
:104F40008EA8E4258FA8E52590A80526EFA10626C2
:104F5000EEA1092691A84026E2A14226E1A1003057
:104F6000A1A10130A2A10230A3A10330A8A1053064
:104F7000A9A1063065A9073096A90830B4A1093067
:104F8000B5A10A30B6A10B30B7A10C30B8A10D30D5
:104F9000B9A10E30BAA10F30BBA11030BEA11130A3
:104FA000BFA1123093A81330FEA11430B2A1153066
:104FB000B3A11630BCA11730BDA11D3094A81E307E
:104FC00095A8213040A9223041A9233042A924309C
:104FD00043A9253044A9263045A9273046A92830C1
:104FE00047A9293048A94130A1A44230A2A44330A6
:104FF000A3A44430A4A44530A5A44630A6A44730B9
:10500000A7A44830A8A44930A9A44A30AAA44B3088
:10501000ABA44C30ACA44D30ADA44E30AEA44F3058
:10502000AFA45030B0A45130B1A45230B2A4533028
:10503000B3A45430B4A45530B5A45630B6A45730F8
:10504000B7A45830B8A45930B9A45A30BAA45B30C8
:10505000BBA45C30BCA45D30BDA45E30BEA45F3098
:10506000BFA46030C0A46130C1A46230C2A4633068
:10507000C3A46430C4A46530C5A46630C6A4673038
:10508000C7A46830C8A46930C9A46A30CAA46B3008
:10509000CBA46C30CCA46D30CDA46E30CEA46F30D8
:1050A000CFA47030D0A47130D1A47230D2A47330A8
:1050B000D3A47430D4A47530D5A47630D6A4773078
:1050C000D7A47830D8A47930D9A47A30DAA47B3048
:1050D000DBA47C30DCA47D30DDA47E30DEA47F3018
:1050E000DFA48030E0A48130E1A48230E2A48330E8
:1050F000E3A48430E4A48530E5A48630E6A48730B8
:10510000E7A48830E8A48930E9A48A30EAA48B3087
:10511000EBA48C30ECA48D30EDA48E30EEA48F3057
:10512000EFA49030F0A49130F1A49230F2A4933027
:10513000F3A49B3061A99C3062A99D3066A99E3082
:1051400067A9A130A1A5A230A2A5A330A3A5A43030
:10515000A4A5A530A5A5A630A6A5A730A7A5A830CB
:10516000A8A5A930A9A5AA30AAA5AB30ABA5AC309B
:10517000ACA5AD30ADA5AE30AEA5AF30AFA5B0306B
:10518000B0A5B130B1A5B230B2A5B330B3A5B4303B
:10519000B4A5B530B5A5B630B6A5B730B7A5B8300B
:1051A000B8A5B930B9A5BA30BAA5BB30BBA5BC30DB
:1051B000BCA5BD30BDA5BE30BEA5BF30BFA5C030AB
:1051C000C0A5C130C1A5C230C2A5C330C3A5C4307B
:1051D000C4A5C530C5A5C630C6A5C730C7A5C8304B
:1051E000C8A5C930C9A5CA30CAA5CB30CBA5CC301B
:1051F000CCA5CD30CDA5CE30CEA5CF30CFA5D030EB
:10520000D0A5D130D1A5D230D2A5D330D3A5D430BA
:10521000D4A5D530D5A5D630D6A5D730D7A5D8308A
:10522000D8A5D930D9A5DA30DAA5DB30DBA5DC305A
:10523000DCA5DD30DDA5DE30DEA5DF30DFA5E0302A
:10524000E0A5E130E1A5E230E2A5E330E3A5E430FA
:10525000E4A5E530E5A5E630E6A5E730E7A5E830CA
:10526000E8A5E930E9A5EA30EAA5EB30EBA5EC309A
:10527000ECA5ED30EDA5EE30EEA5EF30EFA5F0306A
:10528000F0A5F130F1A5F230F2A5F330F3A5F4303A
:10529000F4A5F530F5A5F630F6A5FC3060A9FD3093
:1052A00063A9FE3064A90531C5A80631C6A8073137
:1052B000C7A80831C8A80931C9A80A31CAA80B3142
:1052C000CBA80C31CCA80D31CDA80E31CEA80F3112
:1052D000CFA81031D0A81131D1A81231D2A81331E2
:1052E000D3A81431D4A81531D5A81631D6A81731B2
:1052F000D7A81831D8A81931D9A81A31DAA81B3182
:10530000DBA81C31DCA81D31DDA81E31DEA81F3151
:10531000DFA82031E0A82131E1A82231E2A8233121
:10532000E3A82431E4A82531E5A82631E6A82731F1
:10533000E7A82831E8A82931E9A82032E5A22132DE
:10534000E6A22232E7A22332E8A22432E9A22532E1
:10535000EAA22632EBA22732ECA22832EDA22932B1
:10536000EEA231325AA9A33249A98E334AA98F330A
:105370004BA99C334CA99D334DA99E334EA9A13313
:105380004FA9C43350A9CE3351A9D13352A9D23336
:1053900053A9D53354A9004EBBD2014EA1B6024E3B
:1053A0004081034EDFC6044E4181054E4281064EC8
:1053B0004381074EF2CD084EC9D5094EFDC80A4EAD
:1053C000CFC90B4EC2CF0C4EA2D80D4EBBB20E4E63
:1053D000EBD30F4E4481104EA4D8114EF3B3124EAE
:1053E0004581134EA8D7144ED2C7154EA7D8164ED6
:1053F000C0CA174E4681184EF0C7194EFBB11A4E5F
:10540000B5D21B4ED4B41C4EABB61D4EBFCB1E4EF8
:10541000A9D81F4E4781204E4881214E4981224EF6
:10542000AAB6234E4A81244EBDC1254ECFD1264E69
:105430004B81274EA5C9284EADD8294E4C812A4E06
:10544000F6B82B4EBED12C4EDCE32D4ED0D62E4ED0
:105450004D812F4E4E81304EE1B7314E4F81324E4D
:10546000AEB4334E5081344ED9C1354E5181364E93
:10547000BCD8374E5281384EE8CD394EA4B53A4E9D
:10548000AACE3B4EF7D63C4E53813D4EF6C03E4E23
:10549000D9BE3F4EAFD8404E5481414E5581424E09
:1054A0005681434ECBC4444E5781454EC3BE464EF3
:1054B0005881474EB1D8484EB4C3494EE5D24A4E02
:1054C00059814B4EAED64C4EDACE4D4EA7D54E4EF0
:1054D000F5BA4F4EA6B7504ED6C0514E5A81524ED5
:1054E000B9C6534ED2C5544EC7C7554E5B81564EB2
:1054F000D4B9574E5C81584ECBB3594ED2D25A4E86
:105500005D815B4E5E815C4EBFD85D4EC5BE5E4E1A
:10551000F2C65F4EB2D2604EB0CF614EE7CF624E60
:105520005F81634E6081644E6181654E6281664E2B
:10553000E9CA674E6381684E6481694EC0D86A4E7D
:1055400065816B4E66816C4E67816D4E68816E4ED3
:1055500069816F4E6A81704EF2C2714ED2C2724E34
:105560006B81734EE9C8744E6C81754E6D81764EB9
:105570006E81774E6F81784E7081794E71817A4E4F
:1055800072817B4E73817C4E74817D4E75817E4E1F
:10559000ACC77F4E7681804E7781814E7881824E76
:1055A0007981834E7A81844E7B81854E7C81864EC3
:1055B000CBC1874E7D81884EE8D3894EF9D58A4E7E
:1055C0007E818B4EC2CA8C4EFEB68D4EA1D88E4EB9
:1055D000DAD38F4EF7BF904E8081914EC6D4924E53
:1055E000A5BB934EC1D8944EE5CE954EAEBE964E19
:1055F0008181974E8281984EA8D8994E83819A4E88
:10560000C7D19B4EA9D09C4E84819D4E85819E4ED4
:1056100086819F4EBDD8A04EEFD9A14EF6CDA24EA9
:10562000BABFA34E8781A44EBBBDA54EA5BAA64E58
:10563000E0D2A74EFAB2A84EE0BAA94EB6C4AA4E1E
:105640008881AB4EEDCFAC4EA9BEAD4EA4CDAE4ED3
:10565000C1C1AF4E8981B04E8A81B14E8B81B24EAD
:10566000D7C7B34EF1D9B44E8C81B54EF4D9B64EEE
:105670008D81B74E8E81B84E8F81B94E9081BA4ED2
:10568000CBC8BB4EE9D8BC4E9181BD4E9281BE4E77
:105690009381BF4EDAD2C04EB2CAC14ECAC8C24E02
:1056A000ECD8C34EEAD8C44EC6D8C54EF6BDC64ED9
:1056B000CDC6C74EF0B3C84E9481C94EEBD8CA4E82
:1056C000F1BDCB4EE9BDCC4E9581CD4ED4C8CE4E6A
:1056D000D3B4CF4E9681D04E9781D14ED8C2D24E00
:1056E0009881D34ED6B2D44ED0D7D54ECBCAD64E53
:1056F000FBCBD74ECCD5D84EB6B8D94EC9CFDA4EA3
:105700009981DB4E9A81DC4E9B81DD4EDAD9DE4EEB
:10571000F0D8DF4EAAC7E04E9C81E14EEED8E24EB3
:105720009D81E34EFAB4E44EEEC1E54ED4D2E64E8E
:105730009E81E74E9F81E84EEDD8E94EA081EA4E6A
:10574000C7D2EB4EEFD8EC4EC7C3ED4EA181EE4E63
:10575000A281EF4EA381F04EF6D1F14EA481F24E1C
:10576000D9D6F34EF2D8F44EA581F54EF5D8F64EC3
:10577000FEBCF74EDBBCF84EA681F94EA781FA4E6F
:10578000A881FB4ECEC8FC4EA981FD4EDDB7FE4E72
:10579000AA81FF4EC2B7004FAB81014FF3C6024F43
:1057A000AC81034FAD81044FAE81054FAF81064FF1
:1057B000B081074FB181084FB281094FF8D80A4F25
:1057C000C1D20B4FB3810C4FB4810D4FE9CE0E4FB8
:1057D000BFBC0F4FFCB7104FA5B7114FDDD0124F14
:1057E000B581134FB681144FB781154FB881164F4D
:1057F000B981174FDAD6184FC5D3194FEFBB1A4FDF
:10580000E1BB1B4FF1D81C4FBA811D4FBB811E4F0E
:10581000A1C91F4FB0CE204FABB4214FBC81224F46
:10582000F3D8234FBD81244FCBC9254FF6D8264F3F
:10583000D7C2274FF7D8284FBE81294FBF812A4FA3
:10584000B1CE2B4FF9D82C4FC0812D4FC1812E4F97
:10585000C2812F4FAEB2304FC0B9314FC381324FEA
:10586000A3D9334FC481344FE9B0354FC581364F8A
:10587000E6C1374FC681384FECC9394FC7813A4F1F
:10588000C5CB3B4FC8813C4FC6CB3D4FA4D93E4F03
:10589000C9813F4FCA81404FCB81414FCC81424F9C
:1058A000CD81434FE8B5444FCE81454FCF81464F20
:1058B000ABB5474FD081484FD181494FD2814A4F34
:1058C000D3814B4FD4814C4FD5814D4FBBCE4E4FE2
:1058D000CDB54F4FA1D7504FF4D7514FD3D3524FDF
:1058E000D681534FE5CC544FD781554FCEBA564F42
:1058F000D881574FA2D9584FDCD9594FE0D35A4FCE
:10590000FDD85B4FF0B75C4FF7D75D4FFED85E4FC9
:10591000FAD85F4FA1D9604FE3C4614FD981624F7C
:10592000DA81634FB6D3644FF4D8654FDDD9664F43
:10593000DB81674FFBD8684FDC81694FE5C56A4F53
:10594000DD816B4FDE816C4FD0C06D4FDF816E4FBC
:10595000E0816F4FF0D1704FDBB0714FE181724F3A
:10596000E281734FD1BC744FA6D9754FE381764F56
:10597000A5D9774FE481784FE581794FE6817A4F59
:10598000E7817B4FACD97C4FAED97D4FE8817E4F0C
:10599000ABD97F4FB9CA804FE981814FEA81824FED
:1059A000EB81834FA9D9844FB6D6854FEC81864FC2
:1059B000ED81874FEE81884FDEB3894FA8D98A4F9A
:1059C000EF818B4FFDC08C4FF0818D4FCCCA8E4F35
:1059D000F1818F4FAAD9904FF281914FA7D9924F61
:1059E000F381934FF481944FB0D9954FF581964F41
:1059F000F681974FB1B6984FF781994FF8819A4F3A
:105A0000F9819B4FA9B99C4FFA819D4FC0D29E4FFF
:105A1000FB819F4FFC81A04FC0CFA14FFD81A24FC2
:105A2000FE81A34FC2C2A44F4082A54FC4BDA64F62
:105A3000ECD5A74FE0B2A84FC8C7A94FEBBFAA4FFC
:105A4000ADD9AB4F4182AC4FAFD9AD4F4282AE4FD3
:105A5000EACEAF4FEEBAB04F4382B14F4482B24F5D
:105A60004582B34F4682B44F4782B54FD6C7B64F33
:105A70004882B74F4982B84F4A82B94F4B82BA4FDA
:105A80004C82BB4F4D82BC4F4E82BD4F4F82BE4FAA
:105A90005082BF4FE3B1C04F5182C14F5282C24FBB
:105AA0005382C34FD9B4C44FEDB6C54FB4D9C64F16
:105AB0005482C74F5582C84F5682C94F5782CA4F2A
:105AC000A1BFCB4F5882CC4F5982CD4F5A82CE4F77
:105AD000DED9CF4FCEC7D04FFEC0D14FB8D9D24FAD
:105AE0005B82D34F5C82D44F5D82D54F5E82D64FAE
:105AF0005F82D74FD7CBD84FFDB7D94F6082DA4FEF
:105B0000B5D9DB4F6182DC4FB7D9DD4FA3B1DE4F92
:105B1000E1D3DF4FB9D9E04F6282E14FC5D0E24F08
:105B20006382E34FB6D9E44F6482E54F6582E64F66
:105B3000B1D9E74F6682E84FB2D9E94FA9C1EA4F20
:105B4000B3D9EB4F6782EC4F6882ED4FF3BCEE4F59
:105B5000DED0EF4FA9B8F04F6982F14FE3BEF24FAC
:105B60006A82F34FBDD9F44F6B82F54F6C82F64FCA
:105B70006D82F74F6E82F84FBAD9F94F6F82FA4FA4
:105B8000B3B0FB4F7082FC4F7182FD4F7282FE4FAB
:105B9000C2D9FF4F73820050748201507582025047
:105BA00076820350778204507882055079820650BD
:105BB0007A8207507B8208507C8209507D820A508D
:105BC0007E820B5080820C50C4D90D50B6B10E505D
:105BD00081820F50BFD9105082821150838212509F
:105BE000B9B5135084821450F3BE155085821650F7
:105BF0008682175087821850C8CC1950F2BA1A50B2
:105C0000D0D21B5088821C50C3D91D5089821E508F
:105C10008A821F50E8BD20508B822150ABB32250A6
:105C20008C8223508D8224508E822550C5D92650D7
:105C3000EBBE27508F822850C6D92950BBD92A5095
:105C4000DFC42B5090822C50BED92D50C1D92E507C
:105C5000C0D92F509182305092823150938232506D
:105C600094823350958234509682355097823650C4
:105C700098823750998238509A8239509B823A5094
:105C8000AED53B509C823C50B5D63D509D823E5097
:105C9000E3C73F509E8240509F824150A0824250B5
:105CA000A1824350C8D94450A2824550A382465095
:105CB000A4824750D9BC4850CAD94950A5824A50FD
:105CC000A6824B50A7824C50BCD94D50A8824E5052
:105CD000CBD94F50ABC65050A9825150AA825250D6
:105CE000AB825350AC825450AD825550C9D95650F6
:105CF000AE825750AF825850B0825950B1825A503C
:105D0000F6D75B50B2825C50A3CD5D50B3825E503B
:105D1000B4825F50B5826050B6826150B7826250E3
:105D2000B8826350B9826450BA826550A1BD665092
:105D3000BB826750BC826850BD826950BE826A5087
:105D4000BF826B50C0826C50CCD96D50C1826E50F6
:105D5000C2826F50C3827050C4827150C58272502B
:105D6000C6827350C7827450C8827550C9827650FB
:105D7000BCC57750B5CD7850CA827950CB827A5065
:105D8000CC827B50CDD97C50CD827D50CE827E504E
:105D9000C7D97F50A5B38050FEBF8150CF828250BB
:105DA000D0828350D1828450D2828550B5B886503B
:105DB000D3828750D4828850FCC08950D5828A50C3
:105DC000D6828B50D7828C50D8828D50F8B08E50AE
:105DD000D9828F50DA829050DB829150DC829250CF
:105DE000DD829350DE829450DF829550E08296509F
:105DF000E1829750E2829850E3829950E4829A506F
:105E0000E5829B50E6829C50E7829D50E8829E503E
:105E1000E9829F50EA82A050EB82A150EC82A2500E
:105E2000ED82A350F6B4A450EE82A550CED9A65070
:105E3000EF82A750CFD9A850A2B4A950D0D9AA5068
:105E4000F082AB50F182AC50DFB4AD50F282AE5074
:105E5000F382AF50F482B050F582B150F682B25066
:105E6000C1B0B350F782B450F882B550F982B65041
:105E7000FA82B750FB82B850FC82B950FD82BA500A
:105E8000D1D9BB50B5C9BC50FE82BD504083BE5075
:105E90004183BF504283C0504383C1504483C250AA
:105EA0004583C3504683C4504783C5504883C6507A
:105EB0004983C7504A83C8504B83C9504C83CA504A
:105EC0004D83CB504E83CC504F83CD505083CE501A
:105ED0005183CF50F1CFD0505283D1505383D25001
:105EE0005483D3505583D4505683D5505783D650BE
:105EF000D2D9D7505883D8505983D9505A83DA50C1
:105F0000C5C1DB505B83DC505C83DD505D83DE50BC
:105F10005E83DF505F83E0506083E1506183E25035
:105F20006283E3506383E4506483E5506583E65005
:105F3000D6D9E750AEC9E8506683E9506783EA5086
:105F40006883EB506983EC50D5D9ED50D4D9EE502D
:105F5000D7D9EF506A83F0506B83F1506C83F250C5
:105F60006D83F350DBCBF4506E83F550A9BDF65032
:105F70006F83F7507083F8507183F9507283FA5031
:105F80007383FB50A7C6FC507483FD507583FE508D
:105F90007683FF50778300517883015179830251D2
:105FA0007A8303517B8304517C8305517D830651A1
:105FB000D3D90751D8D908517E83095180830A511A
:105FC00081830B51D9D90C5182830D5183830E519A
:105FD00084830F5185831051868311518783125119
:105FE000E5C8135188831451898315518A8316514A
:105FF0008B8317518C8318518D8319518E831A51BD
:106000008F831B5190831C5191831D5192831E518C
:1060100093831F519483205195832151DCC02251D9
:106020009683235197832451988325519983265130
:106030009A8327519B8328519C8329519D832A5100
:106040009E832B519F832C51A0832D51A1832E51D0
:10605000A2832F51A3833051A4833151A5833251A0
:10606000A6833351A7833451A8833551A983365170
:10607000AA833751AB833851AC833951AD833A5140
:10608000AE833B51AF833C51B0833D51B1833E5110
:10609000B2833F51F9B64051A3D84151CAD44251BD
:1060A000B3834351AAD44451D6D04551E4B34651A9
:1060B000D7D54751B4834851C8CF4951E2B94A5165
:1060C000B5834B51CBBF4C51B6834D51E2C34E51BA
:1060D000B7834F51B8835051B9835151D2B6525101
:1060E000BA835351BB835451C3CD5551EED9565148
:1060F000F0D95751BC835851BD835951BE835A5171
:10610000B3B55B51BF835C51B5B65D51C0835E5181
:10611000C1835F51C2836051C3836151C4836251A3
:10612000A4BE6351C5836451C6836551EBC86651F3
:10613000C7836751C8836851ABC86951C9836A5125
:10614000CA836B51CBB06C51ABB96D51F9C16E5173
:10615000E2D96F51CB837051BCC07151B2B9725149
:10616000CC837351D8B97451CBD07551F8B17651F5
:10617000E4C67751DFBE7851E4B57951C8D77A517A
:10618000CD837B51F8D17C51E6BC7D51DECA7E5176
:10619000CE837F51CF838051BDBC8151E6D98251DE
:1061A000E7D88351D0838451D1838551DAC4865195
:1061B000D2838751D3838851D4B88951BDC88A51BD
:1061C000D4838B51D5838C51E1B28D51D9D48E516A
:1061D000D6838F51D7839051D8839151D9839251CF
:1061E000B0C39351DA839451DB839551E1C3965147
:1061F000A2DA9751DFC89851DC839951B4D09A51F3
:10620000DD839B51FCBE9C51A9C59D51DE839E51EF
:10621000DF839F51E083A051DAB9A151E183A251FC
:10622000A3DAA351E283A451A9D4A551A4DAA651BB
:10623000E383A751E483A851E583A951E683AA51DA
:10624000E783AB51FBD9AC51ACB6AD51E883AE514D
:10625000E983AF51EBB7B051F9B1B151FCD9B251AB
:10626000E5B3B351F6BEB451EA83B551F6BFB651AA
:10627000B1D2B751E4C0B851EB83B951EC83BA51F4
:10628000ED83BB51B3B6BC51FED9BD51FDD9BE5152
:10629000EE83BF51EF83C051BBBEC151F083C251E9
:1062A000F183C351F283C451E0C6C551F383C65193
:1062B000BCD7C751A1DAC851F483C951B9C1CA5179
:1062C000F583CB51F2B5CC51E8C1CD51F683CE5117
:1062D000F783CF51F5BCD051F883D151D5B4D25109
:1062E000F983D351FA83D451FB83D551FC83D65122
:1062F000FD83D751FE83D8514084D9514184DA516E
:106300004284DB51DDC1DC514384DD51FDC4DE51EB
:106310004484DF514584E051B8BCE151B2B7E25149
:106320004684E3514784E451EFB7E5514884E65190
:106330004984E7514A84E8514B84E9514C84EA513D
:106340004D84EB51ECD9EC514E84ED51BEC6EE516B
:106350004F84EF51ADBFF051CBBBF1515084F2519E
:106360005184F351CAB5F4515284F551C9DBF65149
:10637000D7D0F7515384F851B9CDF951BCB0FA5187
:10638000F6B3FB51F7BBFC51CADBFD51AFBAFE516E
:106390005484FF51E4D40052B6B50152F3B5025211
:1063A000D6D80352D0C8045255840552568406529A
:1063B000D6B70752D0C70852D7D8095257840A52C5
:1063C000AFBF0B5258840C5259840D52BBDB0E5296
:1063D000D8D80F525A8410525B841152CCD012522A
:1063E000AEBB13525C8414525D8415525E84165207
:1063F000BEEB1752D0C11852F5C11952F2D41A523D
:10640000D5B81B52B4B41C525F841D52F5B31E5252
:1064100060841F5261842052BEC92152628422527C
:106420006384235264842452D0C525526584265245
:106430006684275267842852D9C52952FBC02A5244
:1064400068842B52F0B12C5269842D52D9D82E5227
:10645000CEB92F526A843052BDB531526B8432525C
:106460006C843352DAD834526D8435526E8436528D
:10647000C6D63752A2CB3852AFC83952B2C93A52F7
:10648000CCB43B52CCBF3C526F843D52F4B93E5227
:1064900070843F52DBD84052DCD84152E7B64252BA
:1064A000C1BC4352EACC4452718445527284465274
:1064B00073844752748448527584495276844A5290
:1064C000F7CF4B5277844C52DDD84D52B0C74E5265
:1064D00078844F5279845052D0B95152A3BD525250
:1064E0007A8453527B845452DECC55527C8456526B
:1064F000CAC657527D8458527E84595280845A525B
:1065000081845B5282845C52E0D85D5283845E5207
:10651000DED85F528484605285846152DFD8625233
:10652000868463528784645288846552FEB06652C2
:1065300089846752E7BE68528A846952A3CA6A5244
:10654000F4BC6B528B846C528C846D528D846E5271
:106550008E846F52B1B870528F847152908472528F
:10656000EEB8735291847452928475529384765229
:1065700094847752958478529684795297847A528B
:1065800098847B5299847C529A847D52E2D87E52C0
:106590009B847F52CBBD80529C848152E4D882522E
:1065A000E3D883529D8484529E8485529F84865270
:1065B000A0848752A1848852FCC58952A2848A5241
:1065C000A3848B52A4848C52A5848D52A6848E52AF
:1065D000A7848F52A8849052E5D89152A9849252F0
:1065E000AA849352E6D89452AB849552AC849652C6
:1065F000AD849752AE849852AF849952B0849A5227
:10660000B1849B52A6C19C52B2849D52B0C89E5286
:10661000ECB09F52A6B9A052D3BCA152F1CEA25267
:10662000BDDBA352D3C1A452B384A552B484A652F5
:10663000B584A752B684A852AFB6A952FAD6AA52C8
:10664000ACC5AB52D9BDAC52BEDBAD52BFDBAE5216
:10665000B784AF52B884B052B984B152F8C0B252C4
:10666000A2BEB352CDC0B452BA84B552BB84B652A6
:10667000BC84B752BD84B852BE84B952BF84BA52EA
:10668000C084BB52C184BC52C284BD52C384BE52BA
:10669000C0DBBF52C6CAC052C484C152C584C252F4
:1066A000C684C352AAB2C452C784C552C884C65253
:1066B000C984C752C2D3C852CA84C952E3C3CA529A
:1066C000CB84CB52ABD1CC52CC84CD52CD84CE52E4
:1066D000CE84CF52CF84D052C2DBD152D084D2529A
:1066E000D5C0D352D184D452D284D552D384D65279
:1066F000C3DBD752D484D852B1BFD952D584DA5231
:10670000D684DB52D784DC52D884DD52D984DE5261
:10671000DA84DF52BCC4E052DB84E152DC84E25212
:10672000DD84E352DE84E452DAC7E552DF84E652C8
:10673000E084E752E184E852E284E952E384EA52D9
:10674000E484EB52E584EC52E684ED52E784EE52A9
:10675000E884EF52E984F052C4DBF152EA84F25249
:10676000EB84F352EC84F452ED84F552EE84F6524D
:10677000EF84F752F084F852F184F952E8D9FA52D2
:10678000D7C9FB52F284FC52F384FD52F484FE52CA
:10679000B4B9FF52F0CE0053C8D40153F58402536C
:1067A000F6840353F7840453F8840553FCB006536E
:1067B000D2B40753F9840853D9D00953FA840A5341
:1067C000FB840B53FC840C53FD840D53E9D90E5309
:1067D000FE840F53CBDE1053EBD911534085125377
:1067E000418513534285145343851553B0D816532E
:1067F000AFBB1753B1B1185344851953D7B31A53CC
:10680000CED81B5345851C5346851D53D1D41E53EA
:1068100047851F5348852053B3BD2153EFBF2253F3
:1068200049852353BBCF24534A8525534B85265393
:10683000D0D827534C8528534D8529534E852A534C
:10684000CBB72B534F852C5350852D5351852E5349
:10685000D1D82F53528530535385315354853253F9
:10686000558533535685345357853553588536539C
:10687000598537535A8538535B853953A5C63A53E2
:10688000F8C73B53BDD23C535C853D535D853E53B9
:10689000D2D83F53E4C440535E854153AECA4253FD
:1068A0005F854353A7C7445360854553A6D84653D5
:1068B00061854753FDC94853E7CE4953DCBB4A5372
:1068C000EBB04B5362854C5363854D5364854E53F7
:1068D000AABB4F53ADD0505365855153B0B15253FD
:1068E000E4D75353BFD7545366855553A5B5565374
:1068F000F4C25753CFC458536785595368855A53C8
:10690000A9B25B5369855C53B7B25D536A855E5328
:10691000E5B15F53B2DF6053BCD56153A8BF62538A
:10692000ACC26353D5D86453B1C265536B8566530B
:10693000D4D86753D4CE68536C856953E0DA6A5370
:106940006D856B53C0CE6C536E856D536F856E53E2
:10695000B4D86F53AEC37053A1D37153A3CE725347
:1069600070857353B4BC7453B4C87553D1C2765395
:1069700071857753EDBE7853B6D0795372857A53CB
:10698000E1DA7B5373857C5374857D5375857E5323
:1069900076857F53E4C7805377858153788582530A
:1069A000A7B3835379858453F2B68553FCCC8653C1
:1069B000FAC087537A8588537B858953F7C08A53F9
:1069C0007C858B53B9D18C53E1D18D53C7D88E536D
:1069D0007D858F537E859053808591538185925319
:1069E000828593538385945384859553DEB2965361
:1069F0008585975386859853E5C0995387859A5323
:106A0000F1BA9B5388859C5389859D53C8D89E5362
:106A10008A859F53ADD4A0538B85A1538C85A253F7
:106A2000E1CFA353C9D8A4538D85A553CAD8A65383
:106A3000C3CFA7538E85A853F8B3A953C7BEAA5393
:106A40008F85AB539085AC539185AD539285AE53F2
:106A5000CBD8AF539385B0539485B1539585B2533A
:106A60009685B3539785B4539885B5539985B65396
:106A7000CCDBB7539A85B8539B85B9539C85BA53E1
:106A80009D85BB53A5C8BC539E85BD539F85BE53F2
:106A9000A085BF53D8CFC053A185C153FEC8C253F0
:106AA000CEB2C353A285C453A385C553A485C65390
:106AB000A585C753A685C853D6D3C953E6B2CA53D2
:106AC000B0BCCB53D1D3CC53ABCBCD53B4B7CE5357
:106AD000A785CF53A885D053A985D153A2B7D25348
:106AE000AA85D353AB85D453E5CAD553AC85D653C9
:106AF000A1C8D753DCCAD853E4B1D953F0D0DA5384
:106B0000AD85DB53D1C5DC53AE85DD53AF85DE5398
:106B1000B085DF53C5DBE053FEB5E153B185E253E9
:106B2000B285E353DABFE453C5B9E553E4BEE65397
:106B3000EDC1E753B385E853B6DFE953B5DFEA5358
:106B4000BBD6EB53D0BDEC53D9D5ED53C8B0EE5303
:106B5000A3B6EF53C9BFF053A8CCF153B3DFF25340
:106B6000B7CAF353D2D3F453B485F553CFD8F65301
:106B7000B6D2F753C5BAF853BECBF953BECCFA53CD
:106B8000B585FB53B7DFFC53F0B5FD53B4DFFE53BF
:106B9000B685FF53B7850054B8850154F5D3025428
:106BA000B9850354D4B30454F7B80554BA850654D0
:106BB000BADF0754BB850854CFBA0954AABC0A549B
:106BC000F5B50B54BC850C54ACCD0D54FBC30E5421
:106BD000F3BA0F54F4C01054C2CD1154F2CF125472
:106BE000B8DF1354C5CF1454BD851554C0C2165414
:106BF000B9DF1754F0C21854BE851954BF851A5412
:106C0000C0851B54FDBE1C54C1851D54DFC11E54DC
:106C1000CCCD1F54F7D22054CDB72154C1DF22541C
:106C2000C2852354C4DF2454C3852554C485265407
:106C3000F1B72754C9B02854D6B62954D4B72A542A
:106C4000C5852B54ACBA2C54FDCC2D54D4BF2E5436
:106C5000B1CB2F54F4C63054C6853154A8D6325423
:106C6000C5DF3354C7853454E2CE3554B3B33654FC
:106C7000C8853754C9853854FCCE3954B5B43A5414
:106C8000CA853B54C7CE3C54F0BA3D54CB853E54E4
:106C9000E1CE3F54CC854054BDD14154CD854254C2
:106CA000CE854354C0DF4454CF854554D0854654E7
:106CB000F4B44754D1854854CAB34954D2854A5490
:106CC000E6B84B54BBDF4C54D3854D54D4854E5459
:106CD000D5854F54D6855054C5C45154D785525488
:106CE000BCDF5354BDDF5454BEDF5554BBC55654AE
:106CF000BFDF5754C2DF5854B1D45954C3DF5A547C
:106D0000D8855B54BAC75C54D8CE5D54D9855E54DF
:106D1000DA855F54DB856054DC856154DD8562541F
:106D2000D8C46354DE856454CADF6554DF85665475
:106D3000CFDF6754E0856854DCD66954E1856A5436
:106D4000E2856B54E3856C54E4856D54E5856E549F
:106D5000E6856F54E7857054E8857154C9DF725435
:106D6000DADF7354B6CE7454E9857554C7BA7654D5
:106D7000CEDF7754C8DF7854DEC57954EA857A547B
:106D8000EB857B54EBC97C54F4BA7D54FCC37E5430
:106D9000EC857F54ED858054D7BE8154EE858254B6
:106DA000C6DF8354EF858454CDDF8554F085865447
:106DB000D8C58754F1858854F2858954F3858A545F
:106DC000F4858B54A6D58C54CDBA8D54F5858E544C
:106DD000CCBE8F54BDD39054C0B89154F685925414
:106DE000E4D69354F7859454C7DF9554BEB99654AE
:106DF000A7BF9754F8859854F9859954FCC19A54C3
:106E0000CBDF9B54CCDF9C54FA859D54D0DF9E543D
:106E1000FB859F54FC85A054FD85A154FE85A2549A
:106E20004086A354DBDFA454E5DFA5544186A65475
:106E3000D7DFA754D6DFA854C9D7A954E3DFAA5493
:106E4000E4DFAB54EBE5AC54A7D2AD54D2DFAE5483
:106E50004286AF54A9BFB0544386B154DBD4B25478
:106E60004486B354C8BFB454D4DFB5544586B65431
:106E70004686B7544786B854CCCFB9544886BA54DE
:106E80004986BB54DDDFBC544A86BD54CAD1BE54CA
:106E90004B86BF54DEDFC054A7B0C154B7C6C2543E
:106EA000D3DFC3544C86C454E5BAC5544D86C6548A
:106EB000DFB6C754DBCDC854FEB9C954D5D4CA54C3
:106EC0004E86CB544F86CC54DFDFCD54ECCFCE541E
:106ED000A5B0CF54E7DFD054D1DFD154C6D1D254BE
:106EE000D5DFD354D8DFD454D9DFD554DCDFD65422
:106EF0005086D754A9BBD8545186D954E0DFDA5410
:106F0000E1DFDB545286DC54E2DFDD54E6DFDE54A1
:106F1000E8DFDF54B4D3E0545386E1545486E2549E
:106F20005586E3545686E4545786E554E7B8E6544C
:106F3000B6C5E754EADFE854DAC9E954A8C1EA540F
:106F4000C4C4EB545886EC545986ED54DEBFEE545D
:106F5000F8CFEF545A86F0545B86F1545C86F254B5
:106F6000DCD5F354EEDFF4545D86F5545E86F654BA
:106F70005F86F7546086F8546186F9546286FA5445
:106F8000B8B2FB546386FC54DFBAFD54ECDFFE5408
:106F90006486FF54C1DB005565860155E4D1025576
:106FA00066860355678604556886055569860655C5
:106FB000F4CB0755BDB408556A860955A6B00A55E5
:106FC0006B860B556C860C556D860D556E860E5571
:106FD0006F860F55F1DF1055C6CC1155F2DF1255F3
:106FE0007086135571861455EDDF1555728616554A
:106FF00073861755748618557586195576861A55F1
:1070000077861B55E9DF1C5578861D5579861E55F8
:107010007A861F557B862055EBDF21557C862255CD
:10702000EFDF2355F0DF2455BDBB25557D86265562
:107030007E862755F3DF28558086295581862A5577
:10704000F4DF2B5582862C55A3BB2D5583862E55F8
:10705000DBCA2F55A8CE3055A7E03155AAB332551B
:1070600084863355A6E03455858635558686365553
:1070700087863755A1E038558886395589863A552F
:107080008A863B558B863C55FEDF3D558C863E55AA
:10709000D9CD3F55FCDF40558D864155FADF42552D
:1070A0008E864355D0BF4455C4D745558F86465527
:1070B000CCC947559086485591864955F8DF4A55C1
:1070C000A1B04B5592864C5593864D5594864E559E
:1070D00095864F5596865055FDDF515597865255EA
:1070E00098865355998654559A865555FBDF5655C3
:1070F000A2E057559B8658559C8659559D865A55F2
:107100009E865B559F865C55A8E05D55A0865E55C2
:10711000A1865F55A2866055A3866155C8B76255A2
:10712000A4866355A5866455A1C66555B6C966553E
:10713000B2C06755F5DF6855A6866955A7866A55BA
:10714000BEC56B55A8866C55C4D86D55F9DF6E5514
:10715000F6C46F55A9867055AA867155AB867255CF
:10716000AC867355AD867455AE867555A3E07655DD
:10717000A4E07755A5E07855A5D07955AF867A5526
:10718000B0867B55B4E07C55E4CC7D55B1867E5508
:10719000B1E07F55B2868055A6BF8155AFE08255DC
:1071A000B9CE8355ABE08455C6C98555B38686559F
:1071B000B4868755AEC08855AEE08955EDBA8A557C
:1071C000B0BA8B55A9E08C55B5868D55B6868E55CF
:1071D000B7868F55F6DF9055B8869155B3E0925536
:1071E000B9869355BA869455B8E09555BB869655A1
:1071F000BC869755BD869855ADB49955B9E09A555A
:10720000BE869B55BF869C55B2CF9D55C8BA9E552C
:10721000C0869F55B0E0A055C186A155C286A25533
:10722000C386A355C486A455C586A555C686A6554E
:10723000C786A755FAD0A855C886A955C986AA55A4
:10724000CA86AB55CB86AC55CC86AD55CD86AE55F2
:10725000CE86AF55CF86B055D086B155ACE0B2558D
:10726000D186B355FBD4B455D286B555F7DFB655A4
:10727000D386B755E7C5B855D486B955ADE0BA55EC
:10728000D586BB55F7D3BC55D686BD55B6E0BE55A1
:10729000B7E0BF55D786C055D886C155D986C255E7
:1072A000DA86C355DB86C455C4E0C555E1D0C65562
:1072B000DC86C755DD86C855DE86C955BCE0CA5593
:1072C000DF86CB55E086CC55C9E0CD55CAE0CE551A
:1072D000E186CF55E286D055E386D155BEE0D25542
:1072E000AAE0D355A4C9D455C1E0D555E486D655F6
:1072F000B2E0D755E586D855E686D955E786DA5502
:10730000E886DB55E986DC55C8CADD55C3E0DE55A5
:10731000EA86DF55B5E0E055EB86E155CBCEE25588
:10732000EC86E355C3CBE455CDE0E555C6E0E65524
:10733000C2E0E755ED86E855CBE0E955EE86EA5523
:10734000BAE0EB55BFE0EC55C0E0ED55EF86EE55E9
:10735000F086EF55C5E0F055F186F155F286F2550D
:10736000C7E0F355C8E0F455F386F555CCE0F65583
:10737000F486F755BBE0F855F586F955F686FA55CB
:10738000F786FB55F886FC55F986FD55D4CBFE559E
:10739000D5E0FF55FA860056D6E00156D2E00256F7
:1073A000FB860356FC860456FD860556FE86065669
:1073B0004087075641870856D0E00956CEBC0A568A
:1073C00042870B5643870C56D1E00D5644870E5624
:1073D000C2B80F56C5D81056458711564687125663
:1073E0004787135648871456498715564A871656B5
:1073F0004B8717564C871856EAD019564D871A56A0
:107400004E871B56EFC21C564F871D5650871E567F
:10741000CFE01F56BDE02056518721565287225695
:1074200053872356D4E02456D3E025565487265656
:1074300055872756D7E028565687295657872A5604
:1074400058872B5659872C56DCE02D56D8E02E56FF
:107450005A872F565B8730565C873156F6D63256A0
:10746000B0B333565D873456ECD735565E87365603
:10747000BBCB37565F87385660873956DAE03A56C5
:1074800061873B56FBCE3C5662873D5663873E562E
:1074900064873F56D9BA405665874156668742563B
:1074A0006787435668874456698745566A874656B4
:1074B0006B8747566C8748566D8749566E874A5684
:1074C0006F874B5670874C56E1E04D56DDE04E56C7
:1074D000ADD24F56718750567287515673875256A8
:1074E0007487535675875456E2E05556768756563C
:1074F00077875756DBE05856D9E05956DFE05A56A1
:1075000078875B5679875C56E0E05D567A875E56F1
:107510007B875F567C8760567D8761567E87625683
:10752000DEE0635680876456E4E0655681876656E0
:107530008287675683876856F7C66956ACD86A56FD
:10754000EBD46B56E6E06C56C9CA6D5684876E560E
:1075500085876F568687705687877156E5E0725625
:1075600088877356898774568A8775568B877656AF
:10757000C1B877568C8778568D8779568E877A561C
:107580008F877B56E7E07C56E8E07D5690877E56F5
:1075900091877F569287805693878156948782562B
:1075A000958783569687845697878556E9E0865651
:1075B000E3E0875698878856998789569A878A562E
:1075C0009B878B569C878C569D878D569E878E56A3
:1075D000BFBA8F56E7CC90569F879156A087925698
:1075E000A1879356EAE09456A2879556A3879656AC
:1075F000A4879756A5879856A6879956A7879A561F
:10760000A8879B56A9879C56AA879D56AB879E56EE
:10761000AC879F56AD87A056AE87A156AF87A256BE
:10762000B087A356F9CFA456B187A556B287A65600
:10763000B387A756B487A856B587A956B687AA5662
:10764000B787AB56B887AC56B987AD56BA87AE5632
:10765000BB87AF56EBE0B056BC87B156BD87B2567C
:10766000BE87B356BF87B456C087B556C187B656D6
:10767000C287B756C2C8B856C387B956C487BA5668
:10768000C587BB56C687BC56C0BDBD56C787BE564C
:10769000C887BF56C987C056CA87C156CB87C2564E
:1076A000CC87C356CD87C456CE87C556CF87C6561E
:1076B000D087C756D187C856D287C956D387CA56EE
:1076C000D2C4CB56D487CC56D587CD56D687CE5686
:1076D000D787CF56D887D056D987D156DA87D25692
:1076E000DB87D356DC87D456ECE0D556DD87D656FB
:1076F000DE87D756EDE0D856DF87D956E087DA56D1
:10770000F4C7DB56C4CBDC56E187DD56EEE0DE562F
:10771000D8BBDF56B6D8E056F2D2E156EFE0E256DB
:10772000C5CDE356E287E456DAB6E556E387E6567A
:10773000E487E756E587E856E687E956E787EA569D
:10774000E887EB56F1E0EC56E987ED56B0D4EE56FB
:10775000EA87EF56EB87F056A7C0F156D1B4F25640
:10776000EC87F356ED87F456A7CEF556F0E0F656C3
:10777000EE87F756EF87F856F087F956F2E0FA569B
:10778000CCB9FB56F187FC56F287FD56FAB9FE5686
:10779000BCCDFF56F3E00057F3870157F48702573B
:1077A000F5870357D4C60457F4E00557F687065704
:1077B000B2D40757F7870857A6C80957F6E00A5703
:1077C000F5E00B57F8870C57F9870D57FA870E57D6
:1077D000FB870F57FC871057FD871157FE871257FD
:1077E00040881357418814574288155743881657C5
:1077F00044881757458818574688195747881A5795
:1078000048881B5749881C57F7E01D574A881E5760
:107810004B881F57C1CD20574C8821574D88225780
:107820004E882357A5CA24574F8825575088265776
:107830005188275752882857DAD42957D7DB2A5737
:10784000D9DB2B5753882C57D8DB2D57E7B92E5748
:10785000DCDB2F57DDDB3057D8B531575488325732
:1078600055883357DADB345756883557578836579B
:1078700058883757598838575A883957DBDB3A5771
:10788000A1B33B57DFDB3C575B883D575C883E57D5
:10789000F8BB3F575D884057B7D641575E8842577F
:1078A000E0DB43575F8844576088455761884657F7
:1078B00062884757F9BE48576388495764884A57D2
:1078C000BBB74B5765884C57D0DB4D57AECC4E57A6
:1078D000B2BF4F57B5BB5057F8D75157D3BF5257C8
:1078E000668853576788545768885557698856572C
:1078F0006A885757E9BF58576B8859576C885A5749
:10790000E1BC5B57B3CC5C57DEDB5D57D3B05E5751
:10791000EBCE5F57D8B76057B9D76157C2C6625729
:107920006D8863576E886457A4C065576F88665723
:10793000B9CC675770886857E7DB6957E1DB6A574E
:10794000BAC66B57E3DB6C5771886D57E8DB6E572F
:1079500072886F57F7C5705773887157748872575C
:1079600075887357EADB745776887557778876572A
:10797000E9DB7757C0BF78577888795779887A5785
:107980007A887B57E6DB7C57E5DB7D577B887E5723
:107990007C887F577D8880577E8881578088825772
:1079A000B9B48357ACC08457A2C28557E2DB86576F
:1079B000E4DB8757818888578288895783888A576C
:1079C00084888B57CDD08C57EDDB8D5785888E57AB
:1079D00086888F57878890578888915789889257CB
:1079E000DDC09357F2DB94578A8895578B8896575A
:1079F0008C8897578D8898578E8899578F889A5773
:107A000090889B57E2B69C5791889D5792889E57C5
:107A100093889F579488A057F3DBA157D2DBA257D6
:107A2000B8B9A357ABD4A457ECDBA5579588A65794
:107A3000D1BFA757F0DBA8579688A957D1DBAA5723
:107A40009788AB57E6B5AC579888AD57EBDBAE5788
:107A5000E5BFAF579988B0579A88B1579B88B257FE
:107A6000EEDBB3579C88B457F1DBB5579D88B6570A
:107A70009E88B7579F88B857F9DBB957A088BA577F
:107A8000A188BB57A288BC57A388BD57A488BE57FE
:107A9000A588BF57A688C057A788C157A888C257CE
:107AA000A1B9C357A3B0C457A988C557AA88C65758
:107AB000AB88C757AC88C857AD88C957AE88CA5776
:107AC000AF88CB57F1C2CC57B088CD57B188CE57CD
:107AD000C7B3CF57EFDBD057B288D157B388D2574F
:107AE000F8DBD357B488D457D2C6D557F4DBD65772
:107AF000B588D757B688D857F5DBD957F7DBDA57AB
:107B0000F6DBDB57B788DC57B888DD57FEDBDE577E
:107B1000B988DF57F2D3E057BAB2E157BA88E257D3
:107B2000BB88E357BC88E457FDDBE557BD88E657C3
:107B3000BE88E757BF88E857C088E957C188EA5729
:107B4000C288EB57C388EC57C488ED57A4DCEE57C6
:107B5000C588EF57FBDBF057C688F157C788F25747
:107B6000C888F357C988F457FADBF557CA88F6571F
:107B7000CB88F757CC88F857FCDBF957E0C5FA57A4
:107B8000F9BBFB57CD88FC57CE88FD57A3DCFE57C9
:107B9000CF88FF57D0880058A5DC0158D1880258FB
:107BA000C3CC0358D2880458D3880558D4880658C3
:107BB000D1B60758C0DD0858D5880958D6880A5864
:107BC000D7880B58A1DC0C58D8880D58A2DC0E5869
:107BD000D9880F58DA881058DB881158B5C7125861
:107BE000DC881358DD881458DE881558E9B6165815
:107BF000DF881758E0881858E1881958A7DC1A5808
:107C0000E2881B58E3881C58E4881D58E5881E58F4
:107C1000A6DC1F58E6882058A9DC2158A4B12258B8
:107C2000E7882358E8882458CCB52558E988265891
:107C3000EA882758EB882858EC882958ED882A5874
:107C4000B0BF2B58EE882C58EF882D58F0882E584E
:107C5000F1882F58F2883058DFD13158F3883258E4
:107C6000F4883358F5883458F6883558C2B63658F3
:107C7000F7883758F8883858F9883958FA883A58C0
:107C8000FB883B58FC883C58FD883D58FE883E5890
:107C900040893F5841894058428941584389425858
:107CA0004489435845894458A8DC45584689465874
:107CB0004789475848894858498949584A894A58FC
:107CC0004B894B584C894C58FACB4D58F3EB4E58D6
:107CD0004D894F584E8950584F895158DCCB5258D6
:107CE0005089535851895458FECB5558528956588B
:107CF0005389575854895858C1CC595855895A589E
:107D000056895B5857895C5858895D5859895E581F
:107D1000FBC85F585A8960585B8961585C89625812
:107D20005D8963585E8964585F896558AADC665826
:107D300060896758618968586289695863896A5897
:107D400064896B58EECC6C58ABDC6D5865896E5805
:107D500066896F586789705868897158698972583F
:107D60006A8973586B8974586C8975586D8976580F
:107D70006E8977586F8978587089795871897A58DF
:107D800072897B5873897C5874897D5875897E58AF
:107D9000D3DB7F5876898058AFDC8158ACDC8258C1
:107DA00077898358B3BE845878898558FBCA86582A
:107DB000798987587A8988587B898958ADDC8A58AF
:107DC0007C898B587D898C587E898D5880898E5806
:107DD00081898F58828990588389915884899258D3
:107DE000CAC99358B9C494588589955886899658B4
:107DF000878997588889985889899958BDC79A580A
:107E0000AEDC9B588A899C588B899D588C899E58DA
:107E1000F6D49F58E6D0A0588D89A1588E89A258D3
:107E20008F89A3589089A4589189A5589289A658FA
:107E30009389A7589489A858ABC4A958D5B6AA580D
:107E40009589AB589689AC589789AD589889AE58A2
:107E50009989AF589A89B0589B89B1589C89B25872
:107E60009D89B3589E89B4589F89B558A089B65842
:107E7000A189B758A289B858A389B958A489BA5812
:107E8000A589BB58A689BC58D4DBBD58A789BE5864
:107E9000A889BF58A989C058AA89C158DAB1C2585F
:107EA000AB89C358AC89C458AD89C558D5DBC65811
:107EB000AE89C758AF89C858B089C958B189CA585E
:107EC000B289CB58B389CC58B489CD58B589CE582E
:107ED000B689CF58B789D058B889D158D6DBD2588F
:107EE000B989D358BA89D458BB89D558BEBAD6589F
:107EF000BC89D758BD89D858BE89D958BF89DA58A6
:107F0000C089DB58C189DC58C289DD58C389DE5875
:107F1000C489DF58C589E058C689E158C789E25845
:107F2000C889E358C989E458C0C8E558CA89E658E1
:107F3000CB89E758CC89E858CD89E958CE89EA58E9
:107F4000CF89EB58BFCAEC58C9C8ED58D089EE5854
:107F5000B3D7EF58D189F058F9C9F158D289F258FE
:107F6000D389F358C7BFF458D489F558D589F65842
:107F7000F8BAF758D689F858D789F958BCD2FA58C0
:107F8000D889FB58D989FC58DA89FD58DB89FE5815
:107F9000DC89FF58DD890059DE890159DF890259E2
:107FA000BAE20359E0890459A6B40559E189065992
:107FB000E2890759B8B10859E3890959E4890A598E
:107FC000E5890B59E6890C59E7890D59B4B80E5962
:107FD000E8890F59C4CF1059E9891159EA89125912
:107FE000EB891359EC891459E7D91559A6CF1659BD
:107FF000E2CD1759ED891859EE891959EDD91A5959
:10800000E0B61B59EF891C59B9D21D59F0891E5988
:10801000F1891F59BBB92059F2892159F389225995
:10802000F4892359F5892459B9E22559B7E226592B
:10803000F6892759F3B42859F7892959ECCC2A59DC
:10804000ABCC2B59F2B72C59F8892D59B2D82E59EF
:10805000EBD12F59BBBA3059F9893159A7CA3259D6
:10806000FA893359FB893459B7CD3559FC893659CA
:10807000FD893759C4D23859E4BF3959D0BC3A596F
:10808000E1B63B59FE893C59C5DE3D59408A3E590F
:10809000418A3F59428A4059438A4159C6DE425972
:1080A000BCDB4359448A4459D9D14559458A46597C
:1080B000468A4759E6C64859CEC44959EEB74A5987
:1080C000478A4B59DCB74C59488A4D59498A4E5911
:1080D000FCBF4F59E0D750594A8A5159F5C65259F9
:1080E0004B8A53594C8A5459BCB15559C8DE56591C
:1080F000B1BD5759D7CC5859CADE59594D8A5A592A
:10810000C9DE5B594E8A5C594F8A5D59508A5E5967
:10811000518A5F59528A6059ECB56159538A625944
:10812000DDC96359548A6459558A6559C2B0665984
:10813000568A6759578A6859588A6959598A6A59B3
:108140005A8A6B595B8A6C595C8A6D595D8A6E5983
:108150005E8A6F595F8A7059608A7159618A725953
:10816000628A7359AEC57459ABC57559638A76591D
:10817000CCC47759648A7859E9BC7959FDCB7A59CE
:10818000658A7B59668A7C59678A7D59C3BA7E594C
:10819000688A7F59698A80596A8A8159F9E58259C2
:1081A000E7C88359FAE58459FDCD85596B8A86590C
:1081B000B1D78759BEB88859E8C289596C8A8A599B
:1081C000D1C88B596D8A8C596E8A8D59FBE58E59B1
:1081D0006F8A8F59708A9059718A9159728A92590F
:1081E000CAB69359CBBC9459738A9559748A9659D7
:1081F000FDD19759A1E69859758A9959EEC39A59B4
:10820000768A9B59778A9C59788A9D59798A9E5992
:10821000A4E69F597A8AA0597B8AA1597C8AA259DF
:108220007D8AA359FEE5A459A5E6A559D7CDA6593F
:108230007E8AA759808AA859C1B7A959FCE5AA59CD
:10824000FDE5AB59A3E6AC59818AAD59828AAE5996
:10825000DDC4AF59A8E6B059838AB159848AB259AE
:10826000A7E6B359858AB459868AB559878AB6591B
:10827000888AB759898AB8598A8AB959C3C3BA59F9
:108280008B8ABB59DEC6BC598C8ABD598D8ABE59B2
:10829000AAE6BF598E8AC0598F8AC159908AC2599D
:1082A000918AC359928AC459938AC559948AC659E6
:1082B000B7C4C759958AC859968AC959978ACA595D
:1082C000A2E6CB59BCCACC59988ACD59998ACE59C5
:1082D0009A8ACF599B8AD059E3BDD159C3B9D25993
:1082E000A6E6D359D5D0D459AFCED5599C8AD65904
:1082F0009D8AD759A9E6D859B0E6D9599E8ADA5944
:10830000A6D2DB599F8ADC59AABDDD59ADE6DE59FC
:10831000A08ADF59A18AE059A28AE159A38AE259C9
:10832000A48AE359AFE6E459A58AE559D1C0E659D4
:10833000A68AE759A78AE859CCD2E959A88AEA5906
:10834000A98AEB59AA8AEC59A7BCED59AB8AEE5918
:10835000AC8AEF59AD8AF059AE8AF159AF8AF25919
:10836000B08AF359B18AF459B28AF559B38AF659E9
:10837000B48AF759B58AF859B68AF959B1E6FA5963
:10838000B78AFB59F6D2FC59B88AFD59B98AFE5909
:10839000BA8AFF59CBD7005ABB8A015AFECD025A7E
:1083A000BC8A035ADECD045AA6C2055AABE6065A69
:1083B000ACE6075ABFBD085AAEE6095AB3E60A5AF8
:1083C000BD8A0B5ABE8A0C5AB2E60D5ABF8A0E5AA3
:1083D000C08A0F5AC18A105AC28A115AB6E6125A76
:1083E000C38A135AB8E6145AC48A155AC58A165A4B
:1083F000C68A175AC78A185AEFC4195AC88A1A5A0D
:10840000C98A1B5ACA8A1C5AC8C41D5ACB8A1E5A0A
:10841000CC8A1F5AEABE205AEFC9215ACD8A225A65
:10842000CE8A235AB7E6245ACF8A255AF0B6265A5E
:10843000D08A275AD18A285AD28A295AE4C32A5A7A
:10844000D38A2B5AD48A2C5AD58A2D5AD68A2E5A98
:10845000D78A2F5AD88A305AD98A315AE9D3325A10
:10846000B4E6335ADA8A345AB5E6355ADB8A365AD4
:10847000A2C8375ADC8A385ADD8A395ADE8A3A5A13
:10848000DF8A3B5AE08A3C5ABDE63D5AE18A3E5AB1
:10849000E28A3F5AE38A405AB9E6415AE48A425A8C
:1084A000E58A435AE68A445AE78A455AE88A465A90
:1084B000C5C6475AE98A485AEA8A495AF1CD4A5A02
:1084C000BBE64B5AEB8A4C5AEC8A4D5AED8A4E5A0F
:1084D000EE8A4F5AEF8A505AF08A515AF18A525A0C
:1084E000F28A535AF38A545AF48A555ABCE6565AB9
:1084F000F58A575AF68A585AF78A595AF88A5A5AB0
:10850000E9BB5B5AF98A5C5AFA8A5D5AFB8A5E5A61
:10851000FC8A5F5AFD8A605AFE8A615A408B625A11
:10852000BEE6635A418B645A428B655A438B665A46
:10853000448B675ABAE6685A458B695A468B6A5A21
:10854000B7C06B5A478B6C5A488B6D5A498B6E5A21
:108550004A8B6F5A4B8B705A4C8B715A4D8B725A97
:108560004E8B735A4F8B745AA4D3755ABFE6765A02
:10857000F4C9775AC3E6785A508B795A518B7A5A94
:10858000C4E67B5A528B7C5A538B7D5A548B7E5A4D
:10859000558B7F5AF6D0805A568B815A578B825A08
:1085A000588B835A598B845A5A8B855A5B8B865ABF
:1085B0005C8B875A5D8B885A5E8B895A5F8B8A5A8F
:1085C000608B8B5A618B8C5A628B8D5A638B8E5A5F
:1085D000648B8F5A658B905A668B915A678B925A2F
:1085E000BDC3935A688B945A698B955A6A8B965A75
:1085F0006B8B975A6C8B985A6D8B995A6E8B9A5AD3
:10860000C4C39B5AC2E69C5A6F8B9D5A708B9E5A6C
:10861000718B9F5A728BA05A738BA15A748BA25A7A
:10862000758BA35A768BA45A778BA55A788BA65A4A
:10863000798BA75A7A8BA85A7B8BA95A7C8BAA5A1A
:10864000C1E6AB5A7D8BAC5A7E8BAD5A808BAE5A4D
:10865000818BAF5A828BB05A838BB15A848BB25ABA
:10866000C7E6B35AB1CFB45A858BB55AF4EBB65AB4
:10867000868BB75A878BB85ACAE6B95A888BBA5ACA
:10868000898BBB5A8A8BBC5A8B8BBD5A8C8BBE5A3A
:10869000C5E6BF5A8D8BC05A8E8BC15ADEBCC25AFA
:1086A000A9C9C35A8F8BC45A908BC55A918BC65A8D
:1086B000928BC75A938BC85A948BC95AB5BCCA5A65
:1086C000958BCB5A968BCC5AD3CFCD5A978BCE5A0B
:1086D000988BCF5A998BD05A9A8BD15A9B8BD25A5E
:1086E000C8E6D35A9C8BD45AC9E6D55A9D8BD65A24
:1086F000CEE6D75A9E8BD85AD0E6D95A9F8BDA5AF3
:10870000A08BDB5AA18BDC5AD1E6DD5AA28BDE5A54
:10871000A38BDF5AA48BE05ACBE6E15AD5B5E25AD7
:10872000A58BE35ACCE6E45AA68BE55AA78BE65A0A
:10873000CFE6E75AA88BE85AA98BE95ADBC4EA5A74
:10874000AA8BEB5AC6E6EC5AAB8BED5AAC8BEE5AC1
:10875000AD8BEF5AAE8BF05AAF8BF15ACDE6F25A91
:10876000B08BF35AB18BF45AB28BF55AB38BF65ADD
:10877000B48BF75AB58BF85AB68BF95AB78BFA5AAD
:10878000B88BFB5AB98BFC5ABA8BFD5ABB8BFE5A7D
:10879000BC8BFF5ABD8B005BBE8B015BBF8B025B4A
:1087A000C08B035BC18B045BC28B055BC38B065B19
:1087B000C48B075BC58B085BC68B095BD2E60A5B83
:1087C000C78B0B5BC88B0C5BC98B0D5BCA8B0E5BBD
:1087D000CB8B0F5BCC8B105BCD8B115BCE8B125B8D
:1087E000CF8B135BD08B145BD18B155BD28B165B5D
:1087F000D4E6175BD3E6185BD38B195BD48B1A5B7B
:10880000D58B1B5BD68B1C5BD78B1D5BD88B1E5B04
:10881000D98B1F5BDA8B205BDB8B215BDC8B225BD4
:10882000DD8B235BDE8B245BDF8B255BE08B265BA4
:10883000E18B275BE28B285BE38B295BE48B2A5B74
:10884000E58B2B5BE68B2C5BE78B2D5BE88B2E5B44
:10885000E98B2F5BEA8B305BEB8B315BEC8B325B14
:10886000D5E6335BED8B345BF8D9355BEE8B365B4D
:10887000EF8B375BD6E6385BF08B395BF18B3A5B7D
:10888000F28B3B5BF38B3C5BF48B3D5BF58B3E5B90
:10889000F68B3F5BF78B405BD7E6415BF88B425B27
:1088A000F98B435BFA8B445BFB8B455BFC8B465B34
:1088B000FD8B475BFE8B485B408C495B418C4A5B80
:1088C000428C4B5B438C4C5B448C4D5B458C4E5BCC
:1088D000468C4F5B478C505BD3D7515BDDE6525BD8
:1088E000488C535BDEE6545BD7BF555BD0D4565BF8
:1088F000498C575BD6D7585BE6B4595BEFCB5A5BD4
:10890000DAE65B5BC3D85C5BCED75D5BA2D05E5B17
:108910004A8C5F5BCFC3605B4B8C615B4C8C625B52
:10892000DFE6635BBEBC645BC2B9655BDBE6665BCE
:10893000A7D1675B4D8C685B4E8C695BA2BA6A5BA2
:10894000CFC26B5B4F8C6C5BABD86D5B508C6E5B3E
:10895000518C6F5B528C705BEBCA715BEEE5725BA6
:10896000538C735BDCE6745B548C755BF5B7765B9C
:10897000558C775B568C785B578C795B588C7A5B1F
:10898000E6C87B5B598C7C5B5A8C7D5BF5C47E5B57
:108990005B8C7F5B5C8C805BB2E5815BFEC4825B41
:1089A0005D8C835BFCCB845BB3E5855BACD5865B80
:1089B0005E8C875BEED3885BD8CA895BB2B08A5B7A
:1089C0005F8C8B5BCECB8C5BEACD8D5B608C8E5BE2
:1089D000618C8F5BEABA905B628C915B638C925B7B
:1089E000648C935BB5E5945B658C955BB4E5965BB5
:1089F000668C975BDAD7985BD9B9995BE6D69A5BB8
:108A0000A8B69B5BF0CD9C5BCBD29D5BA6B19E5B79
:108A1000B5CA9F5B678CA05BE8B3A15BF3C9A25B9F
:108A2000CDBFA35BFBD0A45BD2CAA55BB6E5A65BBA
:108A3000C2BBA75B688CA85B698CA95B6A8CAA5BCC
:108A4000DCCFAB5BACB9AC5B6B8CAD5B6C8CAE5B09
:108A50006D8CAF5B6E8CB05BD7D4B15B6F8CB25B4F
:108A6000708CB35BA6BAB45BE7D1B55BFCCFB65BE9
:108A7000D2BCB75B718CB85BB7E5B95BDDC8BA5BDC
:108A8000728CBB5B738CBC5B748CBD5BEDBFBE5BDF
:108A9000F6B1BF5BDECBC05B758CC15B768CC25B15
:108AA000C5BCC35B778CC45BC4BCC55BFAD2C65B78
:108AB000DCC3C75BDCBFC85B788CC95B798CCA5BE5
:108AC0007A8CCB5B7B8CCC5BBBB8CD5B7C8CCE5B80
:108AD0007D8CCF5B7E8CD05BC2C3D15B808CD25B44
:108AE000AEBAD35BA2D4D45B818CD55B828CD65BCF
:108AF000838CD75B848CD85B858CD95B868CDA5B66
:108B0000878CDB5B888CDC5B898CDD5BDEC7DE5BA6
:108B1000AFC4DF5BECB2E05B8A8CE15BD1B9E25BB6
:108B20008B8CE35B8C8CE45BBBE5E55BC8C1E65BEF
:108B30008D8CE75B8E8CE85BAFD5E95B8F8CEA5B55
:108B4000908CEB5B918CEC5B928CED5B938CEE5B91
:108B5000BCE5EF5B948CF05BBEE5F15B958CF25B62
:108B6000968CF35B978CF45B988CF55B998CF65B39
:108B70009A8CF75B9B8CF85BE7B4F95BD4B6FA5B35
:108B8000C2CBFB5BB0D1FC5BBCB5FD5B9C8CFE5BE0
:108B90009D8CFF5BD9CA005C9E8C015CE2B7025CD5
:108BA0009F8C035CA08C045CE4C9055CA18C065C12
:108BB000ABBD075CA28C085CA38C095CBECE0A5CD2
:108BC000F0D70B5CA48C0C5CA58C0D5CA68C0E5CA9
:108BD000A78C0F5CA1D0105CA88C115CD9C9125C69
:108BE000A98C135CAA8C145CFBB6155CD8E6165CE9
:108BF000E2BC175CAB8C185CBEB3195CAC8C1A5C25
:108C0000D0C91B5CAD8C1C5CD9E61D5CA2B31E5C9C
:108C1000AE8C1F5CAF8C205CB08C215CB18C225C74
:108C2000CCDE235CB28C245CC8D3255CCDDE265C14
:108C3000B38C275CA2D2285CB48C295CB58C2A5CEE
:108C4000B68C2B5CB78C2C5CCEDE2D5CB88C2E5C8D
:108C5000B98C2F5CBA8C305CBB8C315CCDBE325C85
:108C6000BC8C335CBD8C345CCFDE355CBE8C365C3A
:108C7000BF8C375CC08C385CACCA395CFCD23A5CC7
:108C8000DFB33B5CEAE53C5CE1C43D5CA1BE3E5C1D
:108C9000B2CE3F5CF2C4405CD6BE415CA8C6425C2A
:108CA000E3B2435CC18C445CC28C455CD3BE465C81
:108CB000C38C475CC48C485CFCC7495CEBCC4A5C09
:108CC000ECBD4B5CDDCE4C5CC58C4D5CC68C4E5C0B
:108CD000BACA4F5CC1C6505CECE5515CBCD0525C7A
:108CE000C78C535CC88C545CC98C555CB9D5565C38
:108CF000CA8C575CCB8C585CCC8C595CEDE55A5CCB
:108D0000CD8C5B5CCE8C5C5CCF8C5D5CD08C5E5C17
:108D1000F4CA5F5CD18C605CC0CD615CC5C2625C32
:108D2000D28C635CEFE5645CD38C655CC4C2665C2A
:108D3000F0E5675CD48C685CD58C695CD68C6A5C29
:108D4000D78C6B5CD88C6C5CD98C6D5CDA8C6E5C6F
:108D5000F8E56F5CCDCD705CDB8C715CBDC9725C7D
:108D6000DC8C735CDD8C745CDE8C755CDF8C765C1B
:108D7000E08C775CE18C785CE28C795CD9D27A5CAF
:108D8000A8E17B5CE38C7C5CE48C7D5CE58C7E5CA8
:108D9000E68C7F5CECD3805CE78C815CEACB825C08
:108DA000F1C6835CE88C845CE98C855CEA8C865C2B
:108DB000EB8C875CEC8C885CACE1895CED8C8A5C2C
:108DC000EE8C8B5CEF8C8C5CA7E18D5CA9E18E5CFA
:108DD000F08C8F5CF18C905CAAE1915CAFE1925CCD
:108DE000F28C935CF38C945CEDB2955CF48C965CA5
:108DF000ABE1975CDAB8985CADE1995CAEE19A5C66
:108E0000B0E19B5CBAB59C5CB1E19D5CF58C9E5C6D
:108E1000F68C9F5CF78CA05CF88CA15CF98CA25C52
:108E2000B3E1A35CB8E1A45CFA8CA55CFB8CA65C06
:108E3000FC8CA75CFD8CA85CFE8CA95CD2D1AA5CE2
:108E4000408DAB5CB6E1AC5CB5E1AD5CEBC1AE5C5A
:108E5000418DAF5C428DB05C438DB15CB7E1B25CDB
:108E6000448DB35CC0D4B45C458DB55CB2E1B65CF6
:108E7000468DB75CBAE1B85CB6B0B95C478DBA5CF8
:108E8000488DBB5C498DBC5C4A8DBD5CB4E1BE5C69
:108E90004B8DBF5CF9BFC05C4C8DC15CB9E1C25C5D
:108EA0004D8DC35C4E8DC45CBBE1C55C4F8DC65C13
:108EB000508DC75C518DC85C528DC95C538DCA5CA6
:108EC000548DCB5CBEE1CC5C558DCD5C568DCE5CBB
:108ED000578DCF5C588DD05C598DD15C5A8DD25C4A
:108EE000BCE1D35C5B8DD45C5C8DD55C5D8DD65C68
:108EF0005E8DD75C5F8DD85C608DD95CC5D6DA5C41
:108F0000618DDB5C628DDC5C638DDD5C648DDE5CC1
:108F1000658DDF5C668DE05C678DE15CBFCFE25CF8
:108F2000688DE35C698DE45CBDE1E55CBFE1E65C16
:108F3000CDC2E75C6A8DE85CEBB6E95C6B8DEA5C00
:108F4000F8D3EB5C6C8DEC5C6D8DED5CCDC7EE5CAD
:108F50006E8DEF5C6F8DF05CE5B7F15C708DF25C4F
:108F6000718DF35C728DF45C738DF55C748DF65CC1
:108F7000758DF75C768DF85C778DF95C788DFA5C91
:108F8000798DFB5CFEBEFC5C7A8DFD5C7B8DFE5CAE
:108F90007C8DFF5C7D8D005D7E8D015D808D025D31
:108FA000C0E1035DC1E1045D818D055D828D065DDB
:108FB000C7E1075DE7B3085D838D095D848D0A5DB8
:108FC000858D0B5D868D0C5D878D0D5D888D0E5DAD
:108FD000E9C60F5D898D105D8A8D115D8B8D125DE7
:108FE0008C8D135D8D8D145DDEB4155D8E8D165DDB
:108FF000C2D1175D8F8D185D908D195D918D1A5DB1
:10900000928D1B5DC8E11C5D938D1D5D948D1E5D71
:10901000C6E11F5D958D205D968D215D978D225D4A
:10902000988D235D998D245DC5E1255D9A8D265D22
:10903000C3E1275DC2E1285D9B8D295DC0B12A5D3A
:109040009C8D2B5D9D8D2C5D9E8D2D5DB8D52E5DEF
:10905000C4E12F5D9F8D305DA08D315DA18D325DAE
:10906000A28D335DA38D345DCBE1355DA48D365D7E
:10907000A58D375DA68D385DA78D395DA88D3A5DCC
:10908000A98D3B5DAA8D3C5DAB8D3D5DCCE13E5D28
:10909000CAE13F5DAC8D405DAD8D415DAE8D425D01
:1090A000AF8D435DB08D445DB18D455DB28D465D44
:1090B000B38D475DFAEF485DB48D495DB58D4A5D6E
:1090C000D3E14B5DD2E14C5DB6C74D5DB68D4E5DD3
:1090D000B78D4F5DB88D505DB98D515DBA8D525DC4
:1090E000BB8D535DBC8D545DBD8D555DBE8D565D94
:1090F000BF8D575DC08D585DC9E1595DC18D5A5D09
:10910000C28D5B5DCEE15C5DC38D5D5DD0E15E5D7A
:10911000C48D5F5DC58D605DC68D615DC78D625D0F
:10912000C88D635DC98D645DCA8D655DCB8D665DDF
:10913000CC8D675DCD8D685DCE8D695DD4E16A5D56
:10914000CF8D6B5DD1E16C5DCDE16D5DD08D6E5DE0
:10915000D18D6F5DCFE1705DD28D715DD38D725D0C
:10916000D48D735DD58D745DD5E1755DD68D765DDD
:10917000D78D775DD88D785DD98D795DDA8D7A5D03
:10918000DB8D7B5DDC8D7C5DDD8D7D5DDE8D7E5DD3
:10919000DF8D7F5DE08D805DE18D815DE28D825DA3
:1091A000D6E1835DE38D845DE48D855DE58D865D2F
:1091B000E68D875DE78D885DE88D895DE98D8A5D47
:1091C000EA8D8B5DEB8D8C5DEC8D8D5DED8D8E5D17
:1091D000EE8D8F5DEF8D905DF08D915DF18D925DE7
:1091E000F28D935DF38D945DF48D955DF58D965DB7
:1091F000F68D975DF78D985DF88D995DD7E19A5D55
:10920000F98D9B5DFA8D9C5DFB8D9D5DD8E19E5D2A
:10921000FC8D9F5DFD8DA05DFE8DA15D408EA25DEC
:10922000418EA35D428EA45D438EA55D448EA65DF6
:10923000458EA75D468EA85D478EA95D488EAA5DC6
:10924000498EAB5D4A8EAC5D4B8EAD5D4C8EAE5D96
:109250004D8EAF5D4E8EB05D4F8EB15D508EB25D66
:10926000518EB35D528EB45D538EB55D548EB65D36
:10927000558EB75DDAE1B85D568EB95D578EBA5D31
:10928000588EBB5D598EBC5D5A8EBD5D5B8EBE5DDA
:109290005C8EBF5D5D8EC05D5E8EC15D5F8EC25DAA
:1092A000608EC35D618EC45D628EC55DDBE1C65DAF
:1092B000638EC75D648EC85D658EC95D668ECA5D4E
:1092C000678ECB5D688ECC5D698ECD5DA1CECE5DA7
:1092D0006A8ECF5D6B8ED05D6C8ED15D6D8ED25DF2
:1092E0006E8ED35D6F8ED45D708ED55D718ED65DC2
:1092F000728ED75D738ED85D748ED95D758EDA5D92
:10930000768EDB5DDDE7DC5D778EDD5DA8B4DE5D4E
:10931000DDD6DF5D788EE05D798EE15DB2D1E25D14
:10932000B2B3E35D7A8EE45D7B8EE55DA4B9E65D64
:10933000F3D7E75DC9C7E85DDEBEE95DAEB9EA5DBA
:109340007C8EEB5DD7CEEC5D7D8EED5D7E8EEE5D31
:10935000EEB2EF5DCFDBF05D808EF15DBABCF25D09
:10936000D1D2F35DC8CBF45DCDB0F55D818EF65DF5
:10937000828EF75DEFCFF85D838EF95D848EFA5DA6
:10938000858EFB5D868EFC5D878EFD5DE3D9FE5D7F
:10939000EDBDFF5D888E005E898E015ED2B1025EFA
:1093A000D0CA035EBCB2045E8A8E055EA7CB065EA1
:1093B000ABB7075E8B8E085EA6CA095E8C8E0A5E0E
:1093C0008D8E0B5E8E8E0C5EA3CF0D5E8F8E0E5E2D
:1093D000908E0F5EF8E0105ECAD5115EFBE0125E63
:1093E000918E135E928E145EFAE0155EC1C5165E14
:1093F000FBCC175E938E185EB1C1195EF9E01A5E60
:10940000E3D61B5EAFB21C5EC4D61D5EDBB51E5E2E
:10941000948E1F5E958E205E968E215E978E225EC4
:10942000988E235E998E245E9A8E255E9B8E265E94
:10943000F8B4275EA1D6285E9C8E295E9D8E2A5E9A
:109440009E8E2B5E9F8E2C5EA08E2D5EAFCF2E5EED
:10945000EFB02F5EA18E305EA28E315EFCE0325EF8
:10946000A38E335EA48E345EA58E355EA68E365EE8
:10947000A78E375EA1E1385EA3B3395EA88E3A5E4F
:10948000A98E3B5EFDE03C5EFEE03D5EB1C33E5E0C
:10949000AA8E3F5EAB8E405EAC8E415EAD8E425E6C
:1094A000DDC3435EAE8E445EA2E1455EF9B7465E23
:1094B000AF8E475EB08E485EB18E495EB28E4A5E18
:1094C000B38E4B5EB48E4C5ECFBB4D5EB58E4E5EA2
:1094D000B68E4F5EB78E505EB88E515EB98E525EBC
:1094E000BA8E535EBB8E545EA3E1555EBBC4565E1E
:1094F000BC8E575EBD8E585EBE8E595EBF8E5A5E64
:10950000C08E5B5EA4E15C5EC18E5D5EC28E5E5EFF
:10951000A5E15F5EC38E605EC48E615EA6E1625EA1
:10952000B1B4635EC58E645EC68E655EC78E665ED0
:10953000C88E675EC98E685ECA8E695ECB8E6A5EB3
:10954000CC8E6B5ECD8E6C5ECE8E6D5ECF8E6E5E83
:10955000D08E6F5ED18E705ED28E715ED38E725E53
:10956000C9B8735EBDC6745EEAC4755ED48E765E9D
:10957000A2B2775ED58E785ED2D0795ED68E7A5ED4
:10958000DBE77B5EC3BB7C5ED7D37D5EC4D37E5EF0
:10959000D78E7F5EE3B9805ECFE2815ED88E825E39
:1095A000D98E835EDA8E845EAFD7855EDB8E865E73
:1095B000ECC7875ED3B1885EDC8E895EDD8E8A5E05
:1095C000B2B48B5ED1E28C5EDE8E8D5EDF8E8E5EFF
:1095D000E08E8F5EF2D0905EAEC2915ED0E2925E7F
:1095E000E18E935EE2BF945EA6D3955ED7B5965E9C
:1095F000D2E2975EEAB5985EE28E995EEDC39A5E1E
:10960000FDB89B5EE38E9C5EAEB89D5EE48E9E5E72
:10961000D3C59F5ECFB7A05ED4E2A15EE58EA25E09
:10962000E68EA35EE78EA45EE88EA55ED3E2A65E1C
:10963000C8B6A75EF9D7A85EE98EA95EEA8EAA5ED3
:10964000EB8EAB5EEC8EAC5EED8EAD5EA5CDAE5E10
:10965000EE8EAF5EEF8EB05EF08EB15EF18EB25EDA
:10966000F28EB35ED8E2B45EF38EB55ED6E2B65E3D
:10967000FCCAB75EB5BFB85EB9D3B95ED5E2BA5E13
:10968000F48EBB5EF58EBC5EF68EBD5EF78EBE5E62
:10969000D7E2BF5EF88EC05EF98EC15EFA8EC25E02
:1096A000FB8EC35EFC8EC45EFD8EC55EFE8EC65E06
:1096B000408FC75E418FC85E428FC95EAEC1CA5E31
:1096C000C8C0CB5E438FCC5E448FCD5E458FCE5EEF
:1096D000468FCF5E478FD05E488FD15EDBE2D25E91
:1096E000DAE2D35EAAC0D45E498FD55E4A8FD65ED9
:1096F000CEC1D75E4B8FD85E4C8FD95E4D8FDA5E70
:109700004E8FDB5EDCE2DC5E4F8FDD5E508FDE5E17
:10971000518FDF5E528FE05E538FE15E548FE25EC9
:10972000558FE35E568FE45E578FE55E588FE65E99
:10973000598FE75E5A8FE85EDDE2E95E5B8FEA5E95
:10974000DEE2EB5E5C8FEC5E5D8FED5E5E8FEE5E6B
:109750005F8FEF5E608FF05E618FF15E628FF25E11
:10976000638FF35E648FF45EC8DBF55E658FF65E33
:10977000D3D1F75EA2CDF85E668FF95E678FFA5E91
:10978000A8BDFB5E688FFC5E698FFD5E6A8FFE5E22
:10979000C3DEFF5EA5D8005FAABF015FCDDB025F1D
:1097A000ECD2035FFAC6045FAAC5055F6B8F065F44
:1097B0006C8F075F6D8F085FC4DE095F6E8F0A5F75
:1097C000D7B10B5FAEDF0C5F6F8F0D5F708F0E5FD9
:1097D000718F0F5FBDCA105F728F115FB1DF125FB3
:1097E000738F135FADB9145F748F155FFDD2165F71
:1097F000758F175FA5B8185FEBBA195F768F1A5F80
:10980000778F1B5FDAB31C5F788F1D5F798F1E5FC8
:109810007A8F1F5FDCB5205FC5D5215F7B8F225F0C
:109820007C8F235F7D8F245F7E8F255FD6C3265F6D
:10983000D2CF275FA1BB285F808F295FF3E52A5F26
:10984000F2E52B5F818F2C5F828F2D5FF4E52E5F19
:10985000838F2F5FE4CD305F848F315FF5C8325F37
:10986000858F335F868F345F878F355F888F365F54
:10987000898F375F8A8F385F8B8F395FAFB53A5FDB
:10988000BFC73B5F8C8F3C5FF6E53D5F8D8F3E5FD2
:109890008E8F3F5F8F8F405FB0EC415F908F425F54
:1098A000918F435F928F445F938F455F948F465FA4
:1098B000958F475F968F485F978F495F988F4A5F74
:1098C000998F4B5F9A8F4C5F9B8F4D5F9C8F4E5F44
:1098D0009D8F4F5F9E8F505FE6E5515F9F8F525F78
:1098E000E9B9535FB1B5545FA08F555FBCC2565FF5
:1098F000E8E5575FE7E5585FE9E5595FA18F5A5FF3
:10990000A28F5B5FA38F5C5FA48F5D5FCDD25E5F34
:10991000A58F5F5FA68F605FA78F615FEAE1625FDF
:10992000CED0635FA88F645FAECD655FA98F665FA1
:10993000E5D1675FAA8F685FAB8F695FCAB26A5F64
:10994000EBB16B5FAC8F6C5FF2B16D5FEDC56E5FBD
:10995000AD8F6F5FAE8F705FC3D5715FB0D3725F35
:10996000AF8F735FDCE1745FB08F755FB18F765F2F
:10997000B28F775FDDE1785FB38F795FDBD27A5F9B
:10998000B48F7B5FB9B37C5FCBB17D5FB58F7E5FFA
:10999000B68F7F5FB78F805FF9CD815FF7D5825F2C
:1099A000DEE1835FB88F845FB6BE855FFDB4865FFE
:1099B000B98F875FDFE1885FDCBA895FE0E18A5FAA
:1099C000B2BB8B5FC9C28C5FE1E18D5FBA8F8E5FE6
:1099D000BB8F8F5FBC8F905FECD0915FBD8F925F2C
:1099E000BDCD935FBE8F945FBF8F955FE2E1965FC1
:1099F000C08F975FC3B5985FC7C5995FE3E19A5F72
:109A0000C18F9B5FC28F9C5FE4E19D5FC38F9E5FB0
:109A1000C48F9F5FC58FA05FC68FA15FF9D3A25F80
:109A2000C78FA35FC88FA45FC98FA55FCA8FA65FCA
:109A3000CB8FA75FCC8FA85FE5E1A95FCD8FAA5F31
:109A4000ADD1AB5FCE8FAC5FCF8FAD5FE6E1AE5FE8
:109A5000A2CEAF5FD08FB05FD18FB15FD28FB25F38
:109A6000D38FB35FD48FB45FD58FB55FE7E1B65FB7
:109A7000D68FB75FC2B5B85FD78FB95FD88FBA5FDF
:109A8000D98FBB5FDA8FBC5FE8E1BD5FD5BBBE5F3E
:109A9000DB8FBF5FDC8FC05FDD8FC15FDE8FC25F9A
:109AA000DF8FC35FC4D0C45FE0E2C55FD8B1C65FDB
:109AB000E4D2C75FE08FC85FE18FC95FE1E2CA5FB0
:109AC000E28FCB5FE38FCC5FC9BCCD5FCCC8CE5FEC
:109AD000E48FCF5FE3E2D05FFEECD15FFDECD25FBD
:109AE000AFDFD35FE58FD45FE68FD55FE78FD65FBB
:109AF000E2E2D75FBED6D85FFCCDD95FA6C3DA5FFE
:109B0000E88FDB5FE98FDC5FEA8FDD5FC3E3DE5F59
:109B1000EB8FDF5FEC8FE05FD2D6E15FE7E2E25FE1
:109B2000ED8FE35FEE8FE45FE8E2E55FEF8FE65FE6
:109B3000F08FE75FC7D3E85FF18FE95FF28FEA5FED
:109B4000ECE2EB5FECBFEC5FF38FED5FEDE2EE5F1D
:109B5000E5E2EF5FF48FF05FF58FF15FC0B3F25F86
:109B6000F68FF35FF78FF45FF88FF55FEEC4F65F63
:109B7000F98FF75FFA8FF85FEEE2F95FFB8FFA5F1C
:109B8000FC8FFB5FC3D0FC5FFD8FFD5FF6BAFE5F0D
:109B9000E9E2FF5FDEB70060B3BB0160ACCC0260FE
:109BA000CBCB0360E4E20460E6E20560EAE2066033
:109BB000EBE20760FE8F08604090096041900A6008
:109BC000F7E20B6042900C6043900D60F4E20E608F
:109BD000F5D40F60F3E2106044901160459012607C
:109BE000ADC5136046901460FAD51560C2C5166005
:109BF000C0B217604790186048901960EFE21A6091
:109C000049901B60F2E21C60AFC11D60BCCB1E60BE
:109C10004A901F604B902060A1B52160F9E222605C
:109C20004C9023604D9024604E902560B1BC26601E
:109C3000F1E22760D4D02860B9D42960F5E22A6027
:109C4000D6B92B60F6E22C604F902D6050902E60BC
:109C500051902F60D3C73060529031605390326082
:109C6000549033605590346056903560F0E2366021
:109C70005790376058903860599039605A903A60E0
:109C80005B903B60DCD73C60A1ED3D605C903E604A
:109C90005D903F60F8E240605E904160A5ED4260FB
:109CA000FEE24360D1CA44605F90456060904660C8
:109CB00061904760629048606390496064904A6038
:109CC00065904B60B5C14C6066904D60D0BB4E60F6
:109CD00067904F6068905060D6BF51606990526045
:109CE000E3BA53606A9054606B905560A1CB5660A4
:109CF0006C9057606D9058606E905960A6ED5A60F8
:109D0000A3ED5B606F905C6070905D60A2ED5E6043
:109D100071905F6072906060739061607490626037
:109D2000D6BB6360A7ED6460F4D065607590666033
:109D300076906760A4ED6860DEBA6960F7B66A6025
:109D4000A1E36B60B2B66C60F1CC6D60A7B96E60D8
:109D500077906F60A2CF7060A1C7716078907260D9
:109D600079907360D2BF74607A9075607B907660F2
:109D7000F1B677607C907860FAE27960FBE27A6015
:109D8000FDE27B60FCE27C60D5C47D60A2E37E6086
:109D90007D907F60C1D380607E9081608090826082
:109DA00081908360A7E38460C4C7856082908660E9
:109DB000839087608490886085908960A4CF8A6052
:109DC00086908B6087908C60A9E38D60B7BA8E60B7
:109DD00088908F60899090608A9091608B9092605B
:109DE000A8E393608C909460DABB95608D90966048
:109DF000A3E397608E9098608F90996090909A609E
:109E0000A4E39B60AAE39C6091909D60A6E39E60A2
:109E100092909F60F2CEA060C6D3A1609390A260A2
:109E20009490A360BCBBA4609590A5609690A6603A
:109E3000C3D4A7609790A860FAC4A9609890AA605C
:109E40009990AB60A8EDAC60FCD0AD60A5E3AE60CE
:109E50009A90AF60F5C3B0609B90B160ADE3B26023
:109E6000AFB1B3609C90B460B2E3B5609D90B66052
:109E70009E90B7609F90B860C2BCB960A090BA6075
:109E8000A190BB60ACE3BC60BFB5BD60A290BE60FA
:109E9000A390BF60A490C060A590C160A690C2606E
:109EA000A790C360A890C460A990C560E9C7C660C8
:109EB000B0E3C760AA90C860AB90C960AC90CA60BC
:109EC000AABECB60EFCDCC60AD90CD60AE90CE6041
:109ED000AF90CF60B090D060B190D160F3BBD26052
:109EE000B290D360B390D460B490D560E8CCD66023
:109EF000B590D760B690D860AFE3D960B790DA601C
:109F0000B1E3DB60B890DC60A7CFDD60AEE3DE607C
:109F1000B990DF60A9CEE060DDBBE160BA90E2609D
:109F2000BB90E360BC90E460BD90E560BE90E660ED
:109F3000EBB5E760E5BEE860D2B2E960CDB3EA60B8
:109F4000BF90EB60B9B1EC60ABE3ED60D1B2EE6015
:109F5000ACB5EF60DFB9F060E8B6F160C090F260D8
:109F6000C190F360EBCFF460B7E3F560C290F660A8
:109F7000CCBBF760C390F860C490F960C7C8FA60C2
:109F8000CAD0FB60C590FC60C690FD60C790FE60C3
:109F9000C890FF60C9900061B8E30161EEB302614F
:109FA000CA900361CB900461CC900561CD900661AD
:109FB000A9ED0761CE900861FAD30961E4D30A6183
:109FC000CF900B61D0900C61D1900D61AAED0E6124
:109FD000B9E30F61E2D21061D2901161D3901261A6
:109FE000D4901361D5901461D6901561B5E31661D4
:109FF000D7901761D8901861D9901961DA901A61D9
:10A00000DED31B61DB901C61DC901D61DD901E6165
:10A01000DE901F61D0B82061B3E32161DF9022613F
:10A02000E0902361B6E32461DFB72561E19026610A
:10A03000B4E32761A2C02861E2902961E3902A611C
:10A04000E4902B61BAE32C61E5902D61E6902E61DE
:10A05000E7902F61E8903061E9903161EA903261D8
:10A06000EB903361EC903461ED903561EE903661A8
:10A07000EF903761F0903861F1903961F2903A6178
:10A08000F3903B61F4903C61F5903D61F6903E6148
:10A09000F7903F61B8D44061F8904161F990426116
:10A0A000FA904361FB904461FC904561FD904661EC
:10A0B000FE90476140914861C8B4496141914A614D
:10A0C000BBE34B6142914C61C5BB4D6143914E6115
:10A0D000F7C94F614491506145915161E5C95261A1
:10A0E000469153614791546148915561BDC4566191
:10A0F000499157614A9158614B9159614C915A610C
:10A100004D915B614E915C614F915D61ABED5E6124
:10A1100050915F61519160615291616153916261AF
:10A12000FDC26361549164615591656156916661A8
:10A1300057916761DBBB6861AEBF696158916A6125
:10A1400059916B615A916C615B916D615C916E612B
:10A150005D916F615E917061BFCE71615F9172615F
:10A16000609173616191746162917561BCE3766124
:10A1700063917761B6BF78616491796165917A6125
:10A1800066917B6167917C6168917D6169917E6177
:10A190006A917F616B9180616C9181616D91826147
:10A1A0006E9183616F918461709185617191866117
:10A1B00072918761739188617491896175918A61E7
:10A1C00076918B61EFB18C6177918D6178918E6121
:10A1D000F7D48F61799190617A9191617B919261CD
:10A1E0007C9193617D919461BEE395617E919661CE
:10A1F00080919761819198618291996183919A612F
:10A2000084919B6185919C6186919D61ADED9E617C
:10A2100087919F618891A0618991A1618A91A261D2
:10A220008B91A3618C91A4618D91A5618E91A661A2
:10A230008F91A761BFE3A861A9BAA961ACEDAA613A
:10A240009091AB619191AC61BDE3AD619291AE61D2
:10A250009391AF619491B0619591B1619691B26122
:10A260009791B3619891B4619991B5619A91B661F2
:10A270009B91B761C0E3B8619C91B9619D91BA614E
:10A280009E91BB619F91BC61A091BD61A191BE6196
:10A29000B6BABF61A291C061A391C161A491C2612C
:10A2A000AEB6C361A591C461A691C561A791C6610F
:10A2B000A891C761A991C861B8D0C961AA91CA61C2
:10A2C000C3B0CB61AEEDCC61AB91CD61AC91CE6151
:10A2D000AD91CF61AE91D061AF91D161AFEDD2615F
:10A2E000C1C0D361B091D461C1E3D561B191D661F0
:10A2F000B291D761B391D861B491D961B591DA6166
:10A30000B691DB61B791DC61B891DD61B991DE6135
:10A31000BA91DF61BB91E061BC91E161BD91E26105
:10A32000BE91E361BF91E461C091E561C191E661D5
:10A33000B3C5E761C291E861C391E961C491EA6183
:10A34000C591EB61C691EC61C791ED61C891EE6179
:10A35000C991EF61CA91F061CB91F161CC91F26149
:10A36000CD91F361CE91F461CF91F561C2E3F661D5
:10A37000D091F761D191F861D291F961D391FA61ED
:10A38000D491FB61D591FC61D691FD61D791FE61BD
:10A39000D891FF61B2DC0062D9910162DA91026268
:10A3A000DB910362DC910462DD910562DE9106625D
:10A3B000B0ED0762DF910862EAB80962E0910A62D3
:10A3C000ECCE0B62A7EA0C62E7D00D62F9CA0E620E
:10A3D000D6C80F62B7CF1062C9B31162D2CE126273
:10A3E000E4BD1362E1911462E2911562DEE316624C
:10A3F000F2BB1762A8EA1862BDD51962E3911A622E
:10A40000DDC61B62A9EA1C62E4911D62E5911E6231
:10A41000E6911F62AAEA2062E7912162ACEA226219
:10A42000ABEA2362E8912462AEEA2562ADEA2662D5
:10A43000E9912762EA912862EB912962EC912A6204
:10A44000D8BD2B62ED912C62AFEA2D62EE912E62A7
:10A45000BEC22F62EF913062F0913162F1913262AF
:10A46000F2913362C1B43462F7B43562F39136626B
:10A47000F4913762A7BB3862F5913962F6913A627E
:10A48000F7913B62F8913C62F9913D62E6EC3E62E5
:10A49000E5EC3F62BFB74062F9CB4162E2B1426294
:10A4A000FA914362E7EC4462FB914562FC9146629B
:10A4B000FD914762C8C94862E8EC4962E9EC4A622A
:10A4C000FE914B62D6CA4C62D0DE4D62C5B24E627E
:10A4D000FAD44F624092506241925162CBC65262AE
:10A4E000C7B05362F2B45462D3C855624292566206
:10A4F0004392576244925862D0CD596245925A6253
:10A5000046925B62B8BF5C6247925D6248925E624F
:10A5100049925F624A9260624B9261624C926262BF
:10A520004D926362DBBF64624E9265624F926662D7
:10A53000A4C76762B4D6686250926962A9C06A62B1
:10A54000D1DE6B62A8C96C62EFD16D62A4C56E6288
:10A55000E7B06F62B6B37062C5C871625192726241
:10A5600052927362E2B07462539275625492766250
:10A57000F6B777625592786256927962FAC57A6236
:10A5800057927B6258927C62F3B67D6259927E62EA
:10A59000D2D57F62D0B38062BCBC81625A928262A3
:10A5A0005B9283625C928462ADB385625D928662E7
:10A5B0005E9287625F92886260928962F1BE8A626F
:10A5C000D1B08B6261928C6262928D6263928E6274
:10A5D00064928F626592906266929162D6D2926224
:10A5E000E3CA9362A5D7946267929562B6CD9662EC
:10A5F000B6B69762B9BF9862DBD5996268929A62E3
:10A60000A7B89B62D7C59C6269929D626A929E625E
:10A610006B929F62D2DEA062D9BFA162D5C2A26254
:10A62000C0C7A3626C92A462A4BBA562A8B1A662D3
:10A630006D92A7626E92A862EAC5A9626F92AA6241
:10A640007092AB62FBC5AC62A7CCAD627192AE6298
:10A650007292AF627392B0627492B162A7B1B26249
:10A660007592B3627692B4627792B562D6B5B662ED
:10A670007892B7627992B8627A92B962A8C4BA62E3
:10A680007B92BB62D3DEBC62BAD1BD62E9B3BE626B
:10A690007C92BF62F2C3C0627D92C1627E92C2624E
:10A6A000F7B7C3628092C462F4D6C562A3B5C6622E
:10A6B000F0B2C762B4C4C862E9C4C962ADC0CA62BC
:10A6C000D4DECB628192CC62E8B0CD62C4C5CE62EA
:10A6D000E0C1CF628292D062D5B9D1628392D26258
:10A6E000DCBED362D8CDD462CEB0D5628492D662BD
:10A6F000CFCDD762D6DED862D0BED962BED7DA62FD
:10A70000D5DEDB62D0D5DC62DDB0DD628592DE6253
:10A710008692DF62E2C4E0628792E1628892E2623E
:10A72000A3C2E362F0BCE4628992E562B5D3E6625B
:10A73000B9C0E762A1C5E862A6B2E962F1D4EA62F3
:10A740008A92EB628B92EC62A8C0ED62C3CAEE62A1
:10A75000D7DEEF62FCD5F0628C92F162B0B9F262A2
:10A760008D92F362ADC8F462A9CBF5628E92F66267
:10A77000D9DEF762BDBFF8628F92F9629092FA62F9
:10A780009192FB629292FC62B4C6FD62A7D7FE6210
:10A79000B0CAFF62C3C4006393920163D6B302637D
:10A7A000D2B903639492046395920563969206630B
:10A7B00097920763B8D60863FCEA0963B4B00A63EA
:10A7C00098920B6399920C639A920D639B920E631D
:10A7D000E6BF0F639C9210639D921163F4CC1263E9
:10A7E0009E9213639F921463A0921563A1921663C5
:10A7F000DACD1763A2921863A3921963A4921A6325
:10A80000BFD61B63CEC21C63A5921D63CECE1E6352
:10A81000A2CC1F63AED02063D3C42163B2B5226340
:10A82000D8DE2363F5D52463B7BC2563D3BB266389
:10A83000A6922763A7922863A4B02963A8922A63EB
:10A84000B2C52B63ECB42C63A9922D63AA922E633C
:10A85000AB922F63F1D53063AC923163AD9232632A
:10A86000FDEA3363AE923463AF923563B0923663E0
:10A87000B1923763B2923863B3923963DADE3A63E6
:10A88000A6CD3B63B4923C63B5923D63ECCD3E6391
:10A89000B6923F63B7924063B8924163B992426304
:10A8A000E6CE4363DCDE4463BA924563B1CD4663D2
:10A8B000A6C04763BB924863BC924963BDD74A6355
:10A8C000BD924B63DBDE4C63C6B04D63B4BA4E63DE
:10A8D000D3C94F63F3C45063E8BE5163BE92526361
:10A8E000BF925363C0925463C1925563B6B256632C
:10A8F000C2925763C3925863C4925963C5925A6314
:10A90000C6925B63C7925C63C8925D63C9925E63E3
:10A91000CCC05F63F0CB6063CA926163F1BC6263D9
:10A92000BBBB6363B7B56463CB926563CC9266636C
:10A93000CD926763F5C56863CE926963E6DE6A63AC
:10A94000CF926B63D0926C63D1926D63E3DE6E63E2
:10A95000DDBE6F63D2927063D3927163DFDE726388
:10A96000D4927363D5927463D6927563D7927663EB
:10A97000B7B47763DDBD7863D8927963D9927A638F
:10A98000E0DE7B63EDC47C63DA927D63DB927E6301
:10A99000DC927F63DD928063C6CF8163DE92826347
:10A9A000E0B58363DF928463E0928563E19286631E
:10A9B000E2928763DEB68863DACA8963F4B58A6394
:10A9C000E5DE8B63E3928C63C6D58D63E4928E6380
:10A9D000E1DE8F63CDCC9063FEC69163E592926316
:10A9E000C5C59363E6929463E7929563E892966394
:10A9F000B4D29763E9929863F2BE9963EA929A633C
:10AA0000EB929B63EC929C63ED929D63EE929E634E
:10AA1000EF929F63F092A063D3C2A163F192A2630D
:10AA2000BDCCA363B8B3A463F292A563D3BDA66300
:10AA3000F392A763D8BFA863C6CDA963DAD1AA638E
:10AA4000EBB4AB63F492AC63E4DEAD63DDDEAE6326
:10AA5000E7DEAF63F592B063FEEAB163F692B263EC
:10AA6000F792B363B0C2B463E2DEB563F892B66343
:10AA7000F992B763C0D6B863A7B5B963FA92BA635F
:10AA8000F4B2BB63FB92BC63E8DEBD63FC92BE63C1
:10AA9000F2DEBF63FD92C063FE92C1634093C26366
:10AAA0004193C3634293C463EDDEC5634393C663BE
:10AAB000F1DEC7634493C8634593C963E0C8CA63C2
:10AAC0004693CB634793CC634893CD63E1D7CE6382
:10AAD000EFDECF63E8C3D063E1CCD1634993D263A7
:10AAE000E5B2D3634A93D4634B93D5634C93D66357
:10AAF000BED2D7634D93D8634E93D9634F93DA6335
:10AB00005093DB635193DC635293DD635393DE63B5
:10AB1000EEDEDF635493E063EBDEE163D5CEE26308
:10AB20005593E363A7B4E4635693E5635793E663F1
:10AB30005893E7635993E8635A93E963ABBFEA63B9
:10AB4000BEBEEB635B93EC635C93ED63D2BDEE63DF
:10AB50005D93EF635E93F0635F93F1636093F263E1
:10AB6000E9DEF3636193F463AED4F5636293F66355
:10AB7000DEDEF7636393F863EADEF9636493FA63F6
:10AB80006593FB636693FC636793FD63BFC0FE63DD
:10AB90006893FF63ECDE0064F3B20164E9B8026419
:10ABA000A7C20364699304646A930564C1BD066423
:10ABB0006B9307646C9308646D9309646E930A64E5
:10ABC0006F930B64F5DE0C64F8DE0D6470930E6415
:10ABD00071930F64ABB21064A4B4116472931264E5
:10ABE00073931364EAB41464A6C915647493166469
:10ABF00075931764769318647793196478931A643D
:10AC000079931B64F6DE1C64D1CB1D647A931E64B9
:10AC1000E3B81F647B932064F7DE2164FADE2264CC
:10AC20007C9323647D9324647E93256480932664BF
:10AC3000F9DE2764819328648293296483932A64CC
:10AC4000C2CC2B6484932C64E1B02D64EEB42E64EA
:10AC500085932F648693306487933164889332643C
:10AC6000899333648A933464BAE535648B9336648C
:10AC70008C9337648D9338648E9339648F933A64E0
:10AC8000AFD03B6490933C6491933D64EBB23E64DF
:10AC900092933F64A1EB406493934164F4DE426479
:10ACA0009493436495934464E3C94564F3DE466436
:10ACB000DAB04764A1D24864F7B1496496934A6414
:10ACC000AFCC4B6497934C6498934D6499934E64C6
:10ACD0009A934F649B9350649C9351649D935264E8
:10ACE000F0DE53649E935464A4CB55649F935664E2
:10ACF000A0935764A1935864AAD55964A2935A6447
:10AD0000A3935B64A4935C64A5935D64A6935E6463
:10AD1000FBDE5F64A7936064A8936164A993626497
:10AD2000AA936364AB936464AC936564AD93666407
:10AD3000AE936764DDB46864AF936964A6C46A6463
:10AD4000B0936B64B1936C64B2936D64FDDE6E641A
:10AD5000B3936F64B4937064B5937164B693726483
:10AD6000B7937364B8937464B9937564BA93766453
:10AD7000BB937764BC937864FEC37964A1C47A649E
:10AD8000A1DF7B64BD937C64BE937D64BF937E64CE
:10AD9000C0937F64C1938064C2938164C3938264CF
:10ADA000CCC18364C4938464FCDE8564EFBE866496
:10ADB000C5938764B2C68864C6938964C7938A645E
:10ADC000C8938B64C9938C64CA938D64CB938E644F
:10ADD000CC938F64CD939064CE939164C5B3926409
:10ADE000F6C89364CF939464D0939564BACB966479
:10ADF000FEDE9764D1939864D2939964A4DF9A6439
:10AE0000D3939B64D4939C64D5939D64D6939E64A2
:10AE1000B2D79F64D793A064D893A164D993A26456
:10AE2000DA93A364DB93A464B7B3A564DC93A6644C
:10AE3000DD93A764DE93A864DF93A964C3C1AA6409
:10AE4000E093AB64E193AC64CBC7AD64A5B2AE64F0
:10AE5000E9B4AF64E293B064ABD7B164E393B26496
:10AE6000E493B364E593B464E693B564ECC4B66468
:10AE7000E793B764A2DFB864A3DFB964E893BA6468
:10AE8000A5DFBB64E993BC64B3BABD64EA93BE6456
:10AE9000EB93BF64EC93C064A6DFC164ED93C2641E
:10AEA000DEC0C364EE93C464EF93C564C3C9C664D3
:10AEB000F093C764F193C864F293C964F393CA64CE
:10AEC000F493CB64F593CC64F693CD64D9B2CE649D
:10AED000E6C7CF64F793D064A7DFD164F893D26458
:10AEE000DCC7D364F993D464FA93D564FB93D66436
:10AEF000FC93D764A8DFD864A2EBD964FD93DA642D
:10AF0000FE93DB644094DC644194DD644294DE642F
:10AF1000D3CBDF644394E0644494E1644594E264F9
:10AF2000AADFE3644694E464A9DFE5644794E66439
:10AF3000C1B2E7644894E8644994E9644A94EA64D5
:10AF40004B94EB644C94EC644D94ED644E94EE643D
:10AF50004F94EF645094F0645194F1645294F2640D
:10AF60005394F3645494F4645594F5645694F664DD
:10AF70005794F7645894F8645994F9645A94FA64AD
:10AF80005B94FB645C94FC645D94FD645E94FE647D
:10AF90005F94FF6460940065CAC5016561940265B1
:10AFA000629403656394046564940565659406651D
:10AFB000669407656794086568940965ABDF0A6560
:10AFC00069940B656A940C656B940D656C940E65C1
:10AFD0006D940F656E9410656F9411657094126591
:10AFE000DCD41365719414657294156573941665B9
:10AFF0007494176575941865C1C8196576941A65B7
:10B0000077941B6578941C6579941D657A941E6508
:10B010007B941F657C9420657D9421657E942265D8
:10B02000809423658194246582942565ACDF266530
:10B0300083942765849428658594296586942A6578
:10B0400087942B65F0BE2C6588942D6589942E65B8
:10B05000ADDF2F65A7D630658A9431658B94326554
:10B060008C9433658D943465B7EA3565B6EB3665F7
:10B07000D5CA37658E943865FCD83965C4B83A6549
:10B080008F943B65A5B93C6590943D6591943E6570
:10B09000C5B73F65FED5406592944165939442657E
:10B0A000949443659594446596944565CAB94665FC
:10B0B0009794476598944865A7D04965CDF44A654B
:10B0C00099944B659A944C65D0B54D659B944E65AB
:10B0D0009C944F65F4C350659D945165C8BE5265FC
:10B0E0009E9453659F945465A0945565B7EB56653F
:10B0F000BDB05765A1945865A2945965CCBD5A65F9
:10B10000A3945B65B2C15C65A4945D65D6B15E65D0
:10B11000A8B35F65A5946065A6946165A794626510
:10B12000D2B86365A2C96465A8946565A99466658B
:10B13000D8B66765AA946865AB946965AC946A658E
:10B14000AD946B65B8EB6C65B4BE6D65AE946E6521
:10B15000AF946F65B0947065FDCA7165B194726506
:10B16000C3C77365B2947465FBD57565B394766592
:10B17000B4947765F3B77865B5947965B6947A65D4
:10B18000B7947B65B8947C65B9947D65BA947E6507
:10B19000BB947F65BC948065BD948165BE948265D7
:10B1A000BF948365C0948465C1948565C2948665A7
:10B1B000C3948765C4CE8865C4948965C5948A653F
:10B1C000C6948B65ABD58C65F3B18D65C7948E65E0
:10B1D000C8948F65C9949065B3EC9165DFB09265B2
:10B1E000CA949365B5EC9465CB949565CC949665BB
:10B1F000CD949765B7B69865CE949965CFC19A6599
:10B20000CF949B65FAF59C65B1D09D65D0949E6501
:10B21000D1949F65E5D5A065D294A165D3CEA265F2
:10B22000D394A365D494A465EFBDA565E2B3A665E8
:10B23000D594A765ABB8A865D694A965B6D5AA6517
:10B24000D794AB65BDEDAC65D894AD65CFB6AE65B2
:10B25000D994AF65B9CBB065C2D0B165DA94B265A7
:10B26000DB94B365DC94B465DD94B565DE94B665B6
:10B27000DF94B765E094B865E194B965BDB7BA6588
:10B28000E294BB65E394BC65B6ECBD65A9CABE6536
:10B29000E494BF65E594C065E694C165D4C5C26514
:10B2A000E794C365B9ECC465B8ECC565C3C2C665AF
:10B2B000B7ECC765E894C865E994C965EA94CA65BE
:10B2C000EB94CB65FDD0CC65BAECCD65EC94CE6546
:10B2D000BBECCF65E5D7D065ED94D165EE94D26532
:10B2E000BCECD365EF94D465F094D565F194D66544
:10B2F000BDECD765ECC6D865F294D965F394DA65F0
:10B30000F494DB65F594DC65F694DD65F794DE6511
:10B31000F894DF65F994E065DECEE165FA94E265C4
:10B32000C8BCE365FB94E465FC94E565D5C8E665B7
:10B33000A9B5E765C9BEE865BCD6E965E7D4EA65A5
:10B34000FD94EB65FE94EC65AED1ED65F1D0EE6554
:10B35000B8EAEF65B9EAF065BAEAF165B5BAF2653F
:10B360004095F3654195F4654295F5654395F6651D
:10B37000B1CAF765F5BFF8654495F9654595FA6575
:10B38000FACDFB654695FC654795FD654895FE65DC
:10B390004995FF654A950066C0EA01664B950266CD
:10B3A000BAB00366BEEA04664C9505664D9506661E
:10B3B000A5C007664E9508664F95096650950A66C2
:10B3C000BBEA0B6651950C66FDB20D6652950E6692
:10B3D000F7C30F66E8BB1066539511665495126665
:10B3E00055951366D7D21466F4CE1566BFEA166675
:10B3F000569517665795186658951966BCEA1A66E9
:10B4000059951B665A951C665B951D66C3EA1E66B8
:10B410005C951F66C7D02066B3D321665D95226612
:10B420005E9523665F95246660952566BAB42666A8
:10B4300061952766C1C32866F2D7296662952A6698
:10B4400063952B6664952C6665952D66D1D52E6621
:10B4500066952F66C7CA306667953166C5EA32665B
:10B460006895336669953466C4EA3566C7EA366618
:10B47000C6EA37666A9538666B9539666C953A66A2
:10B480006D953B666E953C66E7D63D666F953E666C
:10B49000D4CF3F667095406671954166CBEA4266AF
:10B4A00072954366CEBB4466739545667495466651
:10B4B00075954766769548667795496678954A66A4
:10B4C00079954B66FABD4C66CEC94D667A954E6647
:10B4D0007B954F66CCEA50667C9551667D955266A9
:10B4E000B9C95366FECF5466CAEA5566CED45666CD
:10B4F000CDEA5766CFEA58667E95596680955A66BA
:10B50000EDCD5B6681955C6682955D6683955E6632
:10B5100084955F66C9EA606685956166CEEA626673
:10B520008695636687956466EECE656688956666E1
:10B53000DEBB676689956866BFB369668A956A6689
:10B540008B956B668C956C668D956D668E956E662B
:10B55000D5C66F66B0BE7066FACE71668F9572669C
:10B560009095736691957466E7C775669295766651
:10B57000A7BE7766D0EA78669395796694957A66E1
:10B58000C7D67B6695957C6696957D6697957E6613
:10B59000C0C17F6698958066999581669A95826606
:10B5A000DDD483669B958466D1EA85669C95866624
:10B5B0009D958766BECF88669E9589669F958A66AB
:10B5C000A0958B66A1958C66D2EA8D66A2958E6653
:10B5D000A3958F66A4959066A5959166EECA92662E
:10B5E000A6959366A7959466A8959566A99596667F
:10B5F000AFC59766B5B09866AA959966AB959A66F9
:10B60000AC959B66AD959C66AE959D66D4EA9E66AC
:10B61000AF959F66B095A066B195A166B295A266FA
:10B62000B395A366B495A466B595A566B695A666CA
:10B63000B795A766D3EAA866DFF4A966B895AA66A7
:10B64000B995AB66BA95AC66BB95AD66BC95AE6672
:10B65000BAC4AF66BD95B066BE95B166BF95B26619
:10B66000C095B366C195B466A9B1B566C295B66614
:10B67000C395B766C495B866C595B966DFE5BA6681
:10B68000C695BB66C795BC66C895BD66C995BE66BE
:10B69000D5EABF66CA95C066CB95C166CC95C26631
:10B6A000CD95C366CE95C466CF95C566D095C66662
:10B6B000D195C766D295C866D395C966D495CA6632
:10B6C000D595CB66D695CC66D795CD66D895CE6602
:10B6D000D995CF66DA95D066DB95D166DC95D266D2
:10B6E000DD95D366DE95D466DF95D566E095D666A2
:10B6F000E195D766E295D866E395D966EFCADA6632
:10B70000E495DB66D6EADC66D7EADD66D8C6DE6697
:10B71000E595DF66E695E066E795E166E895E26621
:10B72000E995E366EA95E466EB95E566EC95E666F1
:10B73000D8EAE766ED95E866EE95E966D9EAEA6645
:10B74000EF95EB66F095EC66F195ED66F295EE6699
:10B75000F395EF66F495F066BBD4F166F595F26665
:10B76000FAC7F366B7D2F466FCB8F566F695F666E6
:10B77000F795F766C2EAF866F895F966DCB2FA66FC
:10B78000F995FB66FA95FC66FCC2FD66FB95FE66C4
:10B79000F8D4FF66E6CC0067EED70167FC95026738
:10B7A000FD950367FE950467409605674196066719
:10B7B0004296076743960867C2D40967D0D30A67E1
:10B7C000C3EB0B67F3C50C6744960D67FEB70E67B6
:10B7D00045960F6746961067D4EB11674796126738
:10B7E0004896136749961467B7CB1567DEEB166763
:10B7F0004A961767CAC018674B9619674C961A671E
:10B800004D961B67FBCD1C674E961D67AFB31E6739
:10B810004F961F67DAC620675096216751962267B8
:10B820005296236753962467549625675596266744
:10B83000FCEB276756962867BEC4296757962A6788
:10B84000B4CE2B67A9C42C67BEB12D67FDD42E677B
:10B8500058962F67F5CA306759963167ECD632672C
:10B860005A9633675B963467D3C63567E4B6366756
:10B870005C9637675D9638675E9639675F963A677C
:10B88000FABB3B6760963C6761963D67E0D03E67D8
:10B8900062963F6763964067B1C9416764964267A5
:10B8A000D3D44367A8C844676596456766964667DC
:10B8B000CBB8476767964867BEE84967BCC94A671F
:10B8C00068964B6769964C67BBE84D676A964E670A
:10B8D000EEC04F67D3D05067C4B25167E5B452672A
:10B8E0006B965367BCE854676C9655676D965667C0
:10B8F000C8D557676E9658676F96596770965A679E
:10B9000071965B6772965C67C5B65D6773965E6796
:10B91000BDE85F67F8CA6067DCB86167F5CC62674D
:10B92000749663677596646776966567B4C0666754
:10B930007796676778966867EED16967BFE86A6748
:10B94000C2E86B6779966C677A966D67BCBA6E676A
:10B950007B966F67ADB17067DCBD71677C9672676F
:10B96000BDEA7367C3E874677D967567C6E8766756
:10B970007E967767CBE878678096796781967A6755
:10B9800082967B6783967C67CCE87D6784967E672A
:10B99000C9CB7F67E5B0806785968167ABBC82675E
:10B9A0008696836787968467B9B985678896866720
:10B9B00089968767C1E888678A968967F7CD8A671D
:10B9C0008B968B67CAE88C678C968D678D968E6791
:10B9D0008E968F678F969067F6CE91679096926756
:10B9E000919693679296946793969567EDD596672F
:10B9F00094969767D6C19867C4E8996795969A67B1
:10BA0000B6C39B6796969C67FBB99D67A6D69E6753
:10BA1000C8E89F679796A0679896A1679996A267CE
:10BA2000E0CAA367E6D4A4679A96A567C0E8A667AC
:10BA30009B96A767C5E8A867C7E8A9679C96AA6709
:10BA4000B9C7AB67E3B7AC679D96AD67C9E8AE67AA
:10BA50009E96AF67DDBFB067D2E8B1679F96B267C9
:10BA6000A096B367D7E8B467A196B567D5E8B6677F
:10BA7000DCBCB767CFBCB867DBE8B967A296BA672A
:10BA8000A396BB67A496BC67A596BD67A696BE673E
:10BA9000A796BF67A896C067A996C167DEE8C26788
:10BAA000AA96C367DAE8C467FAB1C567AB96C667FA
:10BAB000AC96C767AD96C867AE96C967AF96CA67BA
:10BAC000B096CB67B196CC67B296CD67B396CE678A
:10BAD000B496CF67D8B0D067B3C4D167CCB8D267BB
:10BAE000E2C6D367BEC8D467E1C8D567B596D66746
:10BAF000B696D767B796D867CFE8D967D4E8DA673C
:10BB0000D6E8DB67B896DC67F1B9DD67D8E8DE67B1
:10BB1000F5D7DF67B996E067FBC4E167BA96E267DD
:10BB2000DCE8E367BB96E467BC96E567E9B2E667E5
:10BB3000BD96E767BE96E867BF96E967D1E8EA6712
:10BB4000C096EB67C196EC67EDBCED67C296EE67F9
:10BB5000C396EF67C2BFF067CDE8F167F9D6F26729
:10BB6000C496F367F8C1F467F1B2F567C596F66756
:10BB7000C696F767C796F867C896F967C996FA67D1
:10BB8000CA96FB67CB96FC67CC96FD67DFE8FE673D
:10BB9000CD96FF67C1CA0068D9E80168CE960268F1
:10BBA000CF960368D0960468D1960568A4D5066838
:10BBB000D2960768EAB10868BBD50968CEE80A687A
:10BBC000D0E80B68B0B60C68D3E80D68D3960E6861
:10BBD000DDE80F68B8C01068D4961168F7CA12681B
:10BBE000D5961368A8CB1468D6961568D7961668AC
:10BBF000DCC61768F5C01868D8961968D9961A680F
:10BC0000DA961B68DB961C68DC961D68E9E81E68FE
:10BC1000DD961F68DE962068DF962168A3D0226833
:10BC2000E0962368E1962468E2962568E396266804
:10BC3000E4962768E5962868E6962968F2E82A6877
:10BC4000EAD62B68E7962C68E8962D68E9962E6868
:10BC5000EA962F68EB963068EC963168ED9632687C
:10BC6000E0E83368E1E83468EE963568EF963668C8
:10BC7000F0963768F9D13868CBBA3968F9B83A68BC
:10BC8000F1963B68F2963C68F1B83D68D4D43E68C2
:10BC9000EFE83F68F3964068EEE84168ECE84268F8
:10BCA000F0B94368D2CC4468E6E84568A6CE466859
:10BCB000F2BF4768F4964868B8B04968F1E84A6846
:10BCC000F0E84B68F5964C68C0D74D68F6964E681C
:10BCD000E4E84F68F7965068A9CD5168A3C9526847
:10BCE000F8965368B8BB5468DBBD5568EAE85668F7
:10BCF000F9965768FA965868FB965968FC965A6800
:10BD0000FD965B68FE965C6840975D6841975E684B
:10BD100042975F6843976068E2E86168E3E86268B9
:10BD2000E5E86368B5B56468E7E86568C5C766684F
:10BD3000EBE86768EDE86868B0BD6968AED76A6827
:10BD400044976B68F8E86C6845976D6846976E682D
:10BD500047976F6848977068499771684A97726803
:10BD60004B9773684C977468F5E875684D977668DB
:10BD7000B0CD7768F6E878684E9779684F977A681B
:10BD800050977B6851977C6852977D6853977E687F
:10BD900054977F685597806856978168BAC18268C2
:10BDA00057978368E8E8846858978568B7C38668BA
:10BDB000F0B08768599788685A9789685B978A684E
:10BDC0005C978B685D978C685E978D685F978E68CF
:10BDD00060978F68F4E890686197916862979268BD
:10BDE00063979368F7E89468649795686597966891
:10BDF00066979768A3B998686797996868979A68EB
:10BE000069979B686A979C686B979D686C979E681A
:10BE10006D979F686E97A0686F97A1687097A268EA
:10BE2000D2C9A3687197A4687297A5687397A6682A
:10BE3000CEC3A768E0CEA868E6C0A9687497AA68D0
:10BE40007597AB687697AC687797AD68F3CBAE68BB
:10BE50007897AF68DDCCB068B5D0B1687997B26833
:10BE60007A97B368E1CAB4687B97B568F3E8B668B7
:10BE70007C97B7687D97B8687E97B9688097BA68ED
:10BE80008197BB688297BC688397BD688497BE68BA
:10BE90008597BF688697C068ECBCC1688797C26801
:10BEA000F9E8C3688897C4688997C5688A97C6689F
:10BEB0008B97C7688C97C8688D97C968DEC3CA68B6
:10BEC0008E97CB68E5C6CC688F97CD68F7B9CE68FA
:10BED0009097CF689197D0689297D1689397D268DE
:10BEE000F4B0D3689497D4689597D568D8D7D668B6
:10BEF0009697D7689797D868ACBCD9689897DA684E
:10BF0000EFC5DB689997DC689A97DD689B97DE68D8
:10BF10009C97DF689D97E068C4CCE1689E97E268D3
:10BF20009F97E368A6E9E468A097E568A197E668AB
:10BF3000A297E768A397E868A497E968A597EA68D5
:10BF4000A697EB68A797EC68A897ED68A997EE68A5
:10BF5000ADC9EF68AA97F068A2E9F168E2C0F2689B
:10BF6000AB97F368AC97F468AD97F568C3BFF66814
:10BF7000AE97F768AF97F868B097F968FEE8FA6887
:10BF8000D7B9FB68B197FC68FBE8FD68B297FE681B
:10BF9000B397FF68B4970069B5970169A4E902698E
:10BFA000B6970369B7970469B8970569CED2066951
:10BFB000B9970769BA970869BB970969BC970A6975
:10BFC000BD970B69A3E90C69BE970D69B2D60E69DE
:10BFD000B5D70F69BF971069A7E91169C0971269B2
:10BFE000B7BD1369C1971469C2971569C3971669DC
:10BFF000C4971769C5971869C6971969C7971A69C9
:10C00000C8971B69C9971C69CA971D69CB971E6998
:10C01000CC971F69FCE82069FDE82169CD9722696A
:10C02000CE972369CF972469A1E92569D09726691E
:10C03000D1972769D2972869D3972969D4972A6914
:10C04000D5972B69D6972C69D7972D69D6CD2E69B0
:10C05000D8972F69D9973069ACD23169DA973269AC
:10C06000DB973369DC973469B2E93569DD97366966
:10C07000DE973769DF973869E0973969A9E93A6946
:10C08000E1973B69E2973C69E3973D69AAB43E6951
:10C09000E4973F69BBB44069E5974169E697426917
:10C0A000ABE94369E7974469E8974569E9974669C9
:10C0B000EA974769EB974869EC974969ED974A69B0
:10C0C000EE974B69EF974C69F0974D69F1974E6980
:10C0D000F2974F69F3975069F4975169F597526950
:10C0E000F6975369F7975469A8D05569F897566938
:10C0F000F9975769A5E95869FA975969FB975A69F9
:10C10000FEB35B69FC975C69FD975D69ACE95E69AC
:10C11000E3C05F69FE976069AAE961694098626956
:10C1200041986369B9E964694298656943986669A9
:10C13000B8E96769449868694598696946986A6981
:10C1400047986B69AEE96C6948986D6949986E6962
:10C15000FAE86F694A9870694B987169A8E9726941
:10C160004C9873694D9874694E9875694F987669C3
:10C1700050987769ACBF7869B1E97969BAE97A69A9
:10C1800051987B6952987C69A5C27D6953987E69F4
:10C1900054987F6955988069AFE98169569882699A
:10C1A000C5B8836957988469ADE9856958988669E7
:10C1B000DCD38769B4E98869B5E98969B7E98A692F
:10C1C00059988B695A988C695B988D69C7E98E6913
:10C1D0005C988F695D9890695E9891695F989269A3
:10C1E0006098936961989469C6C09569C5E9966934
:10C1F0006298976963989869B0E9996964989A69AF
:10C2000065989B69BBE99C69F1B09D6966989E69D8
:10C2100067989F696898A0696998A1696A98A269F6
:10C220006B98A3696C98A4696D98A5696E98A669C6
:10C230006F98A769BCE9A869A5D5A9697098AA698A
:10C240007198AB69BEE9AC697298AD69BFE9AE6936
:10C250007398AF697498B0697598B169C1E9B269AA
:10C260007698B3697798B469F1C1B5697898B66979
:10C270007998B769B6C8B8697A98B9697B98BA6984
:10C280007C98BB69BDE9BC697D98BD697E98BE6933
:10C290008098BF698198C0698298C169C2E9C26902
:10C2A0008398C3698498C4698598C5698698C66966
:10C2B0008798C7698898C8698998C9698A98CA6936
:10C2C000C3E9CB698B98CC69B3E9CD698C98CE6909
:10C2D000B6E9CF698D98D069B1BBD1698E98D26922
:10C2E0008F98D3699098D469C0E9D5699198D66937
:10C2F0009298D7699398D8699498D9699598DA698A
:10C300009698DB69F7BCDC699798DD699898DE69D7
:10C310009998DF69C4E9E069C6E9E1699A98E26938
:10C320009B98E3699C98E4699D98E5699E98E66905
:10C330009F98E769A098E869A198E969A298EA69D5
:10C34000A398EB69A498EC69A598ED69CAE9EE6930
:10C35000A698EF69A798F069A898F169A998F26979
:10C36000CEE9F369AA98F469AB98F569AC98F669D7
:10C37000AD98F769AE98F869AF98F969B098FA691D
:10C38000B198FB69B298FC69B398FD69DBB2FE69AC
:10C39000B498FF69C8E9006AB598016AB698026A5C
:10C3A000B798036AB898046AB998056ABA98066A91
:10C3B000BB98076ABC98086ABD98096ABE980A6A61
:10C3C000AEB70B6ABF980C6AC0980D6AC1980E6A26
:10C3D000C2980F6AC398106AC498116AC598126A05
:10C3E000C698136AC798146AC898156AC998166AD5
:10C3F000CA98176ACBE9186ACCE9196ACB981A6A05
:10C40000CC981B6ACD981C6ACE981D6ACF981E6A7C
:10C41000D0981F6AC1D5206AD198216AA3C4226A24
:10C42000D298236AD398246AD498256AD598266A24
:10C43000D698276AD798286AD8E9296AD8982A6AA4
:10C44000E1BA2B6AD9982C6ADA982D6ADB982E6AA1
:10C45000DC982F6AC9E9306ADD98316AA3D3326A61
:10C46000DE98336ADF98346AE098356AD4E9366A30
:10C47000E198376AE298386AE398396AE4983A6A48
:10C48000E5983B6AE6983C6AE7983D6AD7E93E6AD8
:10C49000D0E93F6AE898406AE998416AEA98426AB6
:10C4A000EB98436AEC98446ACFE9456AED98466A8E
:10C4B000EE98476AC1C7486AEF98496AF0984A6A95
:10C4C000F1984B6AF2984C6AF3984D6AF4984E6A68
:10C4D000F5984F6AF698506AD2E9516AF798526A0D
:10C4E000F898536AF998546AFA98556AFB98566A0C
:10C4F000FC98576AFD98586AD9E9596AC8B35A6ACC
:10C50000FE985B6AD3E95C6A40995D6A41995E6A0C
:10C5100042995F6A4399606A4499616AF0CF626A9E
:10C520004599636A4699646A4799656ACDE9666A7E
:10C530004899676A4999686A4A99696A4B996A6A27
:10C540004C996B6A4D996C6A4E996D6A4F996E6AF7
:10C5500050996F6A5199706A5299716AF7B3726A09
:10C560005399736A5499746A5599756A5699766A9B
:10C570005799776A5899786A5999796AD6E97A6A9F
:10C580005A997B6A5B997C6ADAE97D6A5C997E6A72
:10C590005D997F6A5E99806AB4CC816A5F99826A8C
:10C5A0006099836A6199846AADCF856A6299866A67
:10C5B0006399876A6499886A6599896A66998A6ABB
:10C5C00067998B6A68998C6A69998D6A6A998E6A8B
:10C5D000D5E98F6A6B99906ADCE9916ADBE9926A26
:10C5E0006C99936A6D99946A6E99956A6F99966A37
:10C5F0007099976ADEE9986A7199996A72999A6A4C
:10C6000073999B6A74999C6A75999D6A76999E6ADA
:10C6100077999F6A7899A06AD1E9A16A7999A26A03
:10C620007A99A36A7B99A46A7C99A56A7D99A66A7E
:10C630007E99A76A8099A86A8199A96ADDE9AA6AA0
:10C640008299AB6ADFE9AC6ACAC3AD6A8399AE6A04
:10C650008499AF6A8599B06A8699B16A8799B26AF6
:10C660008899B36A8999B46A8A99B56A8B99B66AC6
:10C670008C99B76A8D99B86A8E99B96A8F99BA6A96
:10C680009099BB6A9199BC6A9299BD6A9399BE6A66
:10C690009499BF6A9599C06A9699C16A9799C26A36
:10C6A0009899C36A9999C46A9A99C56A9B99C66A06
:10C6B0009C99C76A9D99C86A9E99C96A9F99CA6AD6
:10C6C000A099CB6AA199CC6AA299CD6AA399CE6AA6
:10C6D000A499CF6AA599D06AA699D16AA799D26A76
:10C6E000A899D36AA999D46AAA99D56AAB99D66A46
:10C6F000AC99D76AAD99D86AAE99D96AAF99DA6A16
:10C70000B099DB6AB199DC6AB299DD6AB399DE6AE5
:10C71000B499DF6AB599E06AB699E16AB799E26AB5
:10C72000B899E36AB999E46ABA99E56ABB99E66A85
:10C73000BC99E76ABD99E86ABE99E96ABF99EA6A55
:10C74000C099EB6AC199EC6AC299ED6AC399EE6A25
:10C75000C499EF6AC599F06AC699F16AC799F26AF5
:10C76000C899F36AC999F46ACA99F56ACB99F66AC5
:10C77000CC99F76ACD99F86ACE99F96ACF99FA6A95
:10C78000D099FB6AD199FC6AD299FD6AD399FE6A65
:10C79000D499FF6AD599006BD699016BD799026B32
:10C7A000D899036BD999046BDA99056BDB99066B01
:10C7B000DC99076BDD99086BDE99096BDF990A6BD1
:10C7C000E0990B6BE1990C6BE2990D6BE3990E6BA1
:10C7D000E4990F6BE599106BE699116BE799126B71
:10C7E000E899136BE999146BEA99156BEB99166B41
:10C7F000EC99176BED99186BEE99196BEF991A6B11
:10C80000F0991B6BF1991C6BF2991D6BF3991E6BE0
:10C81000F4991F6BF599206BB7C7216BCEB4226BCF
:10C82000B6BB236BC0D0246BA3EC256BF699266BAB
:10C83000F799276BB7C5286BF899296BF9992A6B7B
:10C84000FA992B6BFB992C6BFC992D6BFD992E6B38
:10C85000FE992F6B409A306B419A316B429A326B42
:10C86000FBD3336B439A346B449A356B459A366BE2
:10C87000469A376BA4EC386B479A396BA5EC3A6B48
:10C88000DBC63B6B489A3C6B499A3D6B4A9A3E6BC0
:10C89000EEBF3F6B4B9A406B4C9A416B4D9A426B8B
:10C8A0004E9A436BA6EC446B4F9A456B509A466B7D
:10C8B000A7EC476BAAD0486B519A496BB8C74A6B33
:10C8C000529A4B6B539A4C6BE8B84D6B549A4E6B23
:10C8D000559A4F6B569A506B579A516B589A526BA8
:10C8E000599A536B5A9A546B5B9A556B5C9A566B78
:10C8F0005D9A576B5E9A586B5F9A596BA8EC5A6BAE
:10C90000609A5B6B619A5C6B629A5D6B639A5E6B1B
:10C91000649A5F6B659A606B669A616B679A626BEB
:10C92000B9D6636BFDD5646BCBB4656BBDB2666B7A
:10C93000E4CE676BE7C6686B689A696B699A6A6B45
:10C94000E1CD6B6B6A9A6C6B6B9A6D6B6C9A6E6BCC
:10C950006D9A6F6B6E9A706B6F9A716B709A726B47
:10C96000719A736B729A746B739A756B749A766B17
:10C97000759A776B769A786B779A796BF5B47A6B50
:10C98000789A7B6BC0CB7C6BDFBC7D6B799A7E6BBE
:10C990007A9A7F6B7B9A806B7C9A816BE2E9826BDF
:10C9A000E3E9836BEAD1846BE5E9856B7D9A866B5D
:10C9B000F9B4876BE4E9886B7E9A896BB3D18A6B93
:10C9C000E2CA8B6BD0B28C6B809A8D6BE8E98E6B70
:10C9D000819A8F6B829A906B839A916B849A926BF7
:10C9E000E6E9936BE7E9946B859A956B869A966B6B
:10C9F000B3D6976B879A986B889A996B899A9A6B3A
:10CA0000E9E99B6BEAE99C6B8A9A9D6B8B9A9E6B1A
:10CA10008C9A9F6B8D9AA06B8E9AA16BEBE9A26B9F
:10CA20008F9AA36B909AA46B919AA56B929AA66B1E
:10CA3000939AA76B949AA86B959AA96B969AAA6BEE
:10CA4000ECE9AB6B979AAC6B989AAD6B999AAE6B1D
:10CA50009A9AAF6B9B9AB06B9C9AB16B9D9AB26B92
:10CA60009E9AB36BAFECB46BB9C5B56BCEB6B66B73
:10CA70009F9AB76BF3D2B86BA09AB96BA19ABA6BB5
:10CA8000A29ABB6BA39ABC6BA49ABD6BA59ABE6B12
:10CA9000A69ABF6BEEB5C06BA79AC16BD9BBC26B30
:10CAA000B1ECC36BA89AC46BA99AC56BE3D2C66BF1
:10CAB000AA9AC76BAB9AC86BAC9AC96BAD9ACA6B92
:10CAC000AE9ACB6BE3CECC6BAF9ACD6BB8C4CE6BCA
:10CAD000B09ACF6BBFC3D06BB19AD16BB29AD26B05
:10CAE000BEB6D36BB9D8D46BC8B1D56BCFB1D66B4A
:10CAF000D1B1D76BFEC5D86BB39AD96BD0B1DA6B15
:10CB0000B49ADB6BABC3DC6BB59ADD6BB69ADE6BAC
:10CB1000B79ADF6BB89AE06BB99AE16BB1D5E26B6B
:10CB2000BA9AE36BBB9AE46BBC9AE56BBD9AE66B71
:10CB3000BE9AE76BBF9AE86BC09AE96BC19AEA6B41
:10CB4000A4EBEB6BC1BAEC6BC29AED6BC39AEE6BC4
:10CB5000C49AEF6BBACCF06BC59AF16BC69AF26BC4
:10CB6000C79AF36BA5EBF46BC89AF56BA7EBF66B62
:10CB7000C99AF76BCA9AF86BCB9AF96BA8EBFA6B68
:10CB8000CC9AFB6BCD9AFC6BCE9AFD6BA6EBFE6B41
:10CB9000CF9AFF6BD09A006CD19A016CD29A026C3A
:10CBA000D39A036CD49A046CD59A056CA9EB066CE5
:10CBB000ABEB076CAAEB086CD69A096CD79A0A6C97
:10CBC000D89A0B6CD99A0C6CDA9A0D6CACEB0E6C93
:10CBD000DB9A0F6CCFCA106CB5D8116CF1C3126C14
:10CBE000DC9A136CA5C3146CF8C6156CADEB166C0F
:10CBF000CAC4176CDD9A186CAEEB196CAFEB1A6CEB
:10CC0000B0EB1B6CD5B71C6CDE9A1D6CDF9A1E6CEA
:10CC1000E09A1F6CFAB7206CE19A216CB1EB226CA0
:10CC2000E2C7236CE29A246CB3EB256CE39A266C82
:10CC3000A4BA276CF5D1286CB1B0296CB2EB2A6C80
:10CC4000B4EB2B6CE49A2C6CE59A2D6CE69A2E6C66
:10CC5000AAB52F6CC8C2306CE8C7316CE79A326C49
:10CC6000B5EB336CE89A346CAECB356CDFE3366CE5
:10CC7000E99A376CEA9A386CC0D3396CEB9A3A6C03
:10CC8000EC9A3B6CED9A3C6CEE9A3D6CDBD93E6CB9
:10CC9000EF9A3F6CF09A406CA1CD416CADD6426CDE
:10CCA000F3C7436CF19A446CF29A456CF39A466C64
:10CCB000E0D9476CE3BB486CF49A496CBABA4A6C49
:10CCC000E2E34B6CF59A4C6CF69A4D6CF79A4E6C0D
:10CCD000F89A4F6CF99A506CABCF516CFA9A526C2F
:10CCE000FB9A536CFC9A546CE0E3556CC7C9566CC4
:10CCF000FD9A576CB9BA586CFE9A596C409B5A6CA5
:10CD0000419B5B6CB4D15C6CE1E35D6CEAC85E6C2A
:10CD1000AFB95F6CADBD606CD8B3616CDBCE626CDB
:10CD2000429B636C439B646CC0CC656C449B666C9B
:10CD3000459B676C469B686CE8E3696CE9E36A6C49
:10CD4000F4CD6B6C479B6C6C489B6D6C499B6E6C17
:10CD50004A9B6F6C4B9B706CADCC716C4C9B726C36
:10CD6000B3BC736C4D9B746CEAE3756C4E9B766C34
:10CD7000EBE3776C4F9B786C509B796CDAD07A6CD4
:10CD8000519B7B6C529B7C6C539B7D6CFBC67E6C79
:10CD9000DAB77F6C549B806C559B816CDFC7826CCB
:10CDA000CAD2836CD6CE846C569B856CE4E3866CC9
:10CDB000ECE3876C579B886CF2C9896CC1B38A6CB1
:10CDC000589B8B6C599B8C6CE7E38D6C5A9B8E6CDB
:10CDD0005B9B8F6CE3C6906CE5E3916C5C9B926C03
:10CDE0005D9B936CB3ED946CE6E3956C5E9B966CE7
:10CDF0005F9B976C609B986C619B996CB3C99A6CB4
:10CE0000629B9B6CE6C59C6C639B9D6C649B9E6C5B
:10CE1000659B9F6CB5B9A06C669BA16CBBC3A26CF3
:10CE2000679BA36CE3E3A46CBDC5A56CA4C1A66C11
:10CE3000D9C2A76CD7B2A86C689BA96CEDE3AA6CA9
:10CE4000A6BBAB6CADC4AC6C699BAD6CF0E3AE6CD7
:10CE5000DABEAF6C6A9BB06C6B9BB16CFBE3B26CDF
:10CE6000F5E3B36CD3BAB46C6C9BB56C6D9BB66CCC
:10CE70006E9BB76C6F9BB86CD0B7B96CCDD3BA6CE6
:10CE8000709BBB6CCED6BC6CD3D5BD6CC1B9BE6C2F
:10CE9000B4D5BF6CD8D1C06C719BC16C729BC26C95
:10CEA000739BC36C749BC46CB9D0C56CF6C7C66C5D
:10CEB000759BC76C769BC86C779BC96CAAC8CA6CFB
:10CEC000B4B2CB6C789BCC6CDAC3CD6C799BCE6C56
:10CED0007A9BCF6C7B9BD06CEEE3D16C7C9BD26C4D
:10CEE0007D9BD36CFCE3D46CEFE3D56CA8B7D66C18
:10CEF000F7E3D76CF4E3D86C7E9BD96C809BDA6C3B
:10CF0000819BDB6CBAB7DC6C829BDD6C839BDE6C37
:10CF1000A2C5DF6C849BE06CF6E3E16CDDC5E26CDE
:10CF2000A8B2E36CFCC6E46C859BE56CE0C4E66CDF
:10CF3000869BE76C879BE86CA2D7E96C889BEA6CC0
:10CF4000E1C0EB6CF9E3EC6C899BED6C8A9BEE6CB9
:10CF5000FAE3EF6CFDE3F06CA9CCF16CF3E3F26C57
:10CF60008B9BF36CBED3F46C8C9BF56CC3B1F66CED
:10CF7000B4EDF76CF1E3F86CF2E3F96C8D9BFA6CAD
:10CF8000F8E3FB6CBAD0FC6CC3C6FD6CF3D4FE6C4A
:10CF9000FEE3FF6C8E9B006D8F9B016DE0BD026D0B
:10CFA000909B036D919B046DA7E4056D929B066DAC
:10CFB000939B076DA6E4086D949B096D959B0A6D84
:10CFC000969B0B6DF3D10C6DA3E40D6D979B0E6DCD
:10CFD000A9E40F6D989B106D999B116D9A9B126D32
:10CFE000F7C8136D9B9B146D9C9B156D9D9B166DD7
:10CFF0009E9B176DB4CF186D9F9B196DA8E41A6D99
:10D00000AEE41B6DE5C21C6DA09B1D6DA19B1E6D4A
:10D01000B4B61F6DA29B206DA39B216DA49B226DB6
:10D02000A59B236DA69B246DA79B256DF2BD266D48
:10D03000A89B276DA2E4286DA99B296DAA9B2A6D48
:10D04000E9BA2B6DAAE42C6DAB9B2D6DAC9B2E6DBC
:10D05000ACE42F6DAD9B306DAE9B316DFDB6326D86
:10D06000DED6336DB2E4346DAF9B356DADE4366D15
:10D07000B09B376DB19B386DB29B396DA1E43A6DB1
:10D08000B39B3B6DEEBB3C6DDDCD3D6DA2C73E6DF0
:10D09000C9C53F6DB49B406DB59B416DF7C1426DF5
:10D0A000B69B436DA4E4446DB79B456DB3C7466D15
:10D0B000ACBD476DBDBD486DA5E4496DB89B4A6DDB
:10D0C000C7D74B6DE2B24C6DB99B4D6DABE44E6D65
:10D0D000C3BC4F6DAFE4506DBA9B516DEBBB526D4D
:10D0E000B0E4536DA8C5546DB1E4556DBB9B566D4E
:10D0F000BC9B576DBD9B586DBE9B596DE3D55A6D5A
:10D10000A3BF5B6DBF9B5C6DBAE45D6DC09B5E6D44
:10D11000B7E45F6DC19B606DBBE4616DC29B626DE6
:10D12000C39B636DBDE4646DC49B656DC59B666DFB
:10D13000D6C6676DC69B686DC79B696DC6BA6A6DBA
:10D14000CBC06B6DC89B6C6DC99B6D6DCA9B6E6DC2
:10D15000A1B86F6DB4E4706DCB9B716DCC9B726D9B
:10D16000CD9B736DCE9B746DA1D4756DCF9B766D89
:10D17000D09B776DA3BA786DFEBD796DD19B7A6D2A
:10D18000D29B7B6DD39B7C6DBCE47D6DD49B7E6D0F
:10D19000D59B7F6DD69B806DD79B816DD89B826D13
:10D1A000BFCD836DD99B846DDA9B856DF9C4866D87
:10D1B000DB9B876DDC9B886DFBCF896DE6C98A6D33
:10D1C000DD9B8B6DDE9B8C6DBFD38D6DDF9B8E6D7C
:10D1D000D1CF8F6DE09B906DE19B916DB3E4926D2B
:10D1E000E29B936DB8E4946DB9E4956DE9CC966DCE
:10D1F000E39B976DE49B986DE59B996DE69B9A6D1B
:10D20000E79B9B6DCECC9C6DE89B9D6DD4C09E6DC5
:10D21000B5E49F6DB0C1A06DB6E4A16DD0CEA26D96
:10D22000E99BA36DC1BBA46DD3B5A56DEA9BA66DAB
:10D23000F3C8A76DA7BDA86DC7D5A96DACC9AA6D68
:10D24000A2B8AB6DCAE4AC6DEB9BAD6DEC9BAE6D63
:10D25000CCE4AF6DC4D1B06DED9BB16DEE9BB26D02
:10D26000BAD2B36DEF9BB46DF09BB56DADBAB66D30
:10D27000F19BB76DF29BB86DD4BAB96DF39BBA6DE3
:10D28000F49BBB6DF59BBC6DF69BBD6DF79BBE6DB6
:10D29000F89BBF6DC3E4C06DEDB5C16DF99BC26D68
:10D2A000FA9BC36DFB9BC46DCDD7C56DC0E4C66D45
:10D2B000FDCFC76DBFE4C86DFC9BC96DFD9BCA6DFA
:10D2C000FE9BCB6DDCC1CC6DCACCCD6D409CCE6DD0
:10D2D000419CCF6D429CD06D439CD16DE7CAD26D0D
:10D2E000449CD36D459CD46D469CD56D479CD66DB2
:10D2F000D7C4D76D489CD86DD4CCD96DC8E4DA6D4D
:10D30000499CDB6D4A9CDC6D4B9CDD6DC7E4DE6D9A
:10D31000C1E4DF6D4C9CE06DC4E4E16DADB5E26D40
:10D320004D9CE36D4E9CE46DD9D3E56D4F9CE66D4D
:10D33000C6E4E76D509CE86D519CE96D529CEA6D26
:10D34000539CEB6DF9D2EC6DE3B4ED6D549CEE6D36
:10D35000B4BBEF6D559CF06D569CF16DEEC9F26D4E
:10D36000579CF36DBEB4F46D589CF56D599CF66DE9
:10D370005A9CF76DECBBF86D5B9CF96DCDD1FA6DE5
:10D380005C9CFB6DEDCCFC6DB5EDFD6D5D9CFE6DAB
:10D390005E9CFF6D5F9C006E609C016E619C026EE6
:10D3A000629C036E639C046E649C056EE5C7066E0A
:10D3B000659C076E669C086E679C096E689C0A6E89
:10D3C000A8D40B6E699C0C6ECBE40D6ED5D70E6E97
:10D3D000C2E40F6E6A9C106EA5BD116EC5E4126E9C
:10D3E0006B9C136E6C9C146EE6D3156E6D9C166E62
:10D3F000C9E4176EF8C9186E6E9C196E6F9C1A6E90
:10D40000BEE41B6E709C1C6E719C1D6EE5D31E6E7F
:10D41000729C1F6E739C206EFEC7216EC9B6226E71
:10D42000749C236EFCD4246EB3B2256ED7E4266EB2
:10D43000759C276E769C286E779C296EC2CE2A6ECC
:10D44000789C2B6ECDE42C6E799C2D6EBCCE2E6E0E
:10D450007A9C2F6EDBB8306E7B9C316E7C9C326E7A
:10D46000D6E4336E7D9C346ECABF356E7E9C366EBC
:10D47000809C376E819C386ECED3396E829C3A6E1A
:10D48000ECC33B6E839C3C6E849C3D6E859C3E6EE3
:10D49000869C3F6E879C406E889C416E899C426E44
:10D4A0008A9C436EC8C5446ED8E4456E8B9C466E1C
:10D4B0008C9C476E8D9C486E8E9C496E8F9C4A6EEC
:10D4C000909C4B6E919C4C6E929C4D6EC4CD4E6E5A
:10D4D000CFE44F6E939C506E949C516E959C526E0F
:10D4E000969C536ED4E4546ED5E4556E979C566E5C
:10D4F000FEBA576E989C586EE6CF596E999C5A6E3C
:10D500009A9C5B6EBFD55C6E9B9C5D6E9C9C5E6EB8
:10D510009D9C5F6ED2E4606E9E9C616E9F9C626E6D
:10D52000A09C636EA19C646EA29C656EA39C666EBB
:10D53000A49C676EA59C686EA69C696EA79C6A6E8B
:10D54000A89C6B6ED0E46C6EA99C6D6EAA9C6E6EEE
:10D55000CEE46F6EAB9C706EAC9C716EAD9C726EC7
:10D56000AE9C736EAF9C746EB09C756EB19C766E03
:10D57000B29C776EB39C786EB49C796EB59C7A6ED3
:10D58000B69C7B6EB79C7C6EB89C7D6EB99C7E6EA3
:10D59000E5CD7F6EAACA806EBA9C816EBB9C826EFE
:10D5A000BC9C836EA3C0846EBD9C856EA6BD866E3A
:10D5B000D3E4876EBE9C886EBF9C896EC8B88A6EA5
:10D5C000C09C8B6EC19C8C6EC29C8D6EC39C8E6EFB
:10D5D000C49C8F6EE7E4906EB4D4916EC59C926E3D
:10D5E000C69C936EC79C946EC89C956EC99C966EA3
:10D5F000CA9C976ECB9C986EDBE4996ECC9C9A6E1D
:10D60000CD9C9B6ECE9C9C6EEFC19D6ECF9C9E6E02
:10D61000D09C9F6EE9E4A06ED19CA16ED29CA26EBC
:10D62000E7D2A36ED39CA46ED49CA56EDFE4A66E55
:10D63000D59CA76EE0E4A86ED69CA96ED79CAA6E76
:10D64000AACFAB6ED89CAC6ED99CAD6EDA9CAE6E98
:10D65000DB9CAF6EDDCBB06EDC9CB16EDAE4B26EFB
:10D66000D1E4B36EDD9CB46EE5E4B56EDE9CB66EBF
:10D67000DCC8B76EE3E4B86EDF9CB96EE09CBA6EAE
:10D68000E7C4BB6EE2E4BC6EE19CBD6EE1E4BE6E3D
:10D69000E29CBF6EE39CC06EE49CC16EFCB3C26EA4
:10D6A000E8E4C36EE59CC46EE69CC56EE79CC66E5E
:10D6B000E89CC76EE1B5C86EE99CC96EEA9CCA6E6B
:10D6C000EB9CCB6ECCD7CC6EEC9CCD6EED9CCE6E35
:10D6D000EE9CCF6EE6E4D06EEF9CD16EACBBD26E0A
:10D6E000F09CD36ED2D7D46ECFCCD56EF8EBD66E7D
:10D6F000F19CD76EE4E4D86EF29CD96EF39CDA6E9E
:10D70000F6B9DB6EF49CDC6EF59CDD6EF69CDE6E8D
:10D71000CDD6DF6ED9E4E06EDCE4E16EFAC2E26EF3
:10D72000DEE4E36EF79CE46ECBC2E56EC4C0E66E49
:10D73000D0C2E76EF89CE86EF5B1E96EB2CCEA6E45
:10D74000F99CEB6EFA9CEC6EFB9CED6EFC9CEE6E15
:10D75000FD9CEF6EFE9CF06E409DF16E419DF26E61
:10D76000429DF36E439DF46ECEB5F56E449DF66E0C
:10D77000459DF76E469DF86E479DF96EEFE4FA6E93
:10D78000489DFB6E499DFC6E4A9DFD6E4B9DFE6E55
:10D790004C9DFF6E4D9D006F4E9D016F4F9D026F22
:10D7A000AFC6036F509D046F519D056F529D066F6C
:10D7B000E1C6076F539D086F549D096FF5E40A6F2A
:10D7C000559D0B6F569D0C6F579D0D6F589D0E6F9D
:10D7D000599D0F6FA9C2106F5A9D116F5B9D126FFB
:10D7E0005C9D136FECC0146FDDD1156FEEE4166F06
:10D7F0005D9D176F5E9D186F5F9D196F609D1A6F1D
:10D80000619D1B6F629D1C6F639D1D6F649D1E6FEC
:10D81000659D1F6F669D206FAEC4216F679D226F4F
:10D82000689D236F699D246FEDE4256F6A9D266FC7
:10D830006B9D276F6C9D286F6D9D296FF6E42A6F95
:10D84000F4E42B6FFEC22C6F6E9D2D6FDDE42E6F06
:10D850006F9D2F6FF0E4306F709D316FFECA326F95
:10D86000719D336FC4D5346F729D356F739D366F64
:10D87000F1E4376F749D386F759D396F769D3A6FFF
:10D88000779D3B6F789D3C6F799D3D6F7A9D3E6F94
:10D89000FAD13F6F7B9D406F7C9D416F7D9D426FB4
:10D8A0007E9D436F809D446F819D456F829D466F35
:10D8B000EBE4476FECE4486F839D496F849D4A6FAA
:10D8C000859D4B6FF2E44C6F869D4D6FABCE4E6FD6
:10D8D000879D4F6F889D506F899D516F8A9D526FB4
:10D8E0008B9D536F8C9D546F8D9D556F8E9D566F84
:10D8F0008F9D576F909D586FCBC5596F919D5A6FF3
:10D90000929D5B6F939D5C6FB1C75D6F949D5E6FE1
:10D91000BAC25F6F959D606F969D616F979D626FB4
:10D92000EAE4636F989D646F999D656F9A9D666F39
:10D93000CAC1676F9B9D686F9C9D696F9D9D6A6F53
:10D940009E9D6B6F9F9D6C6FA09D6D6FB6CC6E6F33
:10D95000B1B36F6FA19D706FA29D716FA39D726F28
:10D96000FBE4736FA49D746FF3E4756FA59D766FF0
:10D97000A69D776FA79D786FFAE4796FA89D7A6F5F
:10D98000FDE47B6FA99D7C6FFCE47D6FAA9D7E6F9B
:10D99000AB9D7F6FAC9D806FAD9D816FAE9D826FA3
:10D9A000AF9D836FB09D846FCEB3856FB19D866F41
:10D9B000B29D876FB39D886FBAB3896FF7E48A6FA2
:10D9C000B49D8B6FB59D8C6FF9E48D6FF8E48E6F0D
:10D9D000ECC58F6FB69D906FB79D916FB89D926F9C
:10D9E000B99D936FBA9D946FBB9D956FBC9D966FCB
:10D9F000BD9D976FBE9D986FBF9D996FC09D9A6F9B
:10DA0000C19D9B6FC29D9C6FBDC09D6FC39D9E6F4E
:10DA1000C49D9F6FC59DA06FC69DA16FE8D4A26FE6
:10DA2000C79DA36FC89DA46FC99DA56FCA9DA66F12
:10DA3000CB9DA76FA2E5A86FCC9DA96FCD9DAA6FC6
:10DA4000CE9DAB6FCF9DAC6FD09DAD6FD19DAE6FB6
:10DA5000D29DAF6FD39DB06FD49DB16FD59DB26F86
:10DA6000D69DB36FC4B0B46FD79DB56FD89DB66F58
:10DA7000A4E5B76FD99DB86FDA9DB96FA3E5BA6F0A
:10DA8000DB9DBB6FDC9DBC6FDD9DBD6FDE9DBE6F02
:10DA9000DF9DBF6FE09DC06FA4BCC16FE19DC26FF1
:10DAA000A5E5C36FE29DC46FE39DC56FE49DC66F9E
:10DAB000E59DC76FE69DC86FE79DC96FA1E5CA6F79
:10DAC000E89DCB6FE99DCC6FEA9DCD6FEB9DCE6F4E
:10DAD000EC9DCF6FED9DD06FEE9DD16FFEE4D26FC8
:10DAE000F4B1D36FEF9DD46FF09DD56FF19DD66FDC
:10DAF000F29DD76FF39DD86FF49DD96FF59DDA6FC6
:10DB0000F69DDB6FF79DDC6FF89DDD6FF99DDE6F95
:10DB1000A8E5DF6FFA9DE06FA9E5E16FA6E5E26F8A
:10DB2000FB9DE36FFC9DE46FFD9DE56FFE9DE66F41
:10DB3000409EE76F419EE86F429EE96F439EEA6F09
:10DB4000449EEB6F459EEC6F469EED6F479EEE6FD9
:10DB5000A7E5EF6FAAE5F06F489EF16F499EF26F5F
:10DB60004A9EF36F4B9EF46F4C9EF56F4D9EF66F81
:10DB70004E9EF76F4F9EF86F509EF96F519EFA6F51
:10DB8000529EFB6F539EFC6F549EFD6F559EFE6F21
:10DB9000569EFF6F579E0070589E0170599E0270EE
:10DBA0005A9E03705B9E04705C9E05705D9E0670BD
:10DBB0005E9E07705F9E0870609E0970619E0A708D
:10DBC000629E0B70639E0C70649E0D70659E0E705D
:10DBD000669E0F70679E1070689E1170D9C6127095
:10DBE000699E13706A9E14706B9E15706C9E167001
:10DBF0006D9E17706E9E18706F9E1970709E1A70D1
:10DC0000ABE51B70ADE51C70719E1D70729E1E70A1
:10DC1000739E1F70749E2070759E2170769E227078
:10DC2000779E2370ACE52470789E2570799E2670CF
:10DC30007A9E27707B9E28707C9E29707D9E2A701C
:10DC40007E9E2B70809E2C70819E2D70829E2E70E9
:10DC5000839E2F70849E3070859E3170869E3270B8
:10DC6000879E3370889E3470899E3570AFE536701C
:10DC70008A9E37708B9E38708C9E3970AEE53A70F4
:10DC80008D9E3B708E9E3C708F9E3D70909E3E7030
:10DC9000919E3F70929E4070939E4170949E427000
:10DCA000959E4370969E4470979E4570989E4670D0
:10DCB000999E47709A9E48709B9E49709C9E4A70A0
:10DCC0009D9E4B709E9E4C70E0B94D709F9E4E7015
:10DCD000A09E4F70B0E55070A19E5170A29E5270F0
:10DCE000A39E5370A49E5470A59E5570A69E567018
:10DCF000A79E5770A89E5870A99E5970AA9E5A70E8
:10DD0000AB9E5B70AC9E5C70AD9E5D70AE9E5E70B7
:10DD1000B1E55F70AF9E6070B09E6170B19E627041
:10DD2000B29E6370B39E6470B49E6570B59E66705B
:10DD3000B69E6770B79E6870B89E6970B99E6A702B
:10DD4000BA9E6B70F0BB6C70E1EC6D70F0C36E70DE
:10DD5000BB9E6F70C6B57070D2BB7170BC9E727086
:10DD6000BD9E7370BE9E7470BF9E7570E9C1767063
:10DD7000EED47770C09E7870C4BE7970C19E7A7000
:10DD8000C29E7B70C39E7C70C6D77D70C49E7E7021
:10DD9000D6D47F70D3B28070BEEC8170C59E827085
:10DDA000C69E8370C79E8470C89E8570C1EA8670C7
:10DDB000C99E8770CA9E8870CB9E8970AFC28A70D8
:10DDC000B6B48B70CC9E8C70CD9E8D70CE9E8E70B6
:10DDD000D7D18F70CF9E9070D09E9170D19E92704F
:10DDE000B4B39370D29E9470B2C89570BBBF967056
:10DDF000C0EC9770D39E9870D49E9970CBD69A70D1
:10DE0000D59E9B70D69E9C70BFEC9D70C1EC9E70A1
:10DE1000D79E9F70D89EA070D99EA170DA9EA270E6
:10DE2000DB9EA370DC9EA470DD9EA570DE9EA670B6
:10DE3000DF9EA770E09EA870E19EA970E29EAA7086
:10DE4000E39EAB70C5ECAC70E6BEAD70BFCCAE70FF
:10DE5000DAC5AF70BCBEB070E49EB170C6ECB270F3
:10DE6000E59EB370FEB1B470E69EB570E79EB670E5
:10DE7000E89EB770C4ECB870A8D5B970E3B5BA70B5
:10DE8000E99EBB70C2ECBC70B6C1BD70E3B3BE709E
:10DE9000EA9EBF70EB9EC070C3ECC170B8CBC2707D
:10DEA000C3C0C370FECCC470EC9EC570ED9EC6703E
:10DEB000EE9EC770EF9EC870D2C1C970F09ECA7046
:10DEC000C8ECCB70F19ECC70F29ECD70F39ECE70FC
:10DED000F49ECF70F59ED070F69ED170F79ED270F2
:10DEE000F89ED370F99ED470FA9ED570FB9ED670C2
:10DEF000FC9ED770FD9ED870E6BAD970D3C0DA7098
:10DF0000FE9EDB70F2D6DC70409FDD70419FDE70BC
:10DF1000429FDF70CCD1E070439FE170449FE2707C
:10DF2000459FE370469FE470BEBFE570479FE67073
:10DF3000B3B7E770D5C9E870C7ECE970E2BBEA7027
:10DF4000489FEB70CCCCEC70FDBDED70C8C8EE7096
:10DF5000499FEF70A9CFF0704A9FF1704B9FF2700C
:10DF60004C9FF3704D9FF4704E9FF5704F9FF6706D
:10DF7000509FF770E9CDF870519FF970EBC5FA70BA
:10DF8000529FFB70539FFC70549FFD70E9B7FE7069
:10DF9000559FFF70569F0071579F0171589F0271E6
:10DFA000599F03715A9F04715B9F05715C9F0671B5
:10DFB0005D9F07715E9F08715F9F0971C9D10A71EA
:10DFC000B8BA0B71609F0C71619F0D71629F0E71E9
:10DFD000639F0F71649F1071C9EC1171659F12717D
:10DFE000669F1371CAEC1471679F1571C0BB1671DF
:10DFF000CBEC1771689F1871E2EC1971BAB11A7104
:10E00000D9B71B71699F1C716A9F1D716B9F1E712F
:10E010006C9F1F716D9F20716E9F21716F9F227188
:10E02000709F2371719F2471729F2571739F267158
:10E03000B9BD2771749F2871759F2971769F2A71C8
:10E04000779F2B71789F2C71799F2D717A9F2E71FC
:10E050007B9F2F71CCEC3071E6D13171CDEC3271F8
:10E060007C9F33717D9F34717E9F3571809F3671A7
:10E07000BBC83771819F3871829F3971839F3A7114
:10E08000849F3B71859F3C71869F3D71879F3E7148
:10E09000889F3F71899F40718A9F41718B9F427118
:10E0A0008C9F43718D9F44718E9F4571D1EC467159
:10E0B0008F9F4771909F4871919F4971929F4A71BC
:10E0C000D3EC4B71939F4C71CDBB4D71949F4E71AE
:10E0D000E5BC4F71959F5071969F5171979F5271FA
:10E0E000989F5371999F54719A9F55719B9F567138
:10E0F0009C9F57719D9F58719E9F59719F9F5A7108
:10E10000A09F5B71A19F5C71CFEC5D71A29F5E715E
:10E11000B7C95F71A39F6071A49F6171A59F627170
:10E12000A69F6371A79F6471BAC36571A89F66714A
:10E13000E3EC6771D5D56871D0EC6971A99F6A71FC
:10E14000AA9F6B71AB9F6C71AC9F6D71AD9F6E712F
:10E15000F3D66F71AE9F7071AF9F7171B09F727186
:10E16000D2EC7371CEEC7471B19F7571B29F767100
:10E17000B39F7771B49F7871D4EC7971B59F7A7140
:10E18000D5EC7B71B69F7C71B79F7D71BFC97E71E5
:10E19000B89F7F71B99F8071BA9F8171BB9F827157
:10E1A000BC9F8371BD9F8471A8CF8571BE9F86710E
:10E1B000BF9F8771C09F8871C19F8971C29F8A71FB
:10E1C000DCD08B71C39F8C71C49F8D71C59F8E7184
:10E1D000C69F8F71ACD19071C79F9171C89F92718A
:10E1E000C99F9371CA9F9471DBC89571CB9F96713B
:10E1F000CC9F9771CD9F9871D6EC9971F5CE9A719D
:10E20000CE9F9B71CF9F9C71D09F9D71D19F9E711E
:10E21000D29F9F71ECCAA071DAECA171D39FA27159
:10E22000D49FA371D59FA471D69FA571D79FA671C6
:10E23000D89FA771D99FA871D9ECA971DA9FAA714B
:10E24000DB9FAB71DC9FAC71BEB0AD71DD9FAE7179
:10E25000DE9FAF71DF9FB071E09FB171E19FB2713E
:10E26000E29FB371D7ECB471E39FB571D8ECB6718E
:10E27000E49FB771E59FB871E69FB971E4ECBA719C
:10E28000E79FBB71E89FBC71E99FBD71EA9FBE71BA
:10E29000EB9FBF71EC9FC071ED9FC171EE9FC2718A
:10E2A000EF9FC371BCC8C471F09FC571F19FC67167
:10E2B000F29FC771F39FC871F49FC971F59FCA712E
:10E2C000F69FCB71F79FCC71F89FCD71F99FCE71FE
:10E2D000C7C1CF71FA9FD071FB9FD171FC9FD271E2
:10E2E000FD9FD371FE9FD471DCECD571E0D1D67166
:10E2F00040A0D77141A0D87142A0D97143A0DA7172
:10E3000044A0DB7145A0DC7146A0DD7147A0DE7141
:10E3100048A0DF7149A0E071DBECE1714AA0E27135
:10E320004BA0E3714CA0E4714DA0E571EFD4E67110
:10E330004EA0E771DDECE8714FA0E97150A0EA71E1
:10E3400051A0EB7152A0EC7153A0ED7154A0EE718D
:10E35000C6DBEF7155A0F07156A0F17157A0F271B4
:10E3600058A0F37159A0F4715AA0F5715BA0F67131
:10E370005CA0F7715DA0F8715EA0F971DEECFA7136
:10E380005FA0FB7160A0FC7161A0FD7162A0FE71D5
:10E3900063A0FF7164A0007265A0017266A00272A2
:10E3A00067A0037268A0047269A005726AA0067271
:10E3B000ACB107726BA008726CA009726DA00A72F2
:10E3C0006EA00B726FA00C7270A00D7271A00E7215
:10E3D00072A00F7273A0107274A0117275A01272E5
:10E3E00076A0137277A0147278A0157279A01672B5
:10E3F0007AA017727BA018727CA019727DA01A7285
:10E400007EA01B7280A01C7281A01D72DFEC1E72A8
:10E4100082A01F7283A0207284A0217285A0227224
:10E4200086A0237287A0247288A0257289A02672F4
:10E430008AA027728BA02872E0EC29728CA02A7225
:10E44000A6D72B728DA02C72C0C52D728EA02E72F5
:10E450008FA02F7290A03072BCEB3172AEB03272CE
:10E4600091A0337292A0347293A03572F4BE3672CA
:10E47000B8B83772AFD23872D6B03972F9B53A72CD
:10E4800094A03B72B3D83C7295A03D72ACCB3E7267
:10E4900096A03F72DDE3407297A0417298A042724D
:10E4A00099A043729AA044729BA045729CA04672A8
:10E4B0009DA04772ACC64872E6B049729EA04A72EF
:10E4C0009FA04B72A0A04C72C6C54D72B9EB4E72A4
:10E4D000A1A04F72A2A05072A3A05172A4A0527228
:10E4E000BAEB5372A5A05472A6A05572A7A056729B
:10E4F000BBEB5772A8A05872A9A05972C0D15A722A
:10E50000AAA05B72A3C55C72ABA05D72F2EA5E72F8
:10E51000ACA05F72B2C46072ADA06172B5C4627229
:10E52000CEC06372AEA06472AFA06572B0A0667216
:10E53000F3EA6772C1C46872B1A06972EFCE6A7201
:10E54000B2A06B72B3A06C72B4A06D72B5A06E7203
:10E55000F0EA6F72F4EA7072B6A07172B7A07272CC
:10E56000FCC97372B8A07472B9A07572A3C7767231
:10E57000BAA07772BBA07872BCA07972D8CC7A723C
:10E58000FECE7B72BDA07C72BEA07D72BFA07E72EB
:10E59000F5EA7F72F6EA8072ACCF8172E7C08272D0
:10E5A000C0A08372C1A08472F7EA8572C2A086728D
:10E5B000C3A08772C4A08872C5A08972C6A08A72DF
:10E5C000BFB68B72F8EA8C72C7A08D72F9EA8E72B0
:10E5D000C8A08F72FAEA9072C9A09172CAA0927212
:10E5E000FBEA9372CBA09472CCA09572CDA09672E8
:10E5F000CEA09772CFA09872D0A09972D1A09A7233
:10E60000D2A09B72D3A09C72D4A09D72D5A09E7202
:10E61000D6A09F72F1EAA072D7A0A172D8A0A27270
:10E62000D9A0A372DAA0A472DBA0A572DCA0A672A6
:10E63000DDA0A772DEA0A872DFA0A972E0A0AA7276
:10E64000E1A0AB72E2A0AC72AEC8AD72EBE1AE720B
:10E65000E3A0AF72B8B7B072ECE1B172E4A0B272ED
:10E66000E5A0B372E6A0B472EDE1B572E7A0B672B0
:10E67000B4D7B772EEE1B872EFE1B972CCD3BA7227
:10E68000E8A0BB72E9A0BC72EAA0BD72EBA0BE72AA
:10E69000ECA0BF72EDA0C072EEA0C172F1E1C27237
:10E6A000F1BFC372F0E1C472D2B5C572EFA0C672F9
:10E6B000F0A0C772F1A0C872B7B1C972F2A0CA7255
:10E6C000F3A0CB72F4A0CC72F5A0CD72F3E1CE72C0
:10E6D000F2E1CF72F6A0D072FCBAD172F7A0D2727A
:10E6E000F4E1D372F8A0D472F9A0D572FAA0D67270
:10E6F000FBA0D772B7B9D872FCA0D972D1BEDA72BA
:10E70000FDA0DB72FEA0DC7240AADD7241AADE72BF
:10E71000FCC4DF7242AAE072DDBAE172C6BDE272E9
:10E7200043AAE37244AAE47245AAE57246AAE672D5
:10E7300047AAE77248AAE872F5E1E972F7E1EA72DE
:10E7400049AAEB724AAAEC72C0B6ED72C1CFEE7262
:10E75000A8CAEF72F6E1F072F8D5F172FCD3F2724A
:10E76000F8E1F372FCE1F472F9E1F5724BAAF6728A
:10E770004CAAF772FAE1F872EAC0F9724DAAFA727D
:10E78000FEE1FB72A1E2FC72C7C0FD724EAAFE72EE
:10E790004FAAFF7250AA007351AA0173FBE10273E2
:10E7A00052AA0373FDE1047353AA057354AA0673B6
:10E7B00055AA077356AA087357AA097358AA0A7369
:10E7C000A5E20B7359AA0C735AAA0D735BAA0E73B8
:10E7D000D4C10F735CAA10735DAA11735EAA127381
:10E7E0005FAA1373A3E2147360AA1573A8E21673E9
:10E7F000FEB21773A2E2187361AA197362AA1A73A0
:10E8000063AA1B73CDC31C73C2B21D73A7E21E7330
:10E81000A6E21F7364AA207365AA2173A4E222737F
:10E82000A9E2237366AA247367AA2573ABE2267351
:10E8300068AA277369AA28736AAA2973C9D02A7398
:10E84000EDD62B73A8C32C73ACE22D736BAA2E7379
:10E85000D7CF2F736CAA30736DAA3173AEE23273C7
:10E860006EAA33736FAA3473EFBA357370AA367316
:10E8700071AA3773E0E93873ADE23973AAE23A73EB
:10E8800072AA3B7373AA3C7374AA3D7375AA3E7354
:10E89000ABBB3F73B3D4407376AA417377AA42737C
:10E8A00078AA437379AA44737AAA45737BAA4673FC
:10E8B0007CAA47737DAA48737EAA497380AA4A73CB
:10E8C00081AA4B7382AA4C7383AA4D73B0E24E7334
:10E8D00084AA4F7385AA5073AFE2517386AA52730C
:10E8E000E1E9537387AA547388AA557389AA5673AA
:10E8F0008AAA5773B1E258738BAA59738CAA5A73B8
:10E900008DAA5B738EAA5C738FAA5D7390AA5E73E7
:10E9100091AA5F7392AA6073B2E2617393AA627361
:10E9200094AA637395AA647396AA657397AA66738B
:10E9300098AA677399AA68739AAA69739BAA6A735B
:10E940009CAA6B739DAA6C73B3E26D73A1CC6E73BA
:10E950009EAA6F73B4E270739FAA7173A0AA7273B8
:10E9600040AB737341AB747342AB757343AB767357
:10E9700044AB777345AB787346AB797347AB7A7327
:10E9800048AB7B7349AB7C734AAB7D734BAB7E73F7
:10E99000B5E27F734CAB80734DAB81734EAB82732A
:10E9A0004FAB837350AB8473FED0857351AB8673CA
:10E9B00052AB8773CAC2887353AB8973F1D38A731E
:10E9C00054AB8B73F5CD8C7355AB8D7356AB8E7387
:10E9D000E0E78F7357AB907358AB9173E1E7927395
:10E9E00059AB93735AAB94735BAB95735CAB9673F3
:10E9F000C1BE97735DAB98735EAB99735FAB9A734F
:10EA000060AB9B73EAC29C7361AB9D7362AB9E73F8
:10EA100063AB9F73E4E7A07364ABA17365ABA273B0
:10EA2000E3E7A37366ABA47367ABA57368ABA67388
:10EA300069ABA7736AABA8736BABA973E6CDAA7376
:10EA40006CABAB73B5C3AC736DABAD736EABAE7388
:10EA5000E2E7AF73B7BBB073D6CFB1736FABB2732E
:10EA6000E1C1B373E9E7B47370ABB57371ABB6735F
:10EA700072ABB773E8E7B87373ABB97374ABBA73BF
:10EA8000F4E7BB73A3B2BC7375ABBD7376ABBE7357
:10EA900077ABBF7378ABC073EAE7C17379ABC2736E
:10EAA000E6E7C3737AABC4737BABC5737CABC67349
:10EAB0007DABC7737EABC873ECE7C973EBE7CA7372
:10EAC000BAC9CB7380ABCC7381ABCD73E4D5CE73B5
:10EAD00082ABCF73E5E7D073A9B7D173E7E7D27301
:10EAE00083ABD37384ABD47385ABD57386ABD6734A
:10EAF00087ABD77388ABD87389ABD973EEE7DA737A
:10EB00008AABDB738BABDC738CABDD738DABDE73ED
:10EB1000F3E7DF738EABE073E9D6E1738FABE2739B
:10EB200090ABE37391ABE47392ABE573EDE7E673FF
:10EB300093ABE773F2E7E87394ABE973F1E7EA7339
:10EB400095ABEB7396ABEC7397ABED73E0B0EE73F4
:10EB500098ABEF7399ABF0739AABF1739BABF27315
:10EB6000F5E7F3739CABF4739DABF5739EABF67353
:10EB70009FABF773A0ABF87340ACF97341ACFA7379
:10EB800042ACFB7343ACFC7344ACFD7345ACFE7309
:10EB900046ACFF7347AC007448AC017449AC0274D6
:10EBA0004AAC0374F2C704744BAC0574C5C0067458
:10EBB000EDC007744CAC08744DAC0974F0C10A7414
:10EBC000F0E70B744EAC0C744FAC0D7450AC0E747B
:10EBD00051AC0F74F6E71074F6CB117452AC12748A
:10EBE00053AC137454AC147455AC157456AC167401
:10EBF00057AC177458AC187459AC19745AAC1A74D1
:10EC0000A2E81B74A1E81C745BAC1D745CAC1E74A0
:10EC10005DAC1F745EAC20745FAC217460AC227478
:10EC2000C1D7237461AC247462AC2574FAE72674EE
:10EC3000F9E7277463AC2874FBE7297464AC2A7481
:10EC4000F7E72B7465AC2C74FEE72D7466AC2E745C
:10EC5000FDE72F7467AC3074FCE7317468AC327434
:10EC600069AC3374D5C13474D9C73574FDC53674F5
:10EC7000C3C537746AAC38746BAC39746CAC3A7415
:10EC80006DAC3B746EAC3C74EDC73D746FAC3E74C0
:10EC900070AC3F7471AC407472AC4174A3E84274C0
:10ECA00073AC437474AC447475AC457476AC467400
:10ECB00077AC477478AC487479AC49747AAC4A74D0
:10ECC0007BAC4B747CAC4C747DAC4D747EAC4E74A0
:10ECD00080AC4F7481AC507482AC517483AC52746C
:10ECE00084AC537485AC547486AC5574A6E85674E1
:10ECF00087AC5774A5E8587488AC5974A7E85A745F
:10ED0000F7BA5B74F8E75C74A4E85D7489AC5E7470
:10ED1000F0C85F74AAC960748AAC61748BAC627409
:10ED20008CAC63748DAC64748EAC65748FAC66749B
:10ED300090AC677491AC687492AC697493AC6A746B
:10ED400094AC6B7495AC6C7496AC6D74A9E86E74ED
:10ED500097AC6F7498AC7074E5B9717499AC7274B7
:10ED60009AAC73749BAC74749CAC75749DAC7674E3
:10ED7000FED17774A8E878749EAC79749FAC7A74ED
:10ED8000A0AC7B7440AD7C7441AD7D7442AD7E74AB
:10ED9000AAE87F7443AD8074ADE88174AEE88274F4
:10EDA00044AD8374A7C1847445AD857446AD867443
:10EDB00047AD8774AFE8887448AD897449AD8A74EB
:10EDC0004AAD8B74B0E88C744BAD8D744CAD8E74C1
:10EDD000ACE88F744DAD9074B4E891744EAD9274FC
:10EDE0004FAD937450AD947451AD957452AD96740B
:10EDF00053AD977454AD987455AD997456AD9A74DB
:10EE000057AD9B7458AD9C74ABE89D7459AD9E741E
:10EE1000B1E89F745AADA0745BADA1745CADA274EF
:10EE20005DADA3745EADA4745FADA57460ADA67452
:10EE300061ADA774B5E8A874B2E8A974B3E8AA7480
:10EE400062ADAB7463ADAC7464ADAD7465ADAE74FE
:10EE500066ADAF7467ADB07468ADB17469ADB274CE
:10EE60006AADB3746BADB4746CADB5746DADB6749E
:10EE70006EADB7746FADB87470ADB97471ADBA746E
:10EE8000B7E8BB7472ADBC7473ADBD7474ADBE74C1
:10EE900075ADBF7476ADC07477ADC17478ADC27412
:10EEA00079ADC3747AADC4747BADC5747CADC674E2
:10EEB0007DADC7747EADC87480ADC97481ADCA74B0
:10EEC00082ADCB7483ADCC7484ADCD7485ADCE747E
:10EED00086ADCF7487ADD07488ADD17489ADD2744E
:10EEE000B6E8D3748AADD4748BADD5748CADD674BA
:10EEF0008DADD7748EADD8748FADD97490ADDA74F2
:10EF000091ADDB7492ADDC74CFB9DD7493ADDE747A
:10EF1000ACF0DF7494ADE074ADF0E17495ADE274E3
:10EF2000B0C6E374EAB0E474BFC8E57496ADE674A5
:10EF3000DFCDE77497ADE87498ADE97499ADEA74E4
:10EF40009AADEB749BADEC749CADED749DADEE741D
:10EF5000CDCEEF74B1EAF0749EADF1749FADF27452
:10EF6000A0ADF37440AEF474B2EAF57441AEF67439
:10EF7000BFC6F774C9B4F87442AEF97443AEFA74FC
:10EF800044AEFB7445AEFC7446AEFD7447AEFE74F1
:10EF900048AEFF74B3EA007549AE01754AAE02751A
:10EFA0004BAE03754CAE0475E7D505754DAE0675D1
:10EFB0004EAE07754FAE087550AE097551AE0A7565
:10EFC00052AE0B7553AE0C7554AE0D75F9DD0E7562
:10EFD00055AE0F75B4EA107556AE1175B5EA1275D7
:10EFE00057AE1375B6EA147558AE157559AE167549
:10EFF0005AAE17755BAE1875CAB81975B0DF1A75B9
:10F00000F5C91B755CAE1C75F0CC1D755DAE1E752B
:10F010005EAE1F75FAC920755FAE217560AE2275B0
:10F0200061AE237562AE247563AE2575FBC9267586
:10F0300064AE277565AE2875C3D32975A6CB2A752E
:10F0400066AE2B75A6B82C75AEF02D75C2B12E75B7
:10F0500067AE2F75B8E53075EFCC3175C9D3327511
:10F06000D7BC3375EAC9347568AE3575E7B5367502
:10F0700069AE3775D0C43875E9B539756AAE3A7579
:10F08000AEEE3B75ADBB3C756BAE3D756CAE3E7583
:10F09000DEE73F756DAE4075AFEE41756EAE427501
:10F0A0006FAE437570AE447571AE4575A9B34675C4
:10F0B00072AE477573AE4875B2EE497574AE4A7557
:10F0C00075AE4B75B1EE4C75E7BD4D7576AE4E75B0
:10F0D000B0EE4F75B7CE507577AE517578AE5275AC
:10F0E00079AE53757AAE5475CFC555757BAE5675EE
:10F0F0007CAE57757DAE58757EAE5975F4C15A75A4
:10F10000CEDB5B75B3EE5C75F3D05D7580AE5E757E
:10F1100081AE5F7582AE607583AE617584AE6275D7
:10F1200085AE637586AE647587AE6575D4C2667547
:10F13000E8C6677588AE687589AE69758AAE6A7506
:10F14000ACB76B758BAE6C758CAE6D758DAE6E7528
:10F150008EAE6F758FAE707590AE717591AE727523
:10F16000B4EE737592AE7475EBB3757593AE767538
:10F1700094AE777595AE7875FBBB7975B5EE7A75FB
:10F1800096AE7B7597AE7C7598AE7D7599AE7E75A3
:10F190009AAE7F75DCE780759BAE81759CAE8275FB
:10F1A0009DAE8375B6EE84759EAE85759FAE8675F1
:10F1B000AEBD8775A0AE887540AF897541AF8A75C1
:10F1C00042AF8B75E2F18C7543AF8D7544AF8E7590
:10F1D00045AF8F75E8CA907546AF9175C9D29275E3
:10F1E000DAF0937547AF9475DBF0957548AF967577
:10F1F000DCF09775C6C1987549AF9975EDB89A75E9
:10F20000CEBE9B754AAF9C754BAF9D75DEF09E756B
:10F210004CAF9F75B1C5A075DDF0A175F1D1A27598
:10F220004DAFA375E0F0A475CCB0A575EABDA67589
:10F230004EAFA7754FAFA87550AFA97551AFAA755E
:10F2400052AFAB75DFD2AC75DFF0AD7553AFAE75B5
:10F25000AFB4AF75E8B7B075E6F0B175E5F0B2756B
:10F26000A3C6B375E1F0B475E2F0B575C3B4B67575
:10F2700054AFB77555AFB875E3F0B975EED5BA753B
:10F2800056AFBB7557AFBC75DBCCBD75D2BEBE7576
:10F29000B2BCBF7558AFC07559AFC1755AAFC27512
:10F2A000E8F0C375E7F0C475E4F0C575A1B2C675A2
:10F2B0005BAFC775A2D6C875B8D3C975B7BECA75D6
:10F2C000ACC8CB755CAFCC755DAFCD75EAF0CE75D3
:10F2D0005EAFCF755FAFD07560AFD17561AFD275DE
:10F2E000F7D1D37562AFD475CCD6D575DBBAD675E8
:10F2F000E9F0D77563AFD875BBB6D97564AFDA7569
:10F3000065AFDB75B4CDDC7566AFDD7567AFDE75F7
:10F31000A6C6DF7568AFE07569AFE1756AAFE275E3
:10F32000A1C1E375EBF0E475EEF0E5756BAFE67542
:10F33000EDF0E775F0F0E875ECF0E9756CAFEA75A3
:10F34000BEBBEB75EFF0EC756DAFED756EAFEE75A6
:10F350006FAFEF7570AFF075B5CCF175F2F0F27577
:10F3600071AFF37572AFF475D5B3F57573AFF6750C
:10F3700074AFF77575AFF87576AFF975D4B1FA75E6
:10F3800077AFFB7578AFFC75F3F0FD7579AFFE755F
:10F390007AAFFF75F4F00076F6F00176E1B402760C
:10F3A0007BAF0376F1F004767CAF0576F7F0067656
:10F3B0007DAF07767EAF087680AF097681AF0A769B
:10F3C000FAF00B7682AF0C76F8F00D7683AF0E76FE
:10F3D00084AF0F7685AF1076F5F0117686AF127692
:10F3E00087AF137688AF147689AF1576FDF0167661
:10F3F0008AAF1776F9F01876FCF01976FEF01A76D7
:10F400008BAF1B76A1F11C768CAF1D768DAF1E766F
:10F410008EAF1F76C1CE2076A4F121768FAF2276F3
:10F42000A3F1237690AF2476F6C12576FBF02676FD
:10F43000DDCA277691AF287692AF2976F1B42A7685
:10F44000F1B12B76B1CC2C7693AF2D76A6F12E763A
:10F4500094AF2F7695AF3076A7F1317696AF3276AE
:10F4600097AF3376ACF13476CED53576A9F13676D2
:10F4700098AF377699AF3876B3C839769AAF3A767F
:10F480009BAF3B769CAF3C76A2F13D769DAF3E763E
:10F49000ABF13F76A8F14076A5F141769EAF42767A
:10F4A0009FAF4376AAF14476A0AF457640B046764A
:10F4B00041B0477642B0487643B0497644B04A7688
:10F4C00045B04B7646B04C76A9B04D76ADF14E7650
:10F4D00047B04F7648B0507649B051764AB0527630
:10F4E0004BB053764CB05476AFF155764DB056765E
:10F4F000B1F157764EB058764FB0597650B05A7633
:10F5000051B05B7652B05C76B0F15D7653B05E760A
:10F51000AEF15F7654B0607655B0617656B06276E3
:10F5200057B06376A2D1647658B0657659B06676E6
:10F530005AB067765BB068765CB069765DB06A7623
:10F540005EB06B76B2F16C765FB06D7660B06E7661
:10F5500061B06F76B3F1707662B0717663B0727637
:10F5600064B0737665B0747666B0757667B076769B
:10F5700068B0777669B07876EFB979766AB07A76DE
:10F580006BB07B76C7B57C766CB07D76D7B07E7677
:10F59000D9B07F766DB080766EB081766FB08276AE
:10F5A000EDD4837670B08476C4B5857671B08676F6
:10F5B000D4BD8776CABB8876A7F0897672B08A7682
:10F5C00073B08B76DEB88C7674B08D7675B08E762F
:10F5D000A8F08F7676B0907677B09176A8B09276D4
:10F5E00078B09376A9F0947679B095767AB09676DD
:10F5F000EECD97767BB098767CB09976AAF09A7625
:10F600007DB09B767EB09C7680B09D7681B09E76F4
:10F6100082B09F7683B0A07684B0A17685B0A276C2
:10F6200086B0A37687B0A476ABF0A57688B0A67630
:10F6300089B0A7768AB0A8768BB0A9768CB0AA7666
:10F640008DB0AB768EB0AC768FB0AD7690B0AE7636
:10F65000A4C6AF7691B0B07692B0B176E5D6B27668
:10F66000E4F1B37693B0B476E5F1B57694B0B676BE
:10F6700095B0B77696B0B87697B0B97698B0BA76B6
:10F6800099B0BB769AB0BC769BB0BD769CB0BE7686
:10F690009DB0BF76F3C3C0769EB0C1769FB0C276F0
:10F6A000DBD3C376A0B0C47640B1C576D1D6C676DA
:10F6B000E8C5C77641B1C876AFD3C97642B1CA763C
:10F6C000E6D2CB7643B1CC7644B1CD76C1EECE76E0
:10F6D000BBB0CF76B5D5D076CED1D176E0BCD276E0
:10F6E000D0BAD37645B1D476F8BFD57646B1D676C2
:10F6F000C7B8D776C1B5D876CCC5D97647B1DA7652
:10F7000048B1DB76A2CADC7649B1DD764AB1DE7655
:10F710004BB1DF76CBC3E0764CB1E1764DB1E2760A
:10F720004EB1E3764FB1E47650B1E576C2EEE676BF
:10F7300051B1E77652B1E87653B1E97654B1EA7641
:10F7400055B1EB7656B1EC7657B1ED7658B1EE7611
:10F75000BFC4EF76A2B6F07659B1F176ECEDF27651
:10F76000A4C3F3765AB1F476B1D6F5765BB1F676EA
:10F770005CB1F7765DB1F876E0CFF976EFEDFA7629
:10F780005EB1FB765FB1FC76CEC5FD7660B1FE76EC
:10F79000DCB6FF7661B1007762B10177A1CA02776A
:10F7A00063B1037764B10477EDED057765B1067752
:10F7B00066B10777F0ED0877F1ED0977BCC30A77FA
:10F7C00067B10B77B4BF0C7768B10D77EEED0E77AC
:10F7D00069B10F776AB110776BB111776CB112779D
:10F7E0006DB113776EB114776FB1157770B116776D
:10F7F00071B1177772B1187773B11977F4ED1A7781
:10F80000F2ED1B7774B11C7775B11D7776B11E7759
:10F8100077B11F77E6D52077DFC3217778B12277DC
:10F82000F3ED237779B124777AB125777BB1267709
:10F83000F6ED27777CB12877A3D52977A3D12A774E
:10F840007DB12B777EB12C7780B12D77F5ED2E77BA
:10F8500081B12F77D0C3307782B1317783B13277DE
:10F8600084B1337785B1347786B13577F7ED367764
:10F87000F4BF3777ECBE3877F8ED397787B13A7750
:10F88000F7CC3B7788B13C77DBD13D7789B13E77C8
:10F890008AB13F778BB14077C5D74177F6D54277AC
:10F8A0008CB14377FCED44778DB145778EB14677C7
:10F8B0008FB14777FBED487790B1497791B14A779F
:10F8C00092B14B7793B14C7794B14D7795B14E7718
:10F8D00096B14F7797B15077F9ED5177FAED5277AE
:10F8E00098B1537799B154779AB155779BB15677C0
:10F8F0009CB157779DB158779EB159779FB15A7790
:10F90000FDED5B77A6BE5C77A0B15D7740B25E7718
:10F9100041B25F7742B2607743B26177AFCB627733
:10F92000A1EE6377BDB6647744B26577A2EE6677E1
:10F93000C0C4677745B26877FEED697746B26A77EB
:10F9400047B26B77DEBD6C77C7B26D7748B26E7722
:10F9500049B26F774AB270774BB271774CB2727717
:10F960004DB273774EB274774FB2757750B27677E7
:10F9700051B2777752B2787753B27977C3B67A7744
:10F9800054B27B7755B27C7756B27D77A5EE7E7701
:10F99000BAD87F77A3EE8077A6EE817757B28277C9
:10F9A00058B2837759B28477E9C38577F2B3867703
:10F9B0005AB287775BB288775CB289775DB28A7713
:10F9C0005EB28B775FB28C77A7EE8D77A4EE8E77E1
:10F9D000B9CF8F7760B2907761B29177A8EE9277C6
:10F9E000F7C2937762B2947763B2957764B29677F1
:10F9F00065B2977766B2987767B2997768B29A7767
:10FA000069B29B776AB29C776BB29D776CB29E7736
:10FA10006DB29F77A9EEA077AAEEA1776EB2A2771A
:10FA2000ABDEA3776FB2A47770B2A577B3C6A67723
:10FA300071B2A777C6C7A87772B2A977F5D6AA77A9
:10FA4000C9B5AB7773B2AC77B2CBAD7774B2AE77E2
:10FA500075B2AF7776B2B077ABEEB17777B2B277F7
:10FA600078B2B377ABCDB47779B2B577ACEEB67781
:10FA70007AB2B7777BB2B8777CB2B9777DB2BA7712
:10FA80007EB2BB77B0D5BC7780B2BD77ADEEBE7726
:10FA900081B2BF77C4F6C07782B2C17783B2C27732
:10FAA00084B2C37785B2C47786B2C57787B2C6778A
:10FAB00088B2C77789B2C8778AB2C9778BB2CA775A
:10FAC0008CB2CB778DB2CC778EB2CD77C7DBCE77C9
:10FAD0008FB2CF7790B2D07791B2D17792B2D277FE
:10FAE00093B2D37794B2D47795B2D57796B2D677CE
:10FAF00097B2D777A3B4D87798B2D97799B2DA7793
:10FB00009AB2DB77ACC3DC77E6F1DD779BB2DE77C8
:10FB10009CB2DF779DB2E0779EB2E1779FB2E27749
:10FB2000B8CAE377D3D2E477A0B2E577AAD6E6776E
:10FB300040B3E777F2EFE87741B3E977D8BEEA77E9
:10FB400042B3EB77C3BDEC77F3EFED77CCB6EE774E
:10FB5000ABB0EF7743B3F07744B3F17745B3F277C7
:10FB600046B3F377AFCAF47747B3F57748B3F67780
:10FB7000B6EDF77749B3F877B7EDF9774AB3FA7787
:10FB80004BB3FB774CB3FC774DB3FD77F9CEFE77E3
:10FB9000AFB7FF77F3BF0078B8ED0178EBC202781A
:10FBA000B0C903784EB304784FB3057850B30678E4
:10FBB00051B3077852B3087853B30978B9ED0A788E
:10FBC00054B30B7855B30C78F6C60D78B3BF0E78E6
:10FBD00056B30F7857B3107858B31178BCED12783C
:10FBE000F8C5137859B31478D0D115785AB316786C
:10FBF000A9D71778BAED1878BBED19785BB31A78E6
:10FC0000E2D11B785CB31C78BFED1D78C0ED1E7887
:10FC10005DB31F78C4ED20785EB321785FB322789E
:10FC200060B32378C8ED247861B32578C6ED2678D3
:10FC3000CEED2778E8D5287862B32978C9ED2A78FF
:10FC400063B32B7864B32C78C7ED2D78BEED2E7896
:10FC500065B32F7866B33078E9C5317867B3327809
:10FC600068B3337869B33478C6C635786AB3367802
:10FC70006BB33778E9C93878D2D43978C1ED3A789E
:10FC8000C2ED3B78C3ED3C78C5ED3D786CB33E7872
:10FC9000F9C03F786DB34078A1B441786EB3427833
:10FCA0006FB3437870B3447871B34578E8B9467858
:10FCB00072B34778D0ED487873B3497874B34A7813
:10FCC00075B34B7876B34C78D1ED4D7877B34E78E9
:10FCD000CAED4F7878B35078CFED517879B3527838
:10FCE000F8CE53787AB354787BB35578B6CB567840
:10FCF000CCED5778CDED58787CB359787DB35A78F0
:10FD00007EB35B7880B35C7881B35D78F5CF5E7845
:10FD100082B35F7883B3607884B3617885B36278A7
:10FD200086B3637887B3647888B3657889B3667877
:10FD30008AB367788BB368788CB369788DB36A7847
:10FD4000D2ED6B78F2C16C78B2D36D78CBED6E7872
:10FD5000B7C86F788EB370788FB3717890B37278BC
:10FD600091B3737892B3747893B3757894B37678CB
:10FD700095B37778EFBC787896B3797897B37A783B
:10FD800098B37B7899B37C78F0C57D789AB37E7808
:10FD90009BB37F789CB380789DB381789EB3827843
:10FDA0009FB38378A0B3847840B4857841B48678D3
:10FDB00042B48778D6ED887843B48978EFB58A78ED
:10FDC00044B48B7845B48C78B5C28D78ADB08E785C
:10FDD000E9CB8F7846B4907847B49178AEB19278F9
:10FDE00048B49378D4ED947849B495784AB4967829
:10FDF0004BB49778EBCD9878E2B599784CB49A7873
:10FE0000D5ED9B78D3ED9C78D7ED9D784DB49E7859
:10FE10004EB49F78FAB5A0784FB4A178D8EDA27807
:10FE200050B4A378D9EDA47851B4A578DCEDA678C8
:10FE300052B4A778CCB1A87853B4A97854B4AA78AE
:10FE400055B4AB7856B4AC7857B4AD7858B4AE78F6
:10FE500059B4AF785AB4B078F6C5B178EEBCB27880
:10FE6000DAEDB378BCCCB478EAB2B5785BB4B678E6
:10FE70005CB4B7785DB4B8785EB4B978DBEDBA78C5
:10FE80005FB4BB7860B4BC7861B4BD7862B4BE784E
:10FE9000EBC4BF7863B4C07864B4C178C5B4C27829
:10FEA00065B4C37866B4C47867B4C578F5B0C6786D
:10FEB00068B4C77869B4C8786AB4C978DFEDCA781D
:10FEC000DAC0CB78E8B4CC786BB4CD786CB4CE78AB
:10FED0006DB4CF786EB4D078CDC5D1786FB4D27808
:10FEE00070B4D37871B4D478DDEDD578C4BFD6784A
:10FEF00072B4D77873B4D87874B4D978DEEDDA7880
:10FF000075B4DB7876B4DC7877B4DD7878B4DE78F5
:10FF100079B4DF787AB4E0787BB4E1787CB4E278C5
:10FF20007DB4E3787EB4E47880B4E57881B4E67893
:10FF300082B4E77883B4E878A5C4E97884B4EA7831
:10FF400085B4EB7886B4EC78E0EDED7887B4EE78A4
:10FF500088B4EF7889B4F0788AB4F1788BB4F27809
:10FF6000E1EDF3788CB4F478E3EDF5788DB4F678C0
:10FF70008EB4F778D7C1F8788FB4F97890B4FA785E
:10FF8000C7BBFB7891B4FC7892B4FD7893B4FE784B
:10FF900094B4FF7895B4007996B40179B8BD02792C
:10FFA00097B4037998B4047999B40579E2ED0679A8
:10FFB0009AB407799BB408799CB409799DB40A79FD
:10FFC0009EB40B799FB40C79A0B40D7940B50E792D
:10FFD00041B50F7942B5107943B5117944B512791D
:10FFE00045B51379E4ED147946B5157947B5167919
:10FFF00048B5177949B518794AB519794BB51A79C1
:020000040802F0
:100000004CB51B794DB51C794EB51D794FB51E7990
:10001000E6ED1F7950B5207951B5217952B5227995
:1000200053B5237954B52479E5ED257955B526796D
:1000300056B5277957B5287958B5297959B52A7908
:100040005AB52B795BB52C795CB52D795DB52E79D8
:100050005EB52F795FB5307960B5317961B53279A8
:1000600062B5337963B53479E7ED357964B53679BE
:1000700065B5377966B5387967B5397968B53A794C
:10008000BECA3B79EAEC3C79F1C03D7969B53E796D
:10009000E7C93F796AB54079EBEC4179EEC6427920
:1000A0006BB543796CB544796DB545796EB54679D4
:1000B000ECEC47796FB54879EDC64979EDEC4A79B2
:1000C00070B54B7971B54C7972B54D7973B54E7980
:1000D00074B54F7975B5507976B5517977B5527950
:1000E00078B55379F0EC547979B555797AB5567974
:1000F000E6D75779F3EC58797BB559797CB55A79BD
:10010000F1EC5B79EEEC5C79EFEC5D79A3D75E798D
:10011000F1C95F79EECB6079F4EC61797DB56279F4
:10012000F2EC63797EB5647980B56579E9CF66795B
:1001300081B56779F6EC6879B1C6697982B56A7973
:1001400083B56B7984B56C7985B56D79C0BC6E79F2
:1001500086B56F79F5EC707987B5717988B5727964
:1001600089B573798AB574798BB575798CB57679DB
:100170008DB57779BBB57879F6BB79798EB57A7913
:10018000F7EC7B798FB57C7990B57D7991B57E79E7
:1001900092B57F7993B58079F7D98179FBBD827962
:1001A00094B5837995B58479BBC28579F8EC867965
:1001B00096B5877997B5887998B5897999B58A7907
:1001C000F9EC8B799AB58C799BB58D799CB58E7944
:1001D0009DB58F79A3B890799EB591799FB59279A5
:1001E000A0B5937940B6947941B6957942B696799F
:1001F00043B6977944B6987945B6997946B69A79CF
:10020000FAEC9B7947B69C7948B69D7949B69E79B8
:100210004AB69F794BB6A0794CB6A1794DB6A27972
:100220004EB6A3794FB6A47950B6A57951B6A67942
:1002300052B6A779FBECA87953B6A97954B6AA7936
:1002400055B6AB7956B6AC7957B6AD7958B6AE79E6
:1002500059B6AF795AB6B0795BB6B1795CB6B279B6
:100260005DB6B379FCECB4795EB6B5795FB6B679B4
:1002700060B6B77961B6B87962B6B979EDD3BA79B3
:10028000AED8BB79EBC0BC7963B6BD79DDC7BE79AA
:10029000CCBABF7964B6C079E3D0C179BDCBC2799D
:1002A00065B6C379BACDC47966B6C57967B6C6797D
:1002B000D1B8C77968B6C87969B6C979FCB1CA79C5
:1002C0006AB6CB79EFC7CC796BB6CD79D6D6CE7975
:1002D0006CB6CF796DB6D0796EB6D179C6BFD2790A
:1002E000EBC3D3796FB6D47970B6D579F5EFD679FB
:1002F00071B6D77972B6D879D8C3D97973B6DA79A5
:1003000074B6DB7975B6DC7976B6DD7977B6DE79E9
:1003100078B6DF79E2D7E07979B6E1797AB6E27931
:100320007BB6E379F7EFE479D3B3E5797CB6E67988
:10033000D8C7E779EDD1E8797DB6E979C8D6EA7909
:100340007EB6EB79F8EFEC7980B6ED79F6EFEE79E1
:1003500081B6EF79FDBBF079C6B3F17982B6F27957
:1003600083B6F37984B6F47985B6F57986B6F679ED
:1003700087B6F77988B6F879D5BDF97989B6FA796B
:100380008AB6FB79C6D2FC798BB6FD79E0BBFE79E3
:100390008CB6FF798DB6007AA1CF017A8EB6027A3B
:1003A000FCEF037AFBEF047A8FB6057A90B6067AF3
:1003B000F9EF077A91B6087A92B6097A93B60A7A73
:1003C00094B60B7ACCB30C7A95B60D7AD4C90E7A62
:1003D000B0CB0F7A96B6107A97B6117A98B6127A91
:1003E00099B6137A9AB6147AFEEF157A9BB6167AF6
:1003F0009CB6177ADEB0187A9DB6197A9EB61A7A2C
:10040000C9D61B7A9FB61C7AA0B61D7A40B71E7A51
:10041000FDEF1F7A41B7207AEDB3217A42B7227AF5
:1004200043B7237AD5F6247A44B7257A45B7267A96
:1004300046B7277A47B7287A48B7297A49B72A7A38
:100440004AB72B7A4BB72C7A4CB72D7A4DB72E7A08
:100450004EB72F7A4FB7307A50B7317A51B7327AD8
:1004600052B7337AC8CE347A53B7357A54B7367A1E
:1004700055B7377AA2F0387A56B7397AA1F03A7A76
:1004800057B73B7ABEB53C7ADABC3D7AFCBB3E7AC4
:1004900058B73F7AE5B8407A59B7417A5AB7427AA5
:1004A0005BB7437A5CB7447A5DB7457A5EB7467A04
:1004B000C2C4477A5FB7487A60B7497A61B74A7A67
:1004C00062B74B7A63B74C7A64B74D7A65B74E7AA8
:1004D00066B74F7A67B7507A68B7517AA3F0527A05
:1004E00069B7537A6AB7547A6BB7557A6CB7567A4C
:1004F0006DB7577AEBCB587A6EB7597A6FB75A7A8D
:1005000070B75B7A71B75C7A72B75D7A73B75E7AEF
:1005100074B75F7A75B7607A76B7617A77B7627ABF
:1005200078B7637A79B7647A7AB7657A7BB7667A8F
:100530007CB7677A7DB7687A7EB7697A80B76A7A5E
:1005400081B76B7A82B76C7A83B76D7A84B76E7A2B
:1005500085B76F7A86B7707AA6F0717A87B7727AA4
:1005600088B7737A89B7747AA8D1757A8AB7767A98
:10057000BFBE777AEEC7787AB6F1797AB7F17A7A30
:10058000D5BF7B7A8BB77C7A8CB77D7A8DB77E7A34
:100590008EB77F7AA9B4807AB8F1817ABBCD827A9E
:1005A0008FB7837AD4C7847AADD5857A90B7867AA7
:1005B000B9F1877A91B7887ABAF1897A92B78A7A4B
:1005C00093B78B7A94B78C7A95B78D7ACFC78E7A9A
:1005D00096B78F7A97B7907A98B7917AA4D2927A91
:1005E000CFD6937A99B7947A9AB7957ABBF1967ADF
:1005F000D1BD977AB0B4987ABDBE997A9BB79A7AF2
:100600009CB79B7A9DB79C7ADCB49D7AD1CE9E7ABA
:100610009EB79F7ADFBFA07ABDF1A17A9FB7A27A79
:10062000A0B7A37A40B8A47A41B8A57AFABFA67A4F
:10063000BCF1A77A42B8A87ABFF1A97A43B8AA7ADE
:1006400044B8AB7A45B8AC7ABEF1AD7AC0F1AE7AB7
:1006500046B8AF7A47B8B07A48B8B17A49B8B27AF2
:100660004AB8B37AC1F1B47A4BB8B57A4CB8B67A15
:100670004DB8B77A4EB8B87A4FB8B97A50B8BA7A96
:1006800051B8BB7A52B8BC7A53B8BD7A54B8BE7A66
:1006900055B8BF7AFEC1C07A56B8C17A57B8C27A87
:1006A00058B8C37A59B8C47A5AB8C57A5BB8C67A0A
:1006B0005CB8C77A5DB8C87A5EB8C97A5FB8CA7ADA
:1006C00060B8CB7AA2C1CC7A61B8CD7A62B8CE7A62
:1006D00063B8CF7A64B8D07A65B8D17A66B8D27A7E
:1006E00067B8D37A68B8D47A69B8D57A6AB8D67A4E
:1006F000FACAD77A6BB8D87A6CB8D97ABED5DA7A12
:100700006DB8DB7A6EB8DC7A6FB8DD7A70B8DE7AF5
:10071000BABEDF7AB9BEE07AC2D5E17A71B8E27AC0
:1007200072B8E37AA2BFE47A73B8E57AAFCDE67A1D
:10073000B5F1E77A74B8E87A75B8E97A76B8EA7A02
:1007400077B8EB7A78B8EC7A79B8ED7ADFBDEE7AE3
:100750007AB8EF7ACBB6F07A7BB8F17A7CB8F27AD5
:100760007DB8F37A7EB8F47A80B8F57A81B8F67AF3
:1007700082B8F77A83B8F87A84B8F97AF1D6FA7A37
:10078000C3F3FB7A85B8FC7A86B8FD7AC4F3FE7AA7
:1007900087B8FF7ACDB8007B88B8017B89B8027B27
:1007A0008AB8037BC6F3047BC7F3057B8BB8067B53
:1007B000CAB0077B8CB8087BC5F3097B8DB80A7B70
:1007C000C9F30B7BF1CB0C7B8EB80D7B8FB80E7B06
:1007D00090B80F7BCBF3107B91B8117BA6D0127B26
:1007E00092B8137B93B8147BCAB1157BC8F3167B00
:1007F00094B8177B95B8187B96B8197BCFF31A7B02
:1008000097B81B7BD1B51C7B98B81D7B99B81E7B14
:10081000D7F31F7B9AB8207BD2F3217B9BB8227B36
:100820009CB8237B9DB8247BD4F3257BD3F3267B14
:10083000FBB7277B9EB8287BBFB1297B9FB82A7B5B
:10084000CEF32B7BCAF32C7BDAB52D7BA0B82E7BA5
:10085000D0F32F7B40B9307B41B9317BD1F3327B70
:1008600042B9337BD5F3347B43B9357B44B9367B0E
:1008700045B9377B46B9387BCDF3397B47B93A7BED
:10088000E3BC3B7B48B93C7BFDC13D7B49B93E7B2A
:10089000D6F33F7B4AB9407B4BB9417B4CB9427B95
:1008A0004DB9437B4EB9447B4FB9457BDAF3467B68
:1008B00050B9477BCCF3487B51B9497BC8B54A7BDB
:1008C00052B94B7BEEBD4C7BDCF34D7B53B94E7B79
:1008D00054B94F7BA4B7507BF0BF517BFED6527BFF
:1008E000B2CD537B55B9547BF0B4557B56B9567B8A
:1008F000DFB2577B57B9587BD8F3597B58B95A7B2D
:10090000D9F35B7BB8C95C7B59B95D7BDDF35E7B5A
:100910005AB95F7B5BB9607BDEF3617B5CB9627B5C
:10092000E1F3637B5DB9647B5EB9657B5FB9667B30
:1009300060B9677B61B9687B62B9697B63B96A7BBF
:1009400064B96B7B65B96C7B66B96D7B67B96E7B8F
:10095000DFF36F7B68B9707B69B9717BE3F3727BFE
:10096000E2F3737B6AB9747B6BB9757BDBF3767BDF
:100970006CB9777BEABF787B6DB9797BEFB37A7B13
:100980006EB97B7BE0F37C7B6FB97D7B70B97E7B3E
:10099000A9C77F7B71B9807BF2BC817B72B9827BF6
:1009A00073B9837B74B9847B75B9857BEBF3867BE4
:1009B00076B9877B77B9887B78B9897B79B98A7B67
:1009C0007AB98B7B7BB98C7B7CB98D7BBFB98E7BF5
:1009D0007DB98F7B7EB9907BE4F3917B80B9927B6C
:1009E00081B9937B82B9947BADB2957BFEBB967B3C
:1009F00083B9977BE3CB987B84B9997B85B99A7B44
:100A000086B99B7B87B99C7BEDF39D7BE9F39E7B4D
:100A100088B99F7B89B9A07B8AB9A17BDCB9A27B0D
:100A2000EEF3A37B8BB9A47B8CB9A57B8DB9A67B98
:100A3000E5F3A77BE6F3A87BEAF3A97BE1C2AA7BF7
:100A4000ECF3AB7BEFF3AC7BE8F3AD7BFDBCAE7BB3
:100A50008EB9AF7B8FB9B07B90B9B17BE4CFB27B5D
:100A600091B9B37B92B9B47BF0F3B57B93B9B67B04
:100A700094B9B77B95B9B87BE7F3B97B96B9BA7BE4
:100A800097B9BB7B98B9BC7B99B9BD7B9AB9BE7B42
:100A90009BB9BF7B9CB9C07B9DB9C17BF2F3C27B84
:100AA0009EB9C37B9FB9C47BA0B9C57B40BAC67B46
:100AB000ADD7C77BAAC6C87B41BAC97B42BACA7B3D
:100AC00043BACB7B44BACC7BF3F3CD7B45BACE7B28
:100AD00046BACF7B47BAD07B48BAD17BF1F3D27B01
:100AE00049BAD37BA8C2D47B4ABAD57B4BBAD67B52
:100AF0004CBAD77B4DBAD87B4EBAD97BDDB8DA7BFE
:100B0000F5F3DB7B4FBADC7B50BADD7BF4F3DE7BA5
:100B100051BADF7B52BAE07B53BAE17BDBB4E27BB4
:100B200054BAE37B55BAE47B56BAE57BF6F3E67B31
:100B3000F7F3E77B57BAE87B58BAE97B59BAEA7B07
:100B4000F8F3EB7B5ABAEC7B5BBAED7B5CBAEE7BDD
:100B5000BAC0EF7B5DBAF07B5EBAF17BE9C0F27B95
:100B60005FBAF37B60BAF47B61BAF57B62BAF67B5D
:100B700063BAF77BF1C5F87B64BAF97B65BAFA7B97
:100B800066BAFB7B67BAFC7BFBF3FD7B68BAFE7B36
:100B9000FAF3FF7B69BA007C6ABA017C6BBA027C0B
:100BA0006CBA037C6DBA047C6EBA057C6FBA067CA5
:100BB00070BA077CD8B4087C71BA097C72BA0A7C16
:100BC00073BA0B7CFEF30C7CF9F30D7C74BA0E7CCB
:100BD00075BA0F7CFCF3107C76BA117C77BA127C64
:100BE00078BA137C79BA147C7ABA157C7BBA167CF5
:100BF000FDF3177C7CBA187C7DBA197C7EBA1A7C0E
:100C000080BA1B7C81BA1C7C82BA1D7C83BA1E7C94
:100C100084BA1F7CA1F4207C85BA217C86BA227C10
:100C200087BA237C88BA247C89BA257C8ABA267C38
:100C3000A3F4277CC9BB287C8BBA297C8CBA2A7C7C
:100C4000A2F42B7C8DBA2C7C8EBA2D7C8FBA2E7C94
:100C500090BA2F7C91BA307C92BA317C93BA327CB4
:100C600094BA337C95BA347C96BA357C97BA367C84
:100C700098BA377C99BA387CA4F4397C9ABA3A7C11
:100C80009BBA3B7C9CBA3C7C9DBA3D7C9EBA3E7C28
:100C90009FBA3F7CBEB2407CA6F4417CA5F4427C66
:100CA000A0BA437C40BB447C41BB457C42BB467CF4
:100CB00043BB477C44BB487C45BB497C46BB4A7C24
:100CC00047BB4B7C48BB4C7C49BB4D7CAEBC4E7C8F
:100CD0004ABB4F7C4BBB507C4CBB517C4DBB527CC8
:100CE0004EBB537C4FBB547C50BB557C51BB567C98
:100CF00052BB577C53BB587C54BB597C55BB5A7C68
:100D000056BB5B7C57BB5C7C58BB5D7C59BB5E7C37
:100D10005ABB5F7C5BBB607C5CBB617C5DBB627C07
:100D20005EBB637C5FBB647C60BB657C61BB667CD7
:100D300062BB677C63BB687C64BB697C65BB6A7CA7
:100D400066BB6B7C67BB6C7C68BB6D7C69BB6E7C77
:100D50006ABB6F7C6BBB707C6CBB717C6DBB727C47
:100D60006EBB737CD7C3747CE1D9757C6FBB767C1A
:100D700070BB777C71BB787C72BB797C73BB7A7CEF
:100D800074BB7B7CE0C07C7CCCF47D7CD1D77E7C4A
:100D900075BB7F7C76BB807C77BB817C78BB827C9B
:100DA00079BB837C7ABB847C7BBB857C7CBB867C6B
:100DB0007DBB877C7EBB887C80BB897CDBB78A7CE3
:100DC00081BB8B7C82BB8C7C83BB8D7C84BB8E7C0B
:100DD00085BB8F7C86BB907C87BB917CCEF4927C5C
:100DE000A3C1937C88BB947C89BB957CC9C6967C47
:100DF0008ABB977CD6B4987CB3D5997C8BBB9A7C04
:100E00008CBB9B7C8DBB9C7CD0F49D7CCFF49E7C6A
:100E1000D1F49F7CDACBA07C8EBBA17C8FBBA27C63
:100E2000D2F4A37C90BBA47CC1D4A57CE0D6A67CE4
:100E300091BBA77C92BBA87C93BBA97C94BBAA7CEA
:100E4000E0B7AB7C95BBAC7C96BBAD7C97BBAE7C76
:100E5000B8C1AF7C98BBB07C99BBB17CBBC1B27C44
:100E6000D3F4B37CACBEB47C9ABBB57C9BBBB67CE4
:100E70009CBBB77C9DBBB87C9EBBB97CE2B4BA7C02
:100E80009FBBBB7CA0BBBC7CD4F4BD7CD5F4BE7C3A
:100E9000ABBEBF7C40BCC07C41BCC17CD6F4C27C34
:100EA00042BCC37C43BCC47C44BCC57CDBF4C67C74
:100EB00045BCC77CD7F4C87CDAF4C97C46BCCA7C84
:100EC000FDBACB7C47BCCC7CD8F4CD7CD9F4CE7CAD
:100ED00048BCCF7C49BCD07C4ABCD17C4BBCD27CCA
:100EE0004CBCD37C4DBCD47C4EBCD57CE2B8D67C0B
:100EF000C7CCD77CDCF4D87C4FBCD97CDAB2DA7CA6
:100F000050BCDB7C51BCDC7CD3C3DD7C52BCDE7CC2
:100F100053BCDF7CE3D4E07CB7BFE17C54BCE27C13
:100F200055BCE37C56BCE47C57BCE57C58BCE67CF5
:100F300059BCE77C5ABCE87CDDF4E97C5BBCEA7C0C
:100F40005CBCEB7C5DBCEC7C5EBCED7C5FBCEE7C99
:100F500060BCEF7CB4C5F07C61BCF17C62BCF27C0F
:100F600063BCF37C64BCF47C65BCF57C66BCF67C3D
:100F700067BCF77C68BCF87CE9F4F97C69BCFA7C56
:100F80006ABCFB7CB5CFFC7C6BBCFD7C6CBCFE7C86
:100F90006DBCFF7C6EBC007D6FBC017D70BC027DB2
:100FA00071BC037D72BC047D73BC057D74BC067D81
:100FB00075BC077D76BC087D77BC097D78BC0A7D51
:100FC000C9CE0B7D79BC0C7D7ABC0D7D7BBC0E7DC2
:100FD0007CBC0F7D7DBC107D7EBC117D80BC127DF4
:100FE00081BC137D82BC147D83BC157D84BC167DC1
:100FF00085BC177D86BC187D87BC197D88BC1A7D91
:1010000089BC1B7D8ABC1C7D8BBC1D7D8CBC1E7D60
:101010008DBC1F7D8EBC207DD8CB217D8FBC227DD9
:10102000F7CB237D90BC247D91BC257D92BC267D91
:1010300093BC277DF4BD287D94BC297D95BC2A7D79
:1010400096BC2B7DCFD72C7D97BC2D7D98BC2E7D5B
:1010500099BC2F7DDBC0307D9ABC317D9BBC327D3D
:101060009CBC337D9DBC347D9EBC357D9FBC367D54
:10107000A0BC377D40BD387D41BD397D42BD3A7D44
:1010800043BD3B7D44BD3C7D45BD3D7D46BD3E7D74
:1010900047BD3F7D48BD407D49BD417D4ABD427D44
:1010A0004BBD437D4CBD447D4DBD457D4EBD467D14
:1010B0004FBD477D50BD487D51BD497D52BD4A7DE4
:1010C00053BD4B7D54BD4C7D55BD4D7D56BD4E7DB4
:1010D00057BD4F7D58BD507D59BD517D5ABD527D84
:1010E0005BBD537D5CBD547D5DBD557D5EBD567D54
:1010F0005FBD577D60BD587D61BD597D62BD5A7D24
:1011000063BD5B7D64BD5C7D65BD5D7D66BD5E7DF3
:1011100067BD5F7D68BD607D69BD617D6ABD627DC3
:101120006BBD637D6CBD647D6DBD657D6EBD667D93
:101130006FBD677D70BD687D71BD697D72BD6A7D63
:1011400073BD6B7D74BD6C7D75BD6D7D76BD6E7D33
:10115000F5D06F7D77BD707D78BD717D79BD727D75
:101160007ABD737D7BBD747D7CBD757D7DBD767DD7
:101170007EBD777DEAF4787D80BD797D81BD7A7D05
:1011800082BD7B7D83BD7C7D84BD7D7D85BD7E7D77
:1011900086BD7F7D87BD807D88BD817D89BD827D47
:1011A0008ABD837D8BBD847D8CBD857D8DBD867D17
:1011B0008EBD877D8FBD887D90BD897D91BD8A7DE7
:1011C00092BD8B7D93BD8C7D94BD8D7D95BD8E7DB7
:1011D00096BD8F7D97BD907D98BD917D99BD927D87
:1011E0009ABD937D9BBD947D9CBD957D9DBD967D57
:1011F0009EBD977D9FBD987DA0BD997D40BE9A7D87
:1012000041BE9B7D42BE9C7D43BE9D7D44BE9E7D76
:1012100045BE9F7D46BEA07D47BEA17D48BEA27D46
:1012200049BEA37D4ABEA47D4BBEA57D4CBEA67D16
:10123000EBF4A77D4DBEA87D4EBEA97D4FBEAA7D15
:1012400050BEAB7D51BEAC7D52BEAD7D53BEAE7DBA
:10125000ECF4AF7D54BEB07D55BEB17D56BEB27DBF
:1012600057BEB37D58BEB47D59BEB57D5ABEB67D5E
:101270005BBEB77D5CBEB87D5DBEB97D5EBEBA7D2E
:101280005FBEBB7D60BEBC7D61BEBD7D62BEBE7DFE
:1012900063BEBF7D64BEC07D65BEC17D66BEC27DCE
:1012A00067BEC37D68BEC47D69BEC57D6ABEC67D9E
:1012B0006BBEC77D6CBEC87D6DBEC97D6EBECA7D6E
:1012C0006FBECB7D70BECC7D71BECD7D72BECE7D3E
:1012D00073BECF7D74BED07D75BED17D76BED27D0E
:1012E00077BED37D78BED47D79BED57D7ABED67DDE
:1012F0007BBED77D7CBED87D7DBED97D7EBEDA7DAE
:1013000080BEDB7D81BEDC7D82BEDD7D83BEDE7D79
:1013100084BEDF7D85BEE07D86BEE17D87BEE27D49
:1013200088BEE37D89BEE47D8ABEE57D8BBEE67D19
:101330008CBEE77D8DBEE87D8EBEE97D8FBEEA7DE9
:1013400090BEEB7D91BEEC7D92BEED7D93BEEE7DB9
:1013500094BEEF7D95BEF07D96BEF17D97BEF27D89
:1013600098BEF37D99BEF47D9ABEF57D9BBEF67D59
:101370009CBEF77D9DBEF87D9EBEF97D9FBEFA7D29
:10138000A0BEFB7D40BFFC7D41BFFD7D42BFFE7D19
:1013900043BFFF7D44BF007E45BF017E46BF027E46
:1013A00047BF037E48BF047E49BF057E4ABF067E15
:1013B0004BBF077E4CBF087E4DBF097E4EBF0A7EE5
:1013C0004FBF0B7E50BF0C7E51BF0D7E52BF0E7EB5
:1013D00053BF0F7E54BF107E55BF117E56BF127E85
:1013E00057BF137E58BF147E59BF157E5ABF167E55
:1013F0005BBF177E5CBF187E5DBF197E5EBF1A7E25
:101400005FBF1B7E60BF1C7E61BF1D7E62BF1E7EF4
:1014100063BF1F7E64BF207E65BF217E66BF227EC4
:1014200067BF237E68BF247E69BF257E6ABF267E94
:101430006BBF277E6CBF287E6DBF297E6EBF2A7E64
:101440006FBF2B7E70BF2C7E71BF2D7E72BF2E7E34
:1014500073BF2F7E74BF307E75BF317E76BF327E04
:1014600077BF337E78BF347E79BF357E7ABF367ED4
:101470007BBF377E7CBF387E7DBF397E7EBF3A7EA4
:1014800080BF3B7EE3F73C7E81BF3D7E82BF3E7ED8
:1014900083BF3F7E84BF407E85BF417EB1B7427E21
:1014A00086BF437E87BF447E88BF457E89BF467E18
:1014B0008ABF477EEDF4487E8BBF497E8CBF4A7E53
:1014C0008DBF4B7E8EBF4C7E8FBF4D7E90BF4E7EBC
:1014D00091BF4F7E92BF507E93BF517E94BF527E8C
:1014E00095BF537E96BF547E97BF557E98BF567E5C
:1014F00099BF577E9ABF587E9BBF597E9CBF5A7E2C
:101500009DBF5B7E9EBF5C7E9FBF5D7EA0BF5E7EFB
:1015100040C05F7E41C0607E42C0617E43C0627E4B
:1015200044C0637E45C0647E46C0657E47C0667E1B
:1015300048C0677E49C0687E4AC0697E4BC06A7EEB
:101540004CC06B7E4DC06C7E4EC06D7E4FC06E7EBB
:1015500050C06F7E51C0707E52C0717E53C0727E8B
:1015600054C0737E55C0747E56C0757E57C0767E5B
:1015700058C0777E59C0787E5AC0797E5BC07A7E2B
:101580005CC07B7E5DC07C7E5EC07D7E5FC07E7EFB
:1015900060C07F7E61C0807E62C0817E63C0827ECB
:1015A000EBD7837E64C0847E65C0857E66C0867E00
:1015B00067C0877E68C0887E69C0897E6AC08A7E6F
:1015C0006BC08B7E6CC08C7E6DC08D7E6EC08E7E3F
:1015D0006FC08F7E70C0907E71C0917E72C0927E0F
:1015E00073C0937E74C0947E75C0957E76C0967EDF
:1015F00077C0977E78C0987E79C0997E7AC09A7EAF
:101600007BC09B7EEEF49C7E7CC09D7E7DC09E7EDA
:101610007EC09F7EF9E6A07EC0BEA17EFAE6A27ED5
:10162000ECBAA37EFBE6A47ECBCFA57EFCE6A67E2D
:10163000BCD4A77EB6BCA87EFDE6A97EFEE6AA7E47
:10164000CDBCAB7ED2C8AC7EB3CEAD7EA1E7AE7EC4
:1016500080C0AF7EBFB4B07EA2E7B17EB4C9B27E17
:10166000D9B8B37EC9C4B47E81C0B57EDDD7B67E9D
:10167000DAC2B77ED7B7B87EBDD6B97EC6CEBA7E3F
:10168000C4B7BB7E82C0BC7E83C0BD7EA6C5BE7E05
:10169000A3E7BF7EDFCFC07EA4E7C17EA5E7C27E01
:1016A000A6E7C37EB7C1C47EE9D7C57EF0C9C67EB2
:1016B000B8CFC77EAFD6C87ED5D6C97EA7E7CA7ECB
:1016C000EDB0CB7EA8E7CC7EA9E7CD7EDCC9CE7E8F
:1016D000EFD2CF7EADBED07EAAE7D17EF3B0D27E70
:1016E000DEC8D37EE1BDD47EABE7D57EC6C8D67E4C
:1016F00084C0D77EACE7D87EE6BBD97EF8B8DA7E68
:10170000A4D1DB7EADE7DC7EE7C2DD7EF8BEDE7E07
:10171000CABDDF7EB3CDE07EAEE7E17EAFE7E27E1D
:10172000EEBEE37EE5D0E47E85C0E57EE7CBE67ED7
:10173000D0CCE77ECCBCE87EB0E7E97EA8BCEA7EF0
:10174000F7D0EB7EB1E7EC7E86C0ED7EF8D0EE7E82
:10175000B2E7EF7EB3E7F07EC2B4F17EB4E7F27E8B
:10176000B5E7F37EFEC9F47EACCEF57EE0C3F67E2F
:10177000B7E7F77EC1B1F87EF1B3F97E87C0FA7E94
:10178000B8E7FB7EB9E7FC7EDBD7FD7EC0D5FE7EE9
:10179000BAE7FF7ECCC2007FBAD7017FBBE7027FEA
:1017A000BCE7037FBDE7047FEABC057FE5C3067F96
:1017B000C2C0077FBEE7087FBFE7097FA9BC0A7FD9
:1017C00088C00B7FC0E70C7FC1E70D7FB6E70E7FB7
:1017D000D0B60F7FC2E7107F89C0117FC3E7127FA9
:1017E000C4E7137FBABB147FDEB5157FC6C2167F70
:1017F000E0B1177FC5E7187FB5D4197FC6E71A7F18
:10180000BFB81B7FC8E71C7FC7E71D7FECB71E7FF3
:101810008AC01F7FC9E7207FF8B2217FCAE7227FF5
:10182000CBE7237FCCE7247FCDE7257FCEE7267F5C
:10183000CFE7277FD0E7287FA7D3297FF5CB2A7F63
:10184000D1E72B7FD2E72C7FD3E72D7FD4E72E7F04
:10185000C9C92F7FD5E7307FD6E7317FD7E7327F01
:10186000D8E7337FD9E7347FC9BD357FDAE7367FE4
:10187000BEF3377F8BC0387FD7B8397F8CC03A7FB3
:10188000B1C83B7F8DC03C7F8EC03D7F8FC03E7F07
:1018900090C03F7F91C0407F92C0417F93C0427F04
:1018A000BFF3437F94C0447FC0F3457FC1F3467FBD
:1018B00095C0477F96C0487F97C0497F98C04A7FB0
:1018C00099C04B7F9AC04C7F9BC04D7F9CC04E7F80
:1018D0009DC04F7F9EC0507FDEB9517FF8CD527FB3
:1018E0009FC0537FA0C0547FE8D8557FB1BA567FC0
:1018F00040C1577FDEC2587FB7EE597F41C15A7F42
:10190000A3B75B7F42C15C7F43C15D7F44C15E7F03
:1019100045C15F7FB9EE607F46C1617FB8EE627FEF
:10192000D5B0637F47C1647F48C1657F49C1667F89
:101930004AC1677F4BC1687FBBEE697FD6D56A7F9E
:10194000EFD76B7F4CC16C7F4DC16D7F4EC16E7FF9
:10195000C3D66F7F4FC1707F50C1717FBDEE727F64
:10196000F0CA737F51C1747FBCEE757F52C1767F20
:1019700053C1777F54C1787F55C1797FBEEE7A7F9E
:1019800056C17B7F57C17C7F58C17D7F59C17E7F07
:10199000C0EE7F7F5AC1807F5BC1817FBFEE827FB7
:1019A0005CC1837F5DC1847F5EC1857F5FC1867FAF
:1019B00060C1877F61C1887F62C1897F63C18A7F7F
:1019C000F2D18B7F64C18C7FBCC78D7F65C18E7F58
:1019D000C0C38F7F66C1907F67C1917F68C1927FCE
:1019E00069C1937F6AC1947FE1B8957F6BC1967F8F
:1019F0006CC1977F6DC1987F6EC1997F6FC19A7FCF
:101A0000E7C19B7F70C19C7F71C19D7FC6F49E7FA3
:101A1000DFD09F7FC7F4A07F72C1A17FDBCFA27F01
:101A200073C1A37F74C1A47FBAC8A57F75C1A67F07
:101A300076C1A77FC8F4A87F77C1A97F78C1AA7FA4
:101A400079C1AB7F7AC1AC7F7BC1AD7F7CC1AE7FFA
:101A50007DC1AF7FC9F4B07FCAF4B17F7EC1B27FD0
:101A6000CBF4B37F80C1B47F81C1B57F82C1B67F23
:101A700083C1B77F84C1B87FFAD9B97FFEB8BA7F76
:101A800085C1BB7F86C1BC7FF1E5BD7FF0D3BE7F42
:101A900087C1BF7FE0F4C07F88C1C17FCCCEC27F49
:101AA00089C1C37F8AC1C47F8BC1C57FE1B3C67FB3
:101AB0008CC1C77F8DC1C87F8EC1C97F8FC1CA7FCE
:101AC000B4F1CB7F90C1CC7FEED2CD7F91C1CE7FE0
:101AD000E1F4CF7F92C1D07F93C1D17F94C1D27FF7
:101AE00095C1D37F96C1D47FE8CFD57FE2F4D67F6E
:101AF00097C1D77F98C1D87FCCC7D97F99C1DA7FEA
:101B00009AC1DB7F9BC1DC7F9CC1DD7F9DC1DE7FF5
:101B10009EC1DF7FD4B5E07FE4B4E17FE4F4E27FEF
:101B20009FC1E37FA0C1E47F40C2E57FE3F4E67F8D
:101B3000E5F4E77F41C2E87F42C2E97FE6F4EA7F4D
:101B400043C2EB7F44C2EC7F45C2ED7F46C2EE7FCD
:101B5000E7F4EF7F47C2F07FB2BAF17FBFB0F27F08
:101B600048C2F37FE8F4F47F49C2F57F4AC2F67FAA
:101B70004BC2F77F4CC2F87F4DC2F97F4EC2FA7F4D
:101B80004FC2FB7FADB7FC7FEDD2FD7F50C2FE7F21
:101B900051C2FF7F52C20080ABD20180CFC0028011
:101BA00053C20380BCBF0480A3EB0580DFD5068051
:101BB000C8EA078054C2088055C2098056C20A800C
:101BC00057C20B80F3F10C80F8B60D80A3CB0E80CA
:101BD00058C20F8059C21080CDC411805AC21280E1
:101BE000E7F113805BC21480E8F11580FBB8168022
:101BF000E9F11780C4BA1880C5D41980D2B01A8010
:101C00005CC21B805DC21C80EAF11D805EC21E802A
:101C10005FC21F8060C22080EBF1218061C2228000
:101C2000ECF1238062C2248063C22580EDF126801E
:101C3000EEF12780EFF12880F1F12980F0F12A8080
:101C4000D5C52B8064C22C8065C22D8066C22E80D3
:101C500067C22F8068C2308069C23180F2F1328061
:101C60006AC23380FAB634806BC23580F4F13680B4
:101C7000AED23780C7DE3880CACB39806CC23A809A
:101C80006DC23B80DCB33C806EC23D80A2B53E801D
:101C90006FC23F80A2B9408070C2418071C2428051
:101CA000F4C44380F5F1448072C2458073C246801B
:101CB000F6F1478074C2488075C2498076C24A8076
:101CC000C4C14B80FBC14C80B0D64D80F7F14E8033
:101CD00077C24F8078C2508079C251807AC25280D8
:101CE000F8F153807BC25480AAC155807CC25680D3
:101CF0007DC257807EC25880B8C6598080C25A8043
:101D0000DBBE5B8081C25C8082C25D8083C25E80FC
:101D100084C25F8085C2608086C2618087C2628023
:101D200088C2638089C264808AC265808BC26680F3
:101D30008CC267808DC268808EC26980F9F16A802A
:101D4000CFB46B808FC26C8090C26D8091C26E8068
:101D500092C26F8093C2708094C27180FAF17280D7
:101D600095C2738096C2748097C2758098C276803F
:101D700099C277809AC278809BC279809CC27A800F
:101D80009DC27B809EC27C809FC27D80A0C27E80DF
:101D900040C37F80B2ED8080B1ED818041C38280FD
:101DA00042C38380E0CB8480DED2858043C38680BB
:101DB000C1CB8780D8D5888044C38980E2C88A8017
:101DC00045C38B80DFC08C80A1BC8D8046C38E80D4
:101DD00047C38F8048C3908049C391804AC3928093
:101DE0004BC39380C1EB94804CC395804DC39680C8
:101DF000A4D097804EC39880E2D699804FC39A8032
:101E0000C7B69B80D8B89C80C0EB9D80CEB89E8022
:101E100050C39F80BFEBA080A6B3A180C9B9A280A8
:101E2000ABD6A38051C3A480F4B7A580CAB7A6805F
:101E300052C3A78053C3A88054C3A980E7BCAA801B
:101E4000BEB7AB80C6EBAC8055C3AD80C7EBAE80F0
:101E5000B9B0AF80CFBFB08056C3B180C5EBB28000
:101E6000FDD3B38057C3B480C8EBB58058C3B680E8
:101E700059C3B780C9EBB8805AC3B9805BC3BA8075
:101E8000CEB7BB805CC3BC80C2EBBD80C4EBBE8060
:101E9000F6C9BF80D7D6C080CDD5C180B2D0C280B0
:101EA000CFEBC380B8CEC480D0EBC5805DC3C68005
:101EB000A8B5C7805EC3C8805FC3C98060C3CA803D
:101EC00061C3CB8062C3CC80B3B1CD80D2EBCE8076
:101ED000A5CCCF8063C3D08064C3D18065C3D280DA
:101EE00066C3D38067C3D48068C3D58069C3D680F6
:101EF000D6C5D780D3EBD8806AC3D980D1EBDA803E
:101F0000DFC5DB80CEEBDC80A4CADD80D5EBDE80D4
:101F1000FBB0DF806BC3E0806CC3E180FABAE28083
:101F20006DC3E3806EC3E480B7D8E580E3F1E6805B
:101F30006FC3E780CAEBE880CBEBE980CCEBEA80AB
:101F4000CDEBEB80D6EBEC80C0E6ED80D9EBEE80FC
:101F500070C3EF80E8BFF080C8D2F180D7EBF28089
:101F6000DCEBF380ECB8F480D8EBF58071C3F6803D
:101F7000BABDF78072C3F880D8D0F98073C3FA80F5
:101F8000B7B0FB8074C3FC80DDEBFD80DCC4FE8059
:101F900075C3FF8076C3008177C3018178C3028156
:101FA000ACD6038179C304817AC305817BC30681E2
:101FB000E0B407817CC308817DC30981F6C20A8130
:101FC000B9BC0B817EC30C8180C30D81DAEB0E811D
:101FD000DBEB0F81E0D41081EAC61181D4C41281F9
:101FE000DFEB1381A7C51481F5D9158181C3168153
:101FF000B1B2178182C31881E4EB198183C31A81BE
:10200000C5BD1B8184C31C8185C31D8186C31E8100
:10201000E2EB1F8187C3208188C3218189C322818C
:102020008AC323818BC324818CC325818DC32681E0
:102030008EC327818FC3288190C3298191C32A81B0
:1020400092C32B8193C32C81E3EB2D8194C32E810A
:1020500095C32F81ACB8308196C33181D1CD328107
:10206000E5EB338197C3348198C3358199C33681B9
:10207000E1EB37819AC33881B3C139819BC33A817F
:102080009CC33B819DC33C819EC33D819FC33E81D8
:10209000A2C63F81A0C3408140C4418141C4428166
:1020A00042C4438143C4448144C4458145C44681FC
:1020B000F3CC478146C44881E6EB498147C44A8155
:1020C000B0C04B81B8D24C81E7EB4D8148C44E8102
:1020D00049C44F814AC45081AFB85181ADB85281D3
:1020E0004BC45381E8EB5481BBC75581F3CD568176
:1020F0004CC457814DC458814EC45981EAEB5A8172
:10210000EBEB5B814FC45C8150C45D8151C45E8147
:1021100052C45F8153C46081EDEB618154C462811C
:1021200055C4638156C4648157C46581C8D0668133
:1021300058C46781F2EB688159C46981EEEB6A810A
:102140005AC46B815BC46C815CC46D81F1EB6E81A0
:10215000F9C86F815DC47081FCD17181ECEB728133
:102160005EC473815FC47481E9EB758160C476815C
:1021700061C4778162C4788163C47981B9B87A8196
:10218000D9CF7B81E5C47C81EFEB7D81F0EB7E8153
:10219000DACC7F81C8CD8081F2B0818164C4828134
:1021A000F6EB838165C4848166C4858167C48681BA
:1021B00068C4878169C48881F5EB89816AC48A8192
:1021C000B2B28B816BC48C816CC48D816DC48E81E5
:1021D0006EC48F81E0B890816FC49181F7EB9281DA
:1021E00070C4938171C4948172C4958173C49681C3
:1021F00074C4978175C49881ECB1998176C49A8131
:1022000077C49B81C5CC9C81A4C49D81A5CF9E81B0
:1022100078C49F8179C4A0817AC4A1817BC4A28142
:102220007CC4A381F9EBA4817DC4A5817EC4A68171
:10223000A2ECA78180C4A881F2C5A98181C4AA812A
:10224000FAEBAB8182C4AC8183C4AD8184C4AE811E
:1022500085C4AF8186C4B08187C4B18188C4B2818E
:1022600089C4B381C5C9B4818AC4B5818BC4B68120
:102270008CC4B7818DC4B8818EC4B9818FC4BA8132
:10228000DFE2BB81FEEBBC8190C4BD8191C4BE8105
:1022900092C4BF8193C4C081CECDC181A1ECC28163
:1022A000DBB1C381B7D3C48194C4C58195C4C68151
:1022B000DCD2C78196C4C88197C4C98198C4CA8139
:1022C000FDEBCB8199C4CC81FBEBCD819AC4CE814F
:1022D0009BC4CF819CC4D0819DC4D1819EC4D28136
:1022E0009FC4D381A0C4D48140C5D58141C5D681C6
:1022F00042C5D78143C5D88144C5D98145C5DA8156
:1023000046C5DB8147C5DC8148C5DD8149C5DE8125
:102310004AC5DF814BC5E0814CC5E1814DC5E281F5
:102320004EC5E381BCB3E4814FC5E58150C5E6816C
:1023300051C5E781B0EAE88152C5E98153C5EA8118
:10234000D4D7EB8154C5EC81ABF4ED81F4B3EE81CD
:1023500055C5EF8156C5F08157C5F18158C5F28149
:1023600059C5F381C1D6F481C2D6F5815AC5F6812B
:102370005BC5F7815CC5F8815DC5F9815EC5FA81F1
:102380005FC5FB81E9D5FC81CABEFD8160C5FE81C8
:10239000A7F4FF8161C50082A8D20182A8F402825D
:1023A000A9F4038262C50482AAF40582CBBE068228
:1023B000DFD3078263C5088264C5098265C50A82C6
:1023C00066C50B8267C50C82E0C90D82E1C90E8229
:1023D00068C50F8269C51082C2F311826AC5128274
:1023E000E6CA13826BC51482F2CC15826CC51682C4
:1023F0006DC517826EC518826FC5198270C51A82A5
:1024000071C51B82B6E21C82B4CB1D8272C51E82CE
:10241000E8CE1F82DBD6208273C52182ADF42282F2
:10242000AEF42382AFF4248274C5258275C526825A
:1024300076C5278277C52882B2F4298278C52A8298
:10244000BDBA2B82B3F42C82E3B02D82B0F42E827D
:1024500079C52F82B1F43082A2BD3182D5B23282E9
:102460007AC53382B6F43482B7F43582E6B6368262
:10247000B0B23782CFCF3882B4F43982ACB43A826A
:102480007BC53B82B5F43C827CC53D827DC53E82E6
:10249000B8F43F827EC5408280C5418281C54282B8
:1024A00082C5438283C54482B9F4458284C546828D
:1024B00085C54782A7CD488286C54982BAF44A823B
:1024C00087C54B82BBF44C8288C54D8289C54E823C
:1024D0008AC54F82BCF450828BC551828CC5528212
:1024E0008DC553828EC554828FC5558290C5568244
:1024F00091C5578292C55882D2CB598293C55A82D0
:10250000BDF45B8294C55C8295C55D8296C55E8292
:1025100097C55F82BEF4608298C5618299C5628268
:102520009AC563829BC564829CC565829DC566828F
:102530009EC567829FC56882BFF46982A0C56A8212
:1025400040C66B8241C66C8242C66D8243C66E82B3
:10255000DEF46F82BCC17082E8BC718244C67282B4
:10256000ABC97382DED17482F5E5758245C6768289
:1025700046C6778247C6788248C67982B3DC7A82BB
:10258000D5D27B8249C67C824AC67D82B4DC7E82FB
:10259000ACB07F82B5DC80824BC681824CC6828221
:1025A000DABD83824DC68482B9DC85824EC68682BE
:1025B0004FC6878250C68882C2D8898251C68A8215
:1025C000B7DC8B82F3D38C8252C68D82D6C98E82C1
:1025D000BADC8F82B6DC908253C69182BBDC9282D9
:1025E000A2C3938254C6948255C6958256C69682DB
:1025F00057C69782BCDC9882C5DC9982BDDC9A8282
:1026000058C69B8259C69C82DFCE9D82A5D69E82EB
:102610005AC69F82CFDCA0825BC6A182CDDCA2829B
:102620005CC6A3825DC6A482D2DCA582E6BDA6827A
:10263000ABC2A7825EC6A882B8DCA982CBDCAA8224
:10264000CEDCAB82BEDCAC82D2B7AD82C5B0AE828E
:10265000C7DCAF82BED0B082C1DCB182A8BBB2827F
:102660005FC6B382BCB7B482CCDCB58260C6B6822A
:1026700061C6B782C6DCB882BFDCB982DBC7BA826A
:1026800062C6BB8263C6BC8264C6BD82BFD1BE8245
:10269000C0DCBF8265C6C08266C6C182CADCC28297
:1026A00067C6C38268C6C482D0DCC58269C6C682DA
:1026B0006AC6C782ADCEC882C2DCC9826BC6CA8276
:1026C000C3DCCB82C8DCCC82C9DCCD82D4B2CE8262
:1026D000D1DCCF82D5CBD0826CC6D182B7D4D282A6
:1026E000DBDCD382DFDCD482A6CCD582E6DCD682EA
:1026F0006DC6D782E7C3D882DCDCD9826EC6DA82A7
:102700006FC6DB82C1BFDC82D9DCDD8270C6DE82AF
:10271000FAB0DF82B6B9E082E5DCE182D3DCE282A6
:1027200071C6E382C4DCE482D6DCE582F4C8E682CA
:10273000E0BFE78272C6E88273C6E98274C6EA82A5
:1027400075C6EB82BBC9EC8276C6ED8277C6EE8297
:1027500078C6EF82BDB1F08279C6F182A2D3F2824F
:102760007AC6F3827BC6F482DADCF5827CC6F68216
:102770007DC6F782D5DCF8827EC6F982BBC6FA82B6
:1027800080C6FB82DEDCFC8281C6FD8282C6FE82C0
:1027900083C6FF8284C6008385C60183C2D70283B5
:1027A000AFC30383B6B70483D1C70583A9C3068328
:1027B000E2DC0783D8DC0883EBDC0983D4DC0A8302
:1027C00086C60B8387C60C83DDDC0D8388C60E832B
:1027D000A5BE0F83D7DC108389C61183E0DC12838A
:1027E0008AC613838BC61483E3DC1583E4DC16836B
:1027F0008CC61783F8DC18838DC619838EC61A839E
:10280000E1DC1B83A2DD1C83E7DC1D838FC61E83F6
:1028100090C61F8391C6208392C6218393C62283CC
:1028200094C6238395C6248396C6258397C626839C
:1028300098C62783EBBC2883C4B4298399C62A830E
:102840009AC62B83A3C32C83E7B22D83FADC2E8395
:102850009BC62F83F2DC30839CC63183EFDC32834E
:102860009DC63383FCDC3483EEDC3583F0D23683C3
:10287000E8B237839EC63883D7C83983E3C83A8322
:10288000FBDC3B839FC63C83EDDC3D83A0C63E83DF
:1028900040C73F8341C74083F7DC418342C742833F
:1028A00043C74383F5DC448344C7458345C7468318
:1028B000A3BE4783F4DC488346C74983DDB24A831D
:1028C00047C74B8348C74C8349C74D834AC74E838C
:1028D0004BC74F83F3DC5083F6BC5183E8DC528353
:1028E000C4BB53834CC75483F3C055834DC7568331
:1028F0004EC757834FC7588350C7598351C75A8310
:10290000D4BC5B83E9DC5C83EADC5D8352C75E8315
:10291000F1DC5F83F6DC6083F9DC6183B4B562834C
:1029200053C76383D9C86483E7BB6583FEDC6683D2
:10293000FDDC6783ABD36883A1DD6983A3DD6A8394
:10294000A5DD6B83F1D26C83A4DD6D83A6DD6E8380
:10295000A7DD6F83A9D2708354C7718355C7728373
:1029600056C7738357C7748358C7758359C776830F
:102970005AC77783C9BA7883A9DD79835BC77A831D
:102980005CC77B83B6DD7C83B1DD7D83B4DD7E8374
:102990005DC77F835EC780835FC7818360C7828393
:1029A00061C7838362C7848363C78583B0DD868301
:1029B000CEC6878364C7888365C78983F2C08A834C
:1029C00066C78B8367C78C8368C78D8369C78E830F
:1029D000AFC98F836AC790836BC791836CC792839B
:1029E000ECDC9383AEDD94836DC795836EC79683CD
:1029F0006FC7978370C79883B7DD998371C79A8330
:102A000072C79B83F0DC9C83AFDD9D8373C79E837D
:102A1000B8DD9F8374C7A083ACDDA18375C7A28393
:102A200076C7A38377C7A48378C7A58379C7A6830E
:102A30007AC7A7837BC7A883B9DDA983B3DDAA833F
:102A4000ADDDAB83AAC4AC837CC7AD837DC7AE8349
:102A50007EC7AF8380C7B083A8DDB183B3C0B28324
:102A6000ABC1B383AADDB483ABDDB58381C7B683C5
:102A7000B2DDB783F1BBB883B5DDB983A8D3BA8320
:102A8000BADDBB8382C7BC83BBDDBD83A7C3BE8366
:102A900083C7BF8384C7C083D2DDC183BCDDC2834B
:102AA00085C7C38386C7C48387C7C583D1DDC68373
:102AB00088C7C783BDB9C88389C7C9838AC7CA8382
:102AC000D5BECB838BC7CC83FABECD838CC7CE83D8
:102AD0008DC7CF83CABAD0838EC7D1838FC7D28325
:102AE00090C7D38391C7D483CADDD58392C7D683D9
:102AF000C5DDD78393C7D883BFDDD98394C7DA8375
:102B000095C7DB8396C7DC83CBB2DD83C3DDDE8371
:102B100097C7DF83CBDDE083A4B2E183D5DDE28319
:102B200098C7E38399C7E4839AC7E583BEDDE6834C
:102B30009BC7E7839CC7E8839DC7E983D0C6EA8328
:102B4000D0DDEB839EC7EC839FC7ED83A0C7EE83E8
:102B500040C8EF8341C8F083D4DDF183E2C1F28342
:102B6000C6B7F38342C8F48343C8F58344C8F683E9
:102B700045C8F78346C8F883CEDDF983CFDDFA83F5
:102B800047C8FB8348C8FC8349C8FD83C4DDFE8376
:102B90004AC8FF834BC800844CC80184BDDD028451
:102BA0004DC80384CDDD0484D1CC05844EC8068491
:102BB000C9DD07844FC8088450C8098451C80A84F5
:102BC00052C80B84C2DD0C84C8C30D84BCC60E84FD
:102BD000AECE0F84CCDD108453C81184C8DD1284BE
:102BE00054C8138455C8148456C8158457C816840D
:102BF00058C8178459C81884C1DD19845AC81A8462
:102C00005BC81B845CC81C84C6DD1D84DCC21E84BA
:102C10005DC81F845EC820845FC8218460C8228488
:102C200061C8238462C82484A9D32584AAD32684B6
:102C3000D3DD2784F4CF2884F8C8298463C82A8484
:102C400064C82B8465C82C8466C82D8467C82E840C
:102C500068C82F8469C830846AC83184E6DD32844C
:102C60006BC833846CC834846DC835846EC83684B0
:102C70006FC8378470C83884C7DD398471C83A8416
:102C800072C83B8473C83C84E0DD3D84E4C23E846A
:102C900074C83F8475C8408476C8418477C842842C
:102CA00078C8438479C844847AC845847BC84684FC
:102CB000E1DD47847CC848847DC849847EC84A8455
:102CC00080C84B8481C84C8482C84D8483C84E849C
:102CD00084C84F8485C8508486C85184D7DD528407
:102CE00087C8538488C8548489C855848AC8568440
:102CF0008BC85784F8D658848CC85984D9DD5A8437
:102D0000D8DD5B84F0B85C84D6DD5D848DC85E84DC
:102D10008EC85F848FC8608490C86184CFC6628487
:102D200091C86384ADB6648492C8658493C8668490
:102D300094C8678495C8688496C86984E2DD6A840B
:102D400097C86B84F9BA6C84E1D46D84E7DD6E8436
:102D500098C86F8499C870849AC87184D0B47284FA
:102D60009BC87384DADD74849CC87584FBBF768449
:102D7000E3DD77849DC87884DFDD79849EC87A841A
:102D8000DDDD7B849FC87C84A0C87D8440C97E84AF
:102D900041C97F8442C9808443C9818444C98284F3
:102DA000D9B5838445C9848446C9858447C9868446
:102DB00048C98784DBDD8884DCDD8984DEDD8A84A4
:102DC00049C98B84AFBD8C84E4DD8D844AC98E846F
:102DD000E5DD8F844BC990844CC991844DC99284A0
:102DE0004EC993844FC9948450C9958451C996841F
:102DF00052C99784F5DD988453C99984C9C39A84CC
:102E000054C99B8455C99C84E2CB9D8456C99E8439
:102E100057C99F8458C9A08459C9A184F2DDA284EE
:102E20005AC9A3845BC9A4845CC9A5845DC9A6846E
:102E30005EC9A7845FC9A88460C9A98461C9AA843E
:102E400062C9AB8463C9AC8464C9AD8465C9AE840E
:102E500066C9AF84E1D8B08467C9B18468C9B28457
:102E6000D1C6B38469C9B484F4DDB5846AC9B684B3
:102E70006BC9B7846CC9B884F4D5B984F3DDBA845E
:102E8000F0DDBB846DC9BC846EC9BD84ECDDBE843D
:102E90006FC9BF84EFDDC08470C9C184E8DDC2841E
:102EA00071C9C38472C9C484EED0C58473C9C68491
:102EB00074C9C78475C9C88476C9C984D8C8CA8486
:102EC000EEDDCB8477C9CC8478C9CD84E9DDCE84AE
:102ED00079C9CF847AC9D084EADDD184F2CBD28497
:102EE0007BC9D384EDDDD4847CC9D5847DC9D684E7
:102EF000CDB1D7847EC9D88480C9D98481C9DA8408
:102F000082C9DB8483C9DC8484C9DD84B6C0DE84E5
:102F100085C9DF84BBBCE084F1DDE18486C9E2843D
:102F200087C9E384F7DDE48488C9E584F6DDE684B7
:102F3000EBDDE78489C9E8848AC9E9848BC9EA841E
:102F40008CC9EB848DC9EC84EEC5ED848EC9EE840A
:102F50008FC9EF8490C9F084FBDDF18491C9F284BC
:102F600092C9F38493C9F48494C9F58495C9F6840D
:102F700096C9F78497C9F88498C9F98499C9FA84DD
:102F80009AC9FB849BC9FC84A4DEFD849CC9FE8491
:102F90009DC9FF84A3DE00859EC901859FC9028566
:102FA000A0C9038540CA048541CA058542CA068571
:102FB00043CA078544CA088545CA098546CA0A85A1
:102FC00047CA0B8548CA0C85F8DD0D8549CA0E85B0
:102FD0004ACA0F854BCA10854CCA1185EFC31285AA
:102FE0004DCA1385FBC214854ECA15854FCA168576
:102FF00050CA1785E1D5188551CA198552CA1A8554
:10300000B5CE1B8553CA1C8554CA1D8555CA1E855D
:1030100056CA1F85FDDD208557CA2185CCB2228581
:1030200058CA238559CA24855ACA25855BCA26856C
:103030005CCA27855DCA28855ECA29855FCA2A853C
:1030400060CA2B85E8C42C85DFCA2D8561CA2E8510
:1030500062CA2F8563CA308564CA318565CA3285E4
:1030600066CA338567CA348568CA358569CA3685B4
:103070006ACA3785BEC73885FADD3985FCDD3A85F1
:10308000FEDD3B85A2DE3C85AAB03D85CEB13E8506
:103090006BCA3F856CCA40856DCA41856ECA428540
:1030A0006FCA4385ACDE448570CA458571CA4685C2
:1030B00072CA478573CA4885A6DE4985B6BD4A856A
:1030C000EFC84B8574CA4C8575CA4D8576CA4E8546
:1030D00077CA4F8578CA508579CA51857ACA528590
:1030E0007BCA53857CCA54857DCA55857ECA568560
:1030F000A1DE578580CA588581CA5985A5DE5A85C3
:1031000082CA5B8583CA5C8584CA5D8585CA5E8503
:10311000A9DE5F8586CA608587CA618588CA62859F
:1031200089CA63858ACA6485A8DE65858BCA668577
:103130008CCA67858DCA6885A7DE69858ECA6A854F
:103140008FCA6B8590CA6C8591CA6D8592CA6E854F
:1031500093CA6F8594CA708595CA718596CA72851F
:10316000ADDE738597CA7485CCD4758598CA76858B
:1031700099CA77859ACA78859BCA7985B3DE7A859C
:10318000AADE7B85AEDE7C859CCA7D859DCA7E8558
:10319000D9C07F859ECA80859FCA8185A0CA828545
:1031A00040CB838541CB8485A1B18585B6DE8685FC
:1031B00042CB8785B1DE888543CB898544CB8A8520
:1031C00045CB8B8546CB8C8547CB8D8548CB8E8573
:1031D00049CB8F85B2DE90854ACB91854BCB9285CA
:1031E0004CCB93854DCB94854ECB95854FCB968517
:1031F00050CB978551CB988552CB998553CB9A85E7
:1032000054CB9B85A6D19C85B5DE9D8555CB9E85EF
:1032100056CB9F8557CBA08558CBA18559CBA2858E
:103220005ACBA3855BCBA485AFDEA5855CCBA685F9
:103230005DCBA7855ECBA885B0DEA9855FCBAA85CF
:10324000BDD0AB8560CBAC8561CBAD8562CBAE85A7
:10325000B4DEAF85EDCAB085B9DEB18563CBB2858A
:1032600064CBB38565CBB48566CBB58567CBB685B6
:1032700068CBB785B8DEB88569CBB985B7DEBA85C6
:103280006ACBBB856BCBBC856CCBBD856DCBBE855E
:103290006ECBBF856FCBC08570CBC185BBDEC285D1
:1032A00071CBC38572CBC48573CBC58574CBC68502
:1032B00075CBC78576CBC88577CBC985E5BDCA8573
:1032C00078CBCB8579CBCC857ACBCD857BCBCE85A6
:1032D0007CCBCF85D8B2D085EAC3D1857DCBD285D2
:1032E0007ECBD385BADED48580CBD585BAC5D685CD
:1032F00081CBD78582CBD88583CBD98584CBDA8522
:1033000085CBDB8586CBDC85BCDEDD8587CBDE85AA
:1033100088CBDF8589CBE0858ACBE1858BCBE285C5
:103320008CCBE3858DCBE485D9CCE5858ECBE6854A
:103330008FCBE78590CBE88591CBE985AAB7EA8565
:1033400092CBEB8593CBEC8594CBED8595CBEE853D
:1033500096CBEF8597CBF08598CBF18599CBF2850D
:103360009ACBF3859BCBF4859CCBF5859DCBF685DD
:103370009ECBF7859FCBF885A0CBF98540CCFA850D
:1033800041CCFB85E5D4FC8542CCFD8543CCFE8554
:1033900044CCFF85BDDE008645CC018646CC028646
:1033A00047CC038648CC048649CC0586BFDE06861A
:1033B0004ACC07864BCC08864CCC09864DCC0A8675
:1033C0004ECC0B864FCC0C8650CC0D8651CC0E8645
:1033D00052CC0F8653CC108654CC1186A2C41286D0
:1033E00055CC138656CC148657CC158658CC1686E9
:1033F000C1DE178659CC18865ACC19865BCC1A8642
:103400005CCC1B865DCC1C865ECC1D865FCC1E868C
:1034100060CC1F8661CC208662CC218663CC22865C
:1034200064CC238665CC248666CC258667CC26862C
:1034300068CC2786BEDE288669CC2986C0DE2A862F
:103440006ACC2B866BCC2C866CCC2D866DCC2E86D4
:103450006ECC2F866FCC308670CC318671CC3286A4
:1034600072CC338673CC348674CC358675CC368674
:1034700076CC378677CC3886BAD5398678CC3A86FA
:1034800079CC3B867ACC3C86C2DE3D867BCC3E86C0
:103490007CCC3F867DCC40867ECC418680CC4286EB
:1034A00081CC438682CC448683CC458684CC4686B8
:1034B00085CC478686CC488687CC498688CC4A8688
:1034C00089CC4B868ACC4C868BCC4D86AEF24E8610
:1034D000A2BB4F86B2C25086B0C55186C7C25286C3
:1034E0008CCC53868DCC5486AFF255868ECC5686C6
:1034F0008FCC578690CC588691CC598692CC5A86E0
:10350000E9D05B8693CC5C8694CC5D8695CC5E8658
:10351000DDD35F8696CC608697CC618698CC628638
:10352000BDEB638699CC64869ACC65869BCC668617
:103530009CCC67869DCC68869ECC69869FCC6A862B
:10354000A0CC6B86E6B36C86B0F26D8640CD6E86FD
:10355000B1F26F8641CD708642CD7186ADCA72865A
:1035600043CD738644CD748645CD758646CD76862B
:1035700047CD778648CD788649CD7986E7BA7A8671
:10358000B3F27B86B5F27C86B4F27D86E4CB7E8690
:10359000BACF7F86B2F28086B4CA8186CFD28286C5
:1035A000ECC283864ACD84864BCD85864CCD8686FB
:1035B0004DCD87864ECD88864FCD898650CD8A8663
:1035C000C3CE8B86B8F28C86F6B08D86B7F28E8627
:1035D00051CD8F8652CD908653CD918654CD928613
:1035E00055CD9386BEF2948656CD9586CFB29686FB
:1035F00057CD978658CD988659CD99865ACD9A86BB
:103600005BCD9B865CCD9C86C1D19D86BAF29E86A1
:103610005DCD9F865ECDA0865FCDA18660CDA28662
:1036200061CDA386BCF2A486E9D4A58662CDA68628
:1036300063CDA786BBF2A886B6F2A986BFF2AA869A
:10364000BDF2AB8664CDAC86B9F2AD8665CDAE86F3
:1036500066CDAF86C7F2B086C4F2B186C6F2B28636
:1036600067CDB38668CDB486CAF2B586C2F2B68697
:10367000C0F2B78669CDB8866ACDB9866BCDBA86F9
:10368000C5F2BB866CCDBC866DCDBD866ECDBE86CB
:103690006FCDBF8670CDC086FBD6C18671CDC28688
:1036A00072CDC38673CDC486C1F2C58674CDC6867D
:1036B000F9C7C786DFC9C88675CDC986C8F2CA866C
:1036C000C6B9CB86B0B5CC8676CDCD8677CDCE8645
:1036D000C3F2CF86C9F2D086D0F2D186D6F2D28696
:1036E00078CDD38679CDD486D7BBD5867ACDD6860C
:1036F0007BCDD7867CCDD886D5F2D986DCCDDA864F
:103700007DCDDB86EBD6DC867ECDDD8680CDDE868C
:10371000D2F2DF86D4F2E08681CDE18682CDE286E8
:1037200083CDE38684CDE486F2B8E58685CDE68652
:1037300086CDE78687CDE88688CDE986CBF2EA8616
:1037400089CDEB868ACDEC868BCDED86CEF2EE86EA
:10375000F9C2EF868CCDF086DDD5F186CCF2F2860B
:10376000CDF2F386CFF2F486D3F2F5868DCDF686D0
:103770008ECDF7868FCDF886D9F2F986BCD3FA863E
:1037800090CDFB8691CDFC8692CDFD8693CDFE86B5
:10379000EAB6FF8694CD0087F1CA018795CD0287EE
:1037A000E4B70387D7F2048796CD058797CD0687C0
:1037B00098CD0787D8F20887DAF20987DDF20A8701
:1037C000DBF20B8799CD0C879ACD0D87DCF20E8743
:1037D0009BCD0F879CCD10879DCD11879ECD1287E5
:1037E000D1D11387D1F214879FCD1587C9CD168704
:1037F000A0CD1787CFCE1887A9D6198740CE1A87B4
:10380000E3F21B8741CE1C87DBC31D8742CE1E8798
:10381000E0F21F8743CE208744CE2187AFC02287A6
:10382000ECF22387DEF2248745CE2587E1F2268756
:1038300046CE278747CE288748CE2987E8F22A87B1
:1038400049CE2B874ACE2C874BCE2D874CCE2E8748
:10385000E2F22F874DCE30874ECE3187E7F23287A6
:103860004FCE338750CE3487E6F2358751CE368738
:1038700052CE3787E9F2388753CE398754CE3A870C
:1038800055CE3B87DFF23C8756CE3D8757CE3E87ED
:10389000E4F23F87EAF2408758CE418759CE42870B
:1038A0005ACE43875BCE44875CCE45875DCE468744
:1038B0005ECE4787ACD34887E5F24987F5B24A87A1
:1038C0005FCE4B8760CE4C87F2F24D8761CE4E873C
:1038D000ABD04F8762CE508763CE518764CE52877C
:1038E00065CE5387F5F2548766CE558767CE5687E7
:1038F00068CE5787C8BB588769CE5987F9F25A876F
:103900006ACE5B876BCE5C876CCE5D876DCE5E8743
:103910006ECE5F876FCE6087F0F2618770CE628770
:1039200071CE6387F6F26487F8F26587FAF26687EC
:1039300072CE678773CE688774CE698775CE6A87C3
:1039400076CE6B8777CE6C8778CE6D8779CE6E8793
:10395000F3F26F877ACE7087F1F271877BCE728730
:103960007CCE73877DCE7487FBBA75877ECE7687D3
:10397000FBB5778780CE788781CE798782CE7A87AC
:1039800083CE7B87EFF27C87F7F27D87EDF27E872F
:10399000EEF27F8784CE808785CE818786CE828730
:1039A000EBF28387A6F3848787CE8587A3F3868788
:1039B00088CE878789CE8887A2F389878ACE8A872F
:1039C0008BCE8B87F4F28C878CCE8D87DAC88E876E
:1039D0008DCE8F878ECE90878FCE918790CE928717
:1039E00091CE9387FBF2948792CE958793CE96875C
:1039F00094CE9787A5F3988795CE998796CE9A8788
:103A000097CE9B8798CE9C8799CE9D879ACE9E878E
:103A10009BCE9F87F8C3A0879CCEA1879DCEA2870F
:103A20009ECEA3879FCEA487A0CEA58740CFA68792
:103A300041CFA78742CFA887FDF2A98743CFAA87A6
:103A400044CFAB87A7F3AC87A9F3AD87A4F3AE87C8
:103A500045CFAF87FCF2B08746CFB18747CFB2875B
:103A600048CFB387ABF3B48749CFB587AAF3B687FE
:103A70004ACFB7874BCFB8874CCFB9874DCFBA87DE
:103A8000DDC2BB874ECFBC874FCFBD87AEF3BE87AD
:103A900050CFBF8751CFC087B0F3C18752CFC28705
:103AA00053CFC38754CFC48755CFC58756CFC6875A
:103AB000A1F3C78757CFC88758CFC98759CFCA87BF
:103AC000B1F3CB87ACF3CC875ACFCD875BCFCE8712
:103AD0005CCFCF875DCFD0875ECFD187AFF3D28762
:103AE000FEF2D387ADF3D4875FCFD58760CFD6877B
:103AF00061CFD78762CFD88763CFD98764CFDA8782
:103B000065CFDB87B2F3DC8766CFDD8767CFDE87E3
:103B100068CFDF8769CFE087B4F3E1876ACFE287B8
:103B20006BCFE3876CCFE4876DCFE587A8F3E6879B
:103B30006ECFE7876FCFE88770CFE98771CFEA87CD
:103B4000B3F3EB8772CFEC8773CFED8774CFEE873B
:103B5000B5F3EF8775CFF08776CFF18777CFF28710
:103B600078CFF38779CFF4877ACFF5877BCFF68745
:103B70007CCFF7877DCFF8877ECFF987B7D0FA87DC
:103B800080CFFB8781CFFC8782CFFD8783CFFE87E5
:103B9000B8F3FF8784CF008885CF018886CF02885D
:103BA00087CF0388F9D9048888CF058889CF06880C
:103BB0008ACF07888BCF08888CCF09888DCF0A8859
:103BC000B9F30B888ECF0C888FCF0D8890CF0E88DD
:103BD00091CF0F8892CF108893CF118894CF1288FD
:103BE00095CF1388B7F3148896CF1588E4C8168844
:103BF000B6F3178897CF188898CF198899CF1A8865
:103C00009ACF1B88BAF31C889BCF1D889CCF1E8837
:103C10009DCF1F889ECF20889FCF2188BBF322880D
:103C2000C0B42388A0CF248840D0258841D02688DE
:103C300042D0278843D0288844D0298845D02A8874
:103C400046D02B8847D02C8848D02D8849D02E8844
:103C50004AD02F884BD030884CD031884DD0328814
:103C6000C3EE33884ED034884FD0358850D0368854
:103C700051D0378852D0388853D03988BCF33A882D
:103C800054D03B8855D03C88BDF33D8856D03E8803
:103C900057D03F8858D04088AAD1418859D042880F
:103CA0005AD043885BD04488ACF44588C6D0468857
:103CB0005CD047885DD048885ED049885FD04A880C
:103CC00060D04B8861D04C88D0D04D88DCD14E88F4
:103CD00062D04F8863D0508864D0518865D05288B4
:103CE00066D0538867D05488CECF558868D0568820
:103CF00069D05788D6BD58886AD05988C3D15A88A8
:103D00006BD05B886CD05C886DD05D886ED05E882F
:103D10006FD05F8870D0608871D06188E2BA6288A5
:103D2000E9E16388C2D26488C2F16588B9B2668865
:103D300072D0678873D06888EDB16988C3F16A88EA
:103D400074D06B88C0C96C88C4B36D8875D06E8818
:103D5000F2D96F8876D07088A5CB718877D07288B9
:103D6000C4F1738878D0748879D075887AD07688D1
:103D70007BD07788D4D678887CD079887DD07A88B3
:103D80007ED07B8880D07C8881D07D88C5F17E887C
:103D9000C0F47F88C6F1808882D08188ACD48288C4
:103DA000C7F1838883D08488C0B08588C1F48688B1
:103DB00084D0878885D08888C2F4898886D08A880C
:103DC00087D08B88FCB48C8888D08D88DBC58E88A2
:103DD00089D08F888AD090888BD091888CD0928817
:103DE000BBCC93888DD094888ED095888FD09688C0
:103DF000E4D0978890D0988891D0998892D09A886A
:103E000093D09B8894D09C88E0CD9D8895D09E8847
:103E100096D09F8897D0A08898D0A18899D0A28862
:103E2000C8F1A3889AD0A488F3D9A5889BD0A68886
:103E30009CD0A7889DD0A8889ED0A9889FD0AA880A
:103E4000A0D0AB88BBB1AC8840D1AD88AECFAE8836
:103E500041D1AF8842D1B08843D1B188A4B8B288EB
:103E600044D1B38845D1B48846D1B58847D1B68806
:103E700048D1B788CAF1B88849D1B9884AD1BA8837
:103E80004BD1BB884CD1BC88CBF1BD884DD1BE880D
:103E90004ED1BF884FD1C08850D1C188C3B2C2882B
:103EA000D1C1C38851D1C48852D1C588B0D7C68882
:103EB000C9F1C78853D1C88854D1C988CCF1CA8800
:103EC00055D1CB8856D1CC8857D1CD8858D1CE8802
:103ED000CEF1CF8859D1D0885AD1D1885BD1D28840
:103EE000F6D9D3885CD1D488E1D2D588A3D4D6883A
:103EF0005DD1D7885ED1D888C3F4D988B9C8DA88AB
:103F00005FD1DB8860D1DC8861D1DD8862D1DE8859
:103F100063D1DF88C4F4E08864D1E18865D1E288A8
:103F2000CDF1E388CFF1E488E3BFE588D0F1E688FE
:103F300066D1E78867D1E888D4F1E98868D1EA8852
:103F400069D1EB886AD1EC886BD1ED886CD1EE88B1
:103F50006DD1EF886ED1F088D6F1F188D1F1F28879
:103F60006FD1F388D1C9F488E1C5F58870D1F6889E
:103F700071D1F78872D1F888E3C2F988FCB9FA8860
:103F800073D1FB8874D1FC88D3F1FD8875D1FE888C
:103F9000D5F1FF8876D1008977D1018978D102895E
:103FA000D3B9038979D104897AD105897BD106896E
:103FB0007CD107897DD108897ED1098980D10A8980
:103FC000DBF10B8981D10C8982D10D8983D10E89D6
:103FD00084D10F8985D11089D6BA118986D11289E9
:103FE000FDB01389D9F1148987D1158988D1168933
:103FF00089D117898AD118898BD11989D8F11A8961
:10400000D2F11B89DAF11C898CD11D898DD11E89D1
:104010008ED11F898FD1208990D12189D7F1228912
:1040200091D1238992D1248993D12589ECC82689FD
:1040300094D1278995D1288996D1298997D12A8920
:10404000CACD2B89DDF12C8998D12D8999D12E8962
:104050009AD12F899BD13089BDE531899CD1328994
:104060009DD133899ED13489DCF135899FD1368940
:10407000DEF13789A0D1388940D2398941D23A89D5
:1040800042D23B8943D23C8944D23D8945D23E89C4
:1040900046D23F8947D2408948D24189DFF14289DF
:1040A00049D243894AD24489E5CF45894BD24689D2
:1040B0004CD247894DD248894ED249894FD24A893C
:1040C00050D24B8951D24C8952D24D8953D24E890C
:1040D00054D24F8955D2508956D2518957D25289DC
:1040E00058D2538959D254895AD255895BD25689AC
:1040F0005CD257895DD258895ED259895FD25A897C
:1041000060D25B8961D25C8962D25D8963D25E894B
:10411000C5F45F89F3BD608964D2618965D2628923
:1041200066D2638967D2648968D2658969D26689F3
:10413000E0F167896AD268896BD269896CD26A8931
:104140006DD26B896ED26C896FD26D8970D26E8997
:1041500071D26F8972D2708973D2718974D2728967
:1041600075D2738976D2748977D2758978D2768937
:1041700079D277897AD278897BD279897CD27A8907
:104180007DD27B89E1F17C897ED27D8980D27E8956
:1041900081D27F89F7CE808982D28189AAD2828911
:1041A00083D28389FBF1848984D2858985D28689EB
:1041B000B2B8878986D2888987D2898988D28A8944
:1041C00089D28B898AD28C898BD28D898CD28E8927
:1041D0008DD28F898ED290898FD2918990D29289F7
:1041E00091D2938992D2948993D2958994D29689C7
:1041F00095D2978996D2988997D2998998D29A8997
:1042000099D29B899AD29C899BD29D899CD29E8966
:104210009DD29F899ED2A0899FD2A189A0D2A28936
:1042200040D3A38941D3A48942D3A58943D3A68986
:1042300044D3A78945D3A88946D3A98947D3AA8956
:1042400048D3AB8949D3AC894AD3AD894BD3AE8926
:104250004CD3AF894DD3B0894ED3B1894FD3B289F6
:1042600050D3B38951D3B48952D3B58953D3B689C6
:1042700054D3B78955D3B88956D3B98957D3BA8996
:1042800058D3BB8959D3BC895AD3BD895BD3BE8966
:104290005CD3BF895DD3C0895ED3C189FBBCC289B1
:1042A000DBB9C3895FD3C489E6B9C589D9C3C689D7
:1042B000D3CAC789E8EAC889C0C0C989F5BECA8916
:1042C000E9EACB89EAEACC89EBEACD8960D3CE89E9
:1042D000ECEACF89EDEAD089EEEAD189EFEAD2891A
:1042E000C7BDD38961D3D48962D3D58963D3D68935
:1042F000FBF5D78964D3D88965D3D98966D3DA89A0
:10430000FDF5DB8967D3DC89FEF5DD8968D3DE89BD
:10431000FCF5DF8969D3E0896AD3E1896BD3E2894F
:104320006CD3E389E2BDE4896DD3E589A1F6E68922
:10433000A5B4E7896ED3E8896FD3E98970D3EA8998
:1043400071D3EB89A2F6EC8972D3ED8973D3EE8930
:1043500074D3EF89A3F6F08975D3F18976D3F28906
:1043600077D3F389B2ECF48978D3F58979D3F689D8
:104370007AD3F7897BD3F8897CD3F9897DD3FA89FD
:104380007ED3FB8980D3FC8981D3FD8982D3FE89CA
:1043900083D3FF8984D3008AD4D1018A85D3028A4A
:1043A00086D3038A87D3048A88D3058A89D3068A69
:1043B0008AD3078AEAD9088A8BD3098A8CD30A8AD6
:1043C0008DD30B8A8ED30C8A8FD30D8A90D30E8A0D
:1043D00091D30F8A92D3108A93D3118A94D3128ADD
:1043E00095D3138A96D3148A97D3158A98D3168AAD
:1043F00099D3178A9AD3188A9BD3198A9CD31A8A7D
:104400009DD31B8A9ED31C8A9FD31D8AA0D31E8A4C
:1044100040D41F8A41D4208A42D4218A43D4228A9C
:1044200044D4238A45D4248A46D4258A47D4268A6C
:1044300048D4278A49D4288A4AD4298A4BD42A8A3C
:104440004CD42B8A4DD42C8A4ED42D8A4FD42E8A0C
:1044500050D42F8A51D4308A52D4318A53D4328ADC
:1044600054D4338A55D4348A56D4358A57D4368AAC
:1044700058D4378A59D4388A5AD4398A5BD43A8A7C
:104480005CD43B8A5DD43C8A5ED43D8A5FD43E8A4C
:10449000A4F63F8A60D4408A61D4418A62D4428AB9
:1044A00063D4438A64D4448A65D4458A66D4468AF0
:1044B00067D4478A68D4488ABAEE498A69D44A8A56
:1044C0006AD44B8A6BD44C8A6CD44D8A6DD44E8A94
:1044D0006ED44F8A6FD4508A70D4518A71D4528A64
:1044E00072D4538A73D4548A74D4558A75D4568A34
:1044F00076D4578A77D4588A78D4598A79D45A8A04
:104500007AD45B8A7BD45C8A7CD45D8A7DD45E8AD3
:104510007ED45F8A80D4608A81D4618A82D4628AA0
:1045200083D4638A84D4648A85D4658A86D4668A6F
:1045300087D4678A88D4688A89D4698A8AD46A8A3F
:104540008BD46B8A8CD46C8A8DD46D8A8ED46E8A0F
:104550008FD46F8A90D4708A91D4718A92D4728ADF
:1045600093D4738A94D4748A95D4758A96D4768AAF
:1045700097D4778A98D4788A99D4798AB2D57A8A66
:104580009AD47B8A9BD47C8A9CD47D8A9DD47E8A53
:104590009ED47F8A9FD4808AA0D4818A40D5828A83
:1045A00041D5838A42D5848A43D5858A44D5868A73
:1045B00045D5878A46D5888A47D5898AFED38A8A8F
:1045C000DCCC8B8A48D58C8A49D58D8A4AD58E8A8F
:1045D0004BD58F8A4CD5908A4DD5918A4ED5928AEB
:1045E0004FD5938AC4CA948A50D5958A51D5968A54
:1045F00052D5978A53D5988A54D5998A55D59A8A8F
:1046000056D59B8A57D59C8A58D59D8A59D59E8A5E
:104610005AD59F8A5BD5A08A5CD5A18A5DD5A28A2E
:104620005ED5A38A5FD5A48A60D5A58A61D5A68AFE
:1046300062D5A78A63D5A88A64D5A98A65D5AA8ACE
:1046400066D5AB8A67D5AC8A68D5AD8A69D5AE8A9E
:104650006AD5AF8A6BD5B08A6CD5B18A6DD5B28A6E
:104660006ED5B38A6FD5B48A70D5B58A71D5B68A3E
:1046700072D5B78A73D5B88A74D5B98A75D5BA8A0E
:1046800076D5BB8A77D5BC8A78D5BD8A79D5BE8ADE
:104690007AD5BF8A7BD5C08A7CD5C18A7DD5C28AAE
:1046A0007ED5C38A80D5C48A81D5C58A82D5C68A7B
:1046B00083D5C78A84D5C88A85D5C98A86D5CA8A4A
:1046C00087D5CB8A88D5CC8A89D5CD8A8AD5CE8A1A
:1046D0008BD5CF8A8CD5D08A8DD5D18A8ED5D28AEA
:1046E0008FD5D38A90D5D48A91D5D58A92D5D68ABA
:1046F00093D5D78A94D5D88A95D5D98A96D5DA8A8A
:1047000097D5DB8A98D5DC8A99D5DD8A9AD5DE8A59
:104710009BD5DF8A9CD5E08A9DD5E18A9ED5E28A29
:104720009FD5E38AA0D5E48A40D6E58A41D6E68AB9
:1047300042D6E78A43D6E88A44D6E98A45D6EA8A49
:1047400046D6EB8A47D6EC8A48D6ED8A49D6EE8A19
:104750004AD6EF8A4BD6F08A4CD6F18A4DD6F28AE9
:104760004ED6F38A4FD6F48A50D6F58A51D6F68AB9
:1047700052D6F78A53D6F88A54D6F98A55D6FA8A89
:1047800056D6FB8A57D6FC8A58D6FD8A59D6FE8A59
:104790005AD6FF8A5BD6008B5CD6018B5DD6028B26
:1047A0005ED6038B5FD6048B60D6058B61D6068BF5
:1047B00062D6078BC0E5088B63D6098B64D60A8B5B
:1047C00065D60B8B66D60C8B67D60D8B68D60E8B99
:1047D00069D60F8B6AD6108B6BD6118B6CD6128B69
:1047E0006DD6138B6ED6148B6FD6158B70D6168B39
:1047F00071D6178B72D6188B73D6198B74D61A8B09
:1048000075D61B8B76D61C8B77D61D8B78D61E8BD8
:1048100079D61F8B7AD6208B7BD6218B7CD6228BA8
:104820007DD6238B7ED6248B80D6258B81D6268B76
:10483000A5F6278B82D6288B83D6298B84D62A8B04
:1048400085D62B8B86D62C8B87D62D8B88D62E8B18
:1048500089D62F8B8AD6308B8BD6318B8CD6328BE8
:104860008DD6338B8ED6348B8FD6358B90D6368BB8
:1048700091D6378B92D6388B93D6398B94D63A8B88
:1048800095D63B8B96D63C8B97D63D8B98D63E8B58
:1048900099D63F8B9AD6408B9BD6418B9CD6428B28
:1048A0009DD6438B9ED6448B9FD6458BA0D6468BF8
:1048B00040D7478B41D7488B42D7498B43D74A8B48
:1048C00044D74B8B45D74C8B46D74D8B47D74E8B18
:1048D00048D74F8B49D7508B4AD7518B4BD7528BE8
:1048E0004CD7538B4DD7548B4ED7558B4FD7568BB8
:1048F00050D7578B51D7588B52D7598B53D75A8B88
:1049000054D75B8B55D75C8B56D75D8B57D75E8B57
:1049100058D75F8B59D7608B5AD7618B5BD7628B27
:104920005CD7638B5DD7648B5ED7658B5FD7668BF7
:10493000AFBE678B60D7688B61D7698B62D76A8B94
:1049400063D76B8B64D76C8BA9C66D8B65D76E8B69
:1049500066D76F8B67D7708B68D7718B69D7728B6F
:104960006AD7738B6BD7748B6CD7758B6DD7768B3F
:104970006ED7778B6FD7788B70D7798B71D77A8B0F
:1049800072D77B8B73D77C8B74D77D8B75D77E8BDF
:1049900076D77F8B77D7808B78D7818B79D7828BAF
:1049A0007AD7838B7BD7848B7CD7858B7DD7868B7F
:1049B0007ED7878B80D7888B81D7898B82D78A8B4C
:1049C00083D78B8B84D78C8B85D78D8B86D78E8B1B
:1049D00087D78F8B88D7908B89D7918B8AD7928BEB
:1049E0008BD7938B8CD7948B8DD7958B8ED7968BBB
:1049F0008FD7978B90D7988B91D7998B92D79A8B8B
:104A000093D79B8B94D79C8B95D79D8B96D79E8B5A
:104A100097D79F8B98D7A08BA5DAA18BC6BCA28B0A
:104A2000A9B6A38BBCB8A48BCFC8A58BA5BCA68BFD
:104A3000A6DAA78BA7DAA88BD6CCA98BC3C8AA8B7A
:104A4000A8DAAB8BFDC6AC8B99D7AD8BB5D1AE8B4D
:104A5000E9D2AF8BB6D1B08BC7BCB18B9AD7B28B32
:104A6000B2BDB38BE4BBB48BA9DAB58BAADAB68B33
:104A7000C8D1B78BABDAB88BEDD0B98BEFB6BA8BA8
:104A8000DBC2BB8B9BD7BC8BCFCBBD8BEDB7BE8BBB
:104A9000E8C9BF8BC3B7C08BF7BEC18BA4D6C28B8E
:104AA000ACDAC38BADDAC48BC0C6C58BE7D7C68B77
:104AB000B6CAC78B9CD7C88BA9D5C98BDFCBCA8B8D
:104AC000EFD5CB8BAEDACC8BDFD6CD8BCAB4CE8B09
:104AD000B0DACF8BAFDAD08B9DD7D18BEBD2D28B24
:104AE000B1DAD38BB2DAD48BB3DAD58BD4CAD68B06
:104AF000B4DAD78BABCAD88BB5DAD98BB6DADA8B06
:104B0000CFB3DB8BEFD6DC8BB7DADD8BB0BBDE8BC4
:104B1000AEB5DF8BB8DAE08BB9DAE18BEEB9E28BB8
:104B2000AFD1E38BE8D2E48BBADAE58BC3B8E68B7E
:104B3000EACFE78BEFB2E88BBBDAE98BBCDAEA8B22
:104B40009ED7EB8BEBBDEC8BDCCEED8BEFD3EE8BFE
:104B5000BDDAEF8BF3CEF08BBEDAF18BD5D3F28BCF
:104B6000E5BBF38BBFDAF48BB5CBF58BD0CBF68BF3
:104B7000C0DAF78BEBC7F88BEED6F98BC1DAFA8B7C
:104B8000B5C5FB8BC1B6FC8BC2DAFD8BCCB7FE8BF7
:104B9000CEBFFF8BC3DA008CC4DA018CADCB028CA4
:104BA000C5DA038CF7B5048CC6DA058CC2C1068C55
:104BB000BBD7078CC7DA088CB8CC098C9FD70A8C76
:104BC000EAD20B8CB1C40C8CC8DA0D8CFDB50E8CFE
:104BD000D1BB0F8CC9DA108CB3D0118CCADA128C0D
:104BE000CBDA138CBDCE148CCCDA158CCDDA168CC6
:104BF000CEDA178CF7B2188CD1DA198CCFDA1A8C7E
:104C0000E8D11B8CD0DA1C8CD5C31D8CD2DA1E8C5B
:104C1000A0D71F8CD3DA208CD4DA218CD5DA228C61
:104C2000BBD0238CA5D2248CF9B0258CD6DA268C67
:104C3000ABC7278CD7DA288CF7BD298CA1C32A8C67
:104C4000D8DA2B8CD9DA2C8CFDC32D8CB7CC2E8CDA
:104C5000DADA2F8CDBDA308CBEC0318CD7C6328CDE
:104C6000DCDA338CDDDA348CB4C7358CDEDA368CA2
:104C7000DFDA378CC8B9388C40D8398C41D83A8CB7
:104C800042D83B8C43D83C8C44D83D8C45D83E8C94
:104C900046D83F8C47D8408C48D8418CEDBB428CDD
:104CA00049D8438C4AD8448C4BD8458C4CD8468C38
:104CB000B9B6478CF8F4488C4DD8498CF9F44A8C35
:104CC0004ED84B8C4FD84C8CE3CD4D8C50D84E8C5D
:104CD00051D84F8C52D8508C53D8518C54D8528CB8
:104CE00055D8538C56D8548C57D8558CB9F5568C0A
:104CF00058D8578C59D8588C5AD8598C5BD85A8C5C
:104D0000E0EB5B8C5CD85C8C5DD85D8C5ED85E8C97
:104D10005FD85F8C60D8608C61D8618CF3CF628C77
:104D2000BFBB638C62D8648C63D8658C64D8668C96
:104D300065D8678C66D8688C67D8698C68D86A8CA7
:104D4000C0BA6B8CA5D46C8C69D86D8C6AD86E8C0B
:104D50006BD86F8C6CD8708C6DD8718C6ED8728C4F
:104D60006FD8738CD9E1748C70D8758C71D8768CAF
:104D700072D8778C73D8788CF4F5798CAAB17A8C48
:104D8000F2B27B8C74D87C8C75D87D8C76D87E8C76
:104D900077D87F8C78D8808C79D8818C7AD8828C9F
:104DA000F5F5838C7BD8848C7CD8858CF7F5868C44
:104DB0007DD8878C7ED8888C80D8898CD1BA8A8C13
:104DC000F6F58B8C81D88C8CB2C38D8C82D88E8C6E
:104DD00083D88F8C84D8908C85D8918C86D8928CEF
:104DE00087D8938C88D8948CF9F5958C89D8968C33
:104DF0008AD8978C8BD8988CF8F5998C8CD89A8C0B
:104E00008DD89B8C8ED89C8C8FD89D8C90D89E8C66
:104E100091D89F8C92D8A08C93D8A18C94D8A28C36
:104E200095D8A38C96D8A48C97D8A58C98D8A68C06
:104E300099D8A78C9AD8A88C9BD8A98C9CD8AA8CD6
:104E40009DD8AB8C9ED8AC8C9FD8AD8CA0D8AE8CA6
:104E500040D9AF8C41D9B08C42D9B18C43D9B28CF6
:104E600044D9B38C45D9B48C46D9B58C47D9B68CC6
:104E700048D9B78C49D9B88C4AD9B98C4BD9BA8C96
:104E80004CD9BB8C4DD9BC8C4ED9BD8C4FD9BE8C66
:104E900050D9BF8C51D9C08C52D9C18C53D9C28C36
:104EA00054D9C38C55D9C48C56D9C58C57D9C68C06
:104EB00058D9C78C59D9C88C5AD9C98C5BD9CA8CD6
:104EC0005CD9CB8C5DD9CC8C5ED9CD8C5FD9CE8CA6
:104ED00060D9CF8C61D9D08C62D9D18C63D9D28C76
:104EE00064D9D38C65D9D48C66D9D58C67D9D68C46
:104EF00068D9D78C69D9D88C6AD9D98C6BD9DA8C16
:104F00006CD9DB8C6DD9DC8C6ED9DD8C6FD9DE8CE5
:104F100070D9DF8C71D9E08C72D9E18C73D9E28CB5
:104F200074D9E38C75D9E48C76D9E58C77D9E68C85
:104F300078D9E78C79D9E88C7AD9E98C7BD9EA8C55
:104F40007CD9EB8C7DD9EC8C7ED9ED8C80D9EE8C24
:104F500081D9EF8C82D9F08C83D9F18C84D9F28CF1
:104F600085D9F38C86D9F48C87D9F58C88D9F68CC1
:104F700089D9F78C8AD9F88C8BD9F98C8CD9FA8C91
:104F80008DD9FB8C8ED9FC8C8FD9FD8C90D9FE8C61
:104F900091D9FF8C92D9008D93D9018D94D9028D2E
:104FA00095D9038D96D9048D97D9058D98D9068DFD
:104FB00099D9078D9AD9088D9BD9098D9CD90A8DCD
:104FC0009DD90B8D9ED90C8D9FD90D8DA0D90E8D9D
:104FD00040DA0F8D41DA108D42DA118D43DA128DED
:104FE00044DA138D45DA148D46DA158D47DA168DBD
:104FF00048DA178D49DA188D4ADA198D4BDA1A8D8D
:105000004CDA1B8D4DDA1C8D4EDA1D8DB4B11E8D20
:10501000EAD51F8DBAB8208D4FDA218DB1B9228D16
:10502000C6B2238DF0D4248DCDCF258DDCB0268D56
:10503000CBD5278DF5BB288DCAD6298DB7B72A8D3C
:10504000B0CC2B8DB6C62C8DE1B12D8DBAB92E8D7D
:10505000FCD62F8DE1B9308DA1B7318DFABC328DE0
:10506000DAEA338DDBEA348DF9CC358DF3B9368D40
:10507000DCEA378DFBB4388DB3C3398DD1B73A8DA7
:10508000D8BA3B8DDDEA3C8DF4D43D8DDEEA3E8D11
:10509000D6BC3F8DDFBB408DDFEA418DDEC1428D46
:1050A000B8C2438DDFD4448DCAD7458DE0EA468D22
:1050B000E1EA478DE4EA488DE2EA498DE3EA4A8D68
:1050C000DEC94B8DB3B84C8DC4B64D8DE5EA4E8D1F
:1050D000EACA4F8DCDC9508DCDB4518D50DA528D65
:1050E00051DA538DD9E2548DE2C5558DE6EA568DDD
:1050F000B5C0578D52DA588DB8D7598DE7EA5A8D19
:10510000ACD75B8DFCC85C8DD3D85D8DCDD85E8D62
:10511000DED45F8D53DA608DF9D4618DC4C9628DA0
:10512000AED3638DD3B8648DE0B3658D54DA668DEC
:10513000E2C9678DF6F4688D55DA698D56DA6A8DA5
:1051400057DA6B8DD5BA6C8D58DA6D8DF7F46E8D9C
:1051500059DA6F8D5ADA708DDFD7718D5BDA728D07
:105160005CDA738DF1F4748DB0B8758DD4D5768D0D
:10517000CFB8778DF0C6788D5DDA798D5EDA7A8D6D
:105180005FDA7B8D60DA7C8D61DA7D8D62DA7E8D0F
:1051900063DA7F8D64DA808D65DA818DC3B3828DA9
:1051A00066DA838D67DA848DF2F4858DACB3868DF3
:1051B00068DA878D69DA888D6ADA898D6BDA8A8D8B
:1051C000BDD48B8DF7C78C8D6CDA8D8D6DDA8E8D9D
:1051D0006EDA8F8D6FDA908D70DA918DF4F4928D96
:1051E00071DA938D72DA948DF3F4958D73DA968D6E
:1051F00074DA978D75DA988D76DA998D77DA9A8DDB
:1052000078DA9B8D79DA9C8D7ADA9D8D7BDA9E8DAA
:105210007CDA9F8DCBCCA08D7DDAA18D7EDAA28D3C
:1052200080DAA38DA4C8A48D81DAA58D82DAA68D3B
:1052300083DAA78D84DAA88D85DAA98D86DAAA8D1E
:1052400087DAAB8D88DAAC8D89DAAD8D8ADAAE8DEE
:105250008BDAAF8D8CDAB08D8DDAB18DF5F4B28D3D
:105260008EDAB38DE3D7B48DBFC5B58DC0F5B68DDD
:105270008FDAB78D90DAB88DBBF5B98D91DABA8D2A
:10528000C3F5BB8D92DABC8DC2F5BD8D93DABE8DB0
:10529000BAD6BF8DC1F5C08D94DAC18D95DAC28DB5
:1052A00096DAC38DBED4C48DC4F5C58D97DAC68D8C
:1052B000CCF5C78D98DAC88D99DAC98D9ADACA8D7E
:1052C0009BDACB8DCFB0CC8DF8B5CD8D9CDACE8D61
:1052D000C9F5CF8DCAF5D08D9DDAD18DDCC5D28DC3
:1052E0009EDAD38D9FDAD48DA0DAD58D40DBD68DB2
:1052F000C5F5D78DC6F5D88D41DBD98D42DBDA8D6A
:10530000C7F5DB8DCBF5DC8D43DBDD8DE0BEDE8DBF
:10531000C8F5DF8DFAB8E08D44DBE18D45DBE28D29
:1053200046DBE38DD0F5E48DD3F5E58D47DBE68DE7
:1053300048DBE78D49DBE88DE7BFE98D4ADBEA8D85
:10534000F2B9EB8DBCF5EC8DCDF5ED8D4BDBEE8D33
:105350004CDBEF8DB7C2F08D4DDBF18D4EDBF28D66
:105360004FDBF38DF8CCF48D50DBF58DF9BCF68D69
:1053700051DBF78DCEF5F88DCFF5F98DD1F5FA8D9E
:10538000E5B6FB8DD2F5FC8D52DBFD8DD5F5FE8D9E
:1053900053DBFF8D54DB008E55DB018E56DB028E16
:1053A00057DB038E58DB048E59DB058EBDF5068E68
:1053B0005ADB078E5BDB088E5CDB098ED4F50A8E28
:1053C000BBD30B8E5DDB0C8EECB30D8E5EDB0E8ED5
:1053D0005FDB0F8EA4CC108E60DB118E61DB128E32
:1053E00062DB138E63DB148ED6F5158E64DB168EAE
:1053F00065DB178E66DB188E67DB198E68DB1A8E0D
:1054000069DB1B8E6ADB1C8E6BDB1D8ED7F51E8E57
:10541000E1BE1F8ED8F5208E6CDB218E6DDB228ED7
:10542000DFCC238EDBF5248E6EDB258E6FDB268EA4
:1054300070DB278E71DB288E72DB298EC8B22A8E34
:10544000D9D72B8E73DB2C8ED9F52D8E74DB2E8E57
:10545000DAF52F8EDCF5308E75DB318EE2F5328E8B
:1054600076DB338E77DB348E78DB358EE0F5368E67
:1054700079DB378E7ADB388E7BDB398EDFF53A8E3F
:10548000DDF53B8E7CDB3C8E7DDB3D8EE1F53E8E9B
:105490007EDB3F8E80DB408EDEF5418EE4F5428E72
:1054A000E5F5438E81DB448EE3CC458E82DB468E70
:1054B00083DB478EBFE5488EB8B5498EE3F54A8E4B
:1054C000E8F54B8EA3CC4C8E84DB4D8E85DB4E8E67
:1054D00086DB4F8E87DB508E88DB518EE6F5528E51
:1054E000E7F5538E89DB548E8ADB558E8BDB568E27
:1054F0008CDB578E8DDB588E8EDB598EBEF55A8E27
:105500008FDB5B8E90DB5C8E91DB5D8E92DB5E8E43
:1055100093DB5F8E94DB608E95DB618E96DB628E13
:1055200097DB638E98DB648E99DB658E9ADB668EE3
:10553000C4B1678E9BDB688E9CDB698EBFF56A8E7B
:105540009DDB6B8E9EDB6C8EC5B56D8EE4B26E8E70
:105550009FDB6F8EECF5708EE9F5718EA0DB728E9D
:10556000D7B6738E40DC748EEDF5758E41DC768E89
:10557000EAF5778E42DC788E43DC798E44DC7A8ED5
:1055800045DC7B8E46DC7C8EEBF57D8E47DC7E8EAB
:1055900048DC7F8EDAB4808E49DC818EEAD4828E3C
:1055A0004ADC838E4BDC848E4CDC858EEEF5868E59
:1055B0004DDC878EF9B3888E4EDC898E4FDC8A8E67
:1055C00050DC8B8E51DC8C8E52DC8D8E53DC8E8EBB
:1055D00054DC8F8EEFF5908EF1F5918E55DC928E26
:1055E00056DC938E57DC948EF0F5958E58DC968EB3
:1055F00059DC978E5ADC988E5BDC998E5CDC9A8E37
:105600005DDC9B8E5EDC9C8EF2F59D8E5FDC9E8E5B
:10561000F3F59F8E60DCA08E61DCA18E62DCA28E31
:1056200063DCA38E64DCA48E65DCA58E66DCA68EAE
:1056300067DCA78E68DCA88E69DCA98E6ADCAA8E7E
:105640006BDCAB8EEDC9AC8EAAB9AD8E6CDCAE8EC8
:105650006DDCAF8EFBC7B08E6EDCB18E6FDCB28EB0
:10566000E3B6B38E70DCB48E71DCB58E72DCB68EB0
:1056700073DCB78E74DCB88E75DCB98E76DCBA8ECE
:10568000C9CCBB8E77DCBC8E78DCBD8E79DCBE8E5F
:105690007ADCBF8E7BDCC08E7CDCC18E7DDCC28E72
:1056A0007EDCC38E80DCC48E81DCC58E82DCC68E3F
:1056B00083DCC78E84DCC88E85DCC98E86DCCA8E0E
:1056C00087DCCB8E88DCCC8E89DCCD8E8ADCCE8EDE
:1056D000A6EACF8E8BDCD08E8CDCD18E8DDCD28E88
:1056E0008EDCD38E8FDCD48E90DCD58E91DCD68E82
:1056F00092DCD78E93DCD88E94DCD98E95DCDA8E52
:1057000096DCDB8E97DCDC8E98DCDD8E99DCDE8E21
:105710009ADCDF8E9BDCE08E9CDCE18E9DDCE28EF1
:105720009EDCE38E9FDCE48EA0DCE58E40DDE68E21
:1057300041DDE78E42DDE88E43DDE98E44DDEA8E11
:1057400045DDEB8E46DDEC8E47DDED8E48DDEE8EE1
:1057500049DDEF8E4ADDF08E4BDDF18E4CDDF28EB1
:105760004DDDF38E4EDDF48E4FDDF58E50DDF68E81
:1057700051DDF78E52DDF88E53DDF98E54DDFA8E51
:1057800055DDFB8E56DDFC8E57DDFD8E58DDFE8E21
:1057900059DDFF8E5ADD008F5BDD018F5CDD028FEE
:1057A0005DDD038F5EDD048F5FDD058F60DD068FBD
:1057B00061DD078F62DD088F63DD098F64DD0A8F8D
:1057C00065DD0B8F66DD0C8F67DD0D8F68DD0E8F5D
:1057D00069DD0F8F6ADD108F6BDD118F6CDD128F2D
:1057E0006DDD138F6EDD148F6FDD158F70DD168FFD
:1057F00071DD178F72DD188F73DD198F74DD1A8FCD
:1058000075DD1B8F76DD1C8F77DD1D8F78DD1E8F9C
:1058100079DD1F8F7ADD208F7BDD218F7CDD228F6C
:105820007DDD238F7EDD248F80DD258F81DD268F3A
:1058300082DD278F83DD288F84DD298F85DD2A8F08
:1058400086DD2B8F87DD2C8F88DD2D8F89DD2E8FD8
:105850008ADD2F8F8BDD308F8CDD318F8DDD328FA8
:105860008EDD338F8FDD348F90DD358F91DD368F78
:1058700092DD378F93DD388F94DD398F95DD3A8F48
:1058800096DD3B8F97DD3C8F98DD3D8F99DD3E8F18
:105890009ADD3F8F9BDD408F9CDD418F9DDD428FE8
:1058A0009EDD438F9FDD448FA0DD458F40DE468F18
:1058B00041DE478F42DE488F43DE498F44DE4A8F08
:1058C00045DE4B8F46DE4C8F47DE4D8F48DE4E8FD8
:1058D00049DE4F8F4ADE508F4BDE518F4CDE528FA8
:1058E0004DDE538F4EDE548F4FDE558F50DE568F78
:1058F00051DE578F52DE588F53DE598F54DE5A8F48
:1059000055DE5B8F56DE5C8F57DE5D8F58DE5E8F17
:1059100059DE5F8F5ADE608F5BDE618F5CDE628FE7
:105920005DDE638F5EDE648F5FDE658F60DE668FB7
:10593000B5B3678FFED4688FECB9698FF9D06A8FE1
:1059400061DE6B8FEDE96C8FAAD76D8FEEE96E8FFC
:10595000D6C26F8FEDC8708FE4BA718FEFE9728F86
:10596000F0E9738FF1E9748FE1D6758FF2E9768FE4
:10597000F3E9778FF5E9788FF4E9798FF6E97A8F93
:10598000F7E97B8FE1C77C8FF8E97D8FD8D47E8FD4
:10599000F9E97F8FCEBD808F62DE818FFAE9828F39
:1059A000FBE9838FCFBD848FFCE9858FA8B8868FF4
:1059B000BEC1878FFDE9888FB2B1898FD4BB8A8F32
:1059C000F5B98B8FFEE98C8F63DE8D8FA1EA8E8F08
:1059D000A2EA8F8FA3EA908FF8B7918FADBC928F18
:1059E00064DE938FE4CA948FCEE0958FAFD4968F08
:1059F000BDCF978FB7D5988FA4EA998FDED59A8FB0
:105A0000A5EA9B8FC1D09C8FBCB99D8F65DE9E8F10
:105A1000C7B49F8FD9B1A08F66DEA18F67DEA28F3A
:105A200068DEA38FB1C0A48F69DEA58F6ADEA68F62
:105A30006BDEA78F6CDEA88FE6B1A98FE7B1AA8FC6
:105A40006DDEAB8FE8B1AC8F6EDEAD8F6FDEAE8FEB
:105A500070DEAF8F71DEB08FBDB3B18FE8C8B28F8B
:105A600072DEB38F73DEB48F74DEB58F75DEB68FE2
:105A7000C1E5B78F76DEB88F77DEB98FDFB1BA8F29
:105A800078DEBB8F79DEBC8F7ADEBD8FC9C1BE8F59
:105A9000EFB4BF8F7BDEC08F7CDEC18FA8C7C28F03
:105AA000D8D3C38F7DDEC48FF9C6C58FB8D1C68F5A
:105AB0007EDEC78FFDB9C88FF5C2C98F80DECA8F61
:105AC00081DECB8F82DECC8F83DECD8F84DECE8FE6
:105AD000ADD3CF8F85DED08FCBD4D18FFCBDD28F0D
:105AE00086DED38FC2E5D48FB5B7D58FC3E5D68F09
:105AF00087DED78F88DED88FB9BBD98FE2D5DA8F12
:105B000089DEDB8FF8BDDC8FB6D4DD8FA5CEDE8FCE
:105B1000ACC1DF8FD9B3E08F8ADEE18F8BDEE28FFD
:105B2000F6CCE38F8CDEE48FC6E5E58FC4E5E68F27
:105B3000C8E5E78F8DDEE88FCAE5E98FC7E5EA8F14
:105B4000CFB5EB8FC8C6EC8F8EDEED8FFCB5EE8F38
:105B5000C5E5EF8F8FDEF08FF6CAF18F90DEF28F02
:105B600091DEF38FC9E5F48F92DEF58F93DEF68F29
:105B700094DEF78FD4C3F88FC5B1F98FA3BCFA8F29
:105B800095DEFB8F96DEFC8F97DEFD8FB7D7FE8FFD
:105B900098DEFF8F99DE0090CBCD0190CDCB0290A7
:105BA000CACA0390D3CC0490CCE50590CBE506900F
:105BB000E6C407909ADE08909BDE0990A1D10A9076
:105BC000B7D10B90CDE50C909CDE0D90D0E50E90FA
:105BD0009DDE0F90B8CD1090F0D61190CFE51290C9
:105BE000DDB513909EDE1490BECD15909FDE16900D
:105BF000D1E51790BAB61890A0DE199040DF1A9040
:105C0000A8CD1B90E4B91C9041DF1D90C5CA1E9021
:105C1000D1B31F90D9CB2090ECD42190D2E5229023
:105C2000EAB7239042DF249043DF259044DF26909B
:105C3000CEE5279045DF289046DF299047DF2A9060
:105C400048DF2B9049DF2C904ADF2D90D5E52E9030
:105C5000FEB42F90D6E530904BDF31904CDF329080
:105C60004DDF33904EDF34904FDF3590D3E53690E3
:105C7000D4E5379050DF3890DDD2399051DF3A903B
:105C800052DF3B90DFC23C90C6B13D9053DF3E9067
:105C9000E2D33F9054DF409055DF4190DDB6429013
:105CA000ECCB439056DF4490D7E5459057DF4690C4
:105CB00058DF4790F6D3489059DF49905ADF4A9011
:105CC0005BDF4B905CDF4C905DDF4D90E9B14E9017
:105CD0005EDF4F90F4B65090DAE55190D8E55290DF
:105CE000D9E55390C0B554905FDF559060DF569072
:105CF00061DF5790C5D25890DCE5599062DF5A9029
:105D000063DF5B90DEE55C9064DF5D9065DF5E9055
:105D100066DF5F9067DF609068DF619069DF6290A7
:105D2000DDE56390B2C764906ADF6590A3D26690A8
:105D30006BDF67906CDF6890DBE569906DDF6A90E0
:105D40006EDF6B906FDF6C9070DF6D90E2D46E90C1
:105D5000DAD56F9071DF709072DF719073DF72909F
:105D600074DF739075DF7490E0E57590F1D77690ED
:105D700076DF779077DF789078DF799079DF7A90A7
:105D80007ADF7B907BDF7C907CDF7D90E1E57E900D
:105D90007DDF7F90DCB18090FBD181907EDF8290AF
:105DA000E2E58390E4E5849080DF859081DF869052
:105DB00082DF879083DF8890E3E5899084DF8A9093
:105DC00085DF8B90E5E58C9086DF8D9087DF8E9068
:105DD00088DF8F9089DF90908ADF9190D8D292905F
:105DE0008BDF9390CBB594908CDF9590DFE7969006
:105DF0008DDF9790F5DA98908EDF9990F8DA9A9087
:105E00008FDF9B90F6DA9C9090DF9D90F7DA9E9062
:105E100091DF9F9092DFA09093DFA190FADAA29099
:105E2000CFD0A390C7C4A49094DFA59095DFA6908F
:105E3000EEB0A79096DFA89097DFA99098DFAA9080
:105E4000B0D0AB9099DFAC90F9DAAD909ADFAE901C
:105E5000CAD3AF90AABAB090A2DBB190F1C7B2900A
:105E60009BDFB390FCDAB490FBDAB590DBC9B69057
:105E7000FDDAB7909CDFB890A1DBB990DED7BA907D
:105E8000FEDABB90DAC1BC909DDFBD909EDFBE9074
:105E9000A5DBBF909FDFC090A0DFC190F4D3C2907C
:105EA00040E0C39041E0C490A7DBC590A4DBC6905E
:105EB00042E0C790A8DBC89043E0C99044E0CA9094
:105EC000BCBDCB9045E0CC9046E0CD9047E0CE9075
:105ED000C9C0CF90A3DBD090A6DBD190A3D6D2903F
:105EE00048E0D390A9DBD49049E0D5904AE0D69021
:105EF0004BE0D790ADDBD8904CE0D9904DE0DA90F4
:105F00004EE0DB90AEDBDC90ACDBDD90C2BADE9025
:105F10004FE0DF9050E0E09051E0E190A4BFE290CC
:105F2000ABDBE39052E0E49053E0E59054E0E69080
:105F3000AADBE790C7D4E890BFB2E99055E0EA90B9
:105F400056E0EB90AFDBEC9057E0ED90F9B9EE90B6
:105F500058E0EF90B0DBF09059E0F1905AE0F29009
:105F60005BE0F3905CE0F490BBB3F5905DE0F690FD
:105F70005EE0F7905FE0F890A6B5F99060E0FA90E7
:105F800061E0FB9062E0FC9063E0FD90BCB6FE90A7
:105F9000B1DBFF9064E0009165E0019166E0029161
:105FA000F5B6039167E00491B2DB059168E00691D4
:105FB00069E007916AE008916BE009916CE00A9151
:105FC0006DE00B916EE00C916FE00D9170E00E9121
:105FD00071E00F9172E0109173E0119174E01291F1
:105FE00075E0139176E0149177E0159178E01691C1
:105FF00079E017917AE018917BE01991C9B11A9173
:106000007CE01B917DE01C917EE01D9180E01E9163
:10601000B4DB1F9181E0209182E0219183E0229105
:10602000B3DB2391B5DB249184E0259185E02691B3
:1060300086E0279187E0289188E0299189E02A91DC
:106040008AE02B918BE02C918CE02D918DE02E91AC
:106050008EE02F91B7DB30918FE03191B6DB32913A
:1060600090E0339191E0349192E0359193E0369154
:1060700094E0379195E0389196E03991B8DB3A9108
:1060800097E03B9198E03C9199E03D919AE03E91F8
:106090009BE03F919CE040919DE041919EE04291C8
:1060A0009FE04391B9DB4491A0E0459140E14691E6
:1060B000BADB479141E1489142E14991CFD34A91FE
:1060C000FAF44B91F5C74C91C3D74D91E4C54E916D
:1060D000FCF44F91FDF45091FBF4519143E1529146
:1060E000C6BE539144E1549145E1559146E1569124
:1060F00047E15791EFD0589148E1599149E15A91C0
:10610000D3B75B914AE15C914BE15D91CDD45E9157
:10611000AACC5F914CE160914DE16191A2F5629151
:10612000A1F56391A8BA6491FEF46591D6CB66910E
:106130004EE167914FE1689150E16991A4F56A9150
:10614000D2C06B9151E16C91EAB36D9152E16E91C5
:10615000AACD6F91A5F57091A3F57191B4BD72911F
:10616000A8F5739153E17491A9F57591CDBD769120
:10617000B8C37791E1BF7891E1CB7991AAF57A9193
:1061800054E17B9155E17C9156E17D91A6F57E919C
:10619000A7F57F91F0C4809157E1819158E18291F8
:1061A00059E183915AE184915BE18591ACF5869147
:1061B0005CE18791BCB488915DE18991EDD78A91CA
:1061C0005EE18B91D7B48C91ABF58D91AEF58E914C
:1061D0005FE18F9160E19091ADF59191AFF5929172
:1061E000D1D0939161E1949162E1959163E19691AF
:1061F00064E1979165E1989166E1999167E19A91DF
:10620000D1C39B91A9C89C9168E19D9169E19E9140
:106210006AE19F916BE1A0916CE1A1916DE1A29186
:10622000B0F5A391B1F5A4916EE1A5916FE1A691AE
:1062300070E1A79171E1A89172E1A99173E1AA912E
:10624000B2F5AB9174E1AC9175E1AD91B3F5AE915E
:10625000B4F5AF91B5F5B09176E1B19177E1B29136
:1062600078E1B39179E1B491B7F5B591B6F5B6910E
:106270007AE1B7917BE1B8917CE1B9917DE1BA9186
:10628000B8F5BB917EE1BC9180E1BD9181E1BE9109
:1062900082E1BF9183E1C09184E1C19185E1C29126
:1062A00086E1C39187E1C49188E1C59189E1C691F6
:1062B0008AE1C791C9B2C8918BE1C991D4D3CA917F
:1062C000CDCACB918CE1CC91EFC0CD91D8D6CE91F7
:1062D000B0D2CF91BFC1D0918DE1D191F0BDD2911B
:1062E0008EE1D3918FE1D49190E1D59191E1D69156
:1062F00092E1D79193E1D89194E1D99195E1DA9126
:1063000096E1DB9197E1DC91AAB8DD9198E1DE910D
:1063100099E1DF919AE1E0919BE1E1919CE1E291C9
:106320009DE1E3919EE1E4919FE1E591A0E1E69199
:1063300040E2E79141E2E89142E2E99143E2EA91E9
:1063400044E2EB9145E2EC9146E2ED9147E2EE91B9
:1063500048E2EF9149E2F0914AE2F1914BE2F29189
:106360004CE2F3914DE2F4914EE2F5914FE2F69159
:1063700050E2F79151E2F89152E2F99153E2FA9129
:1063800054E2FB9155E2FC9156E2FD9157E2FE91F9
:1063900058E2FF9159E200925AE201925BE20292C6
:1063A0005CE203925DE204925EE205925FE2069295
:1063B00060E2079261E2089262E2099263E20A9265
:1063C00064E20B9265E20C9266E20D9267E20E9235
:1063D00068E20F9269E210926AE211926BE2129205
:1063E0006CE213926DE214926EE215926FE21692D5
:1063F00070E2179271E2189272E2199273E21A92A5
:1064000074E21B9275E21C9276E21D9277E21E9274
:1064100078E21F9279E220927AE221927BE2229244
:106420007CE223927DE224927EE2259280E2269213
:1064300081E2279282E2289283E2299284E22A92E0
:1064400085E22B9286E22C9287E22D9288E22E92B0
:1064500089E22F928AE230928BE231928CE2329280
:106460008DE233928EE234928FE2359290E2369250
:1064700091E2379292E2389293E2399294E23A9220
:1064800095E23B9296E23C9297E23D9298E23E92F0
:1064900099E23F929AE240929BE241929CE24292C0
:1064A0009DE243929EE244929FE24592A0E2469290
:1064B00040E3479241E3489242E3499243E34A92E0
:1064C00044E34B9245E34C9246E34D9247E34E92B0
:1064D00048E34F9249E350924AE351924BE3529280
:1064E0004CE353924DE354924EE355924FE3569250
:1064F00050E3579251E3589252E3599253E35A9220
:1065000054E35B9255E35C9256E35D9257E35E92EF
:1065100058E35F9259E360925AE361925BE36292BF
:106520005CE363925DE364925EE365925FE366928F
:1065300060E3679261E3689262E3699263E36A925F
:1065400064E36B9265E36C9266E36D9267E36E922F
:1065500068E36F9269E370926AE371926BE37292FF
:106560006CE373926DE37492F8BC75926EE376926D
:106570006FE3779270E3789271E3799272E37A92A3
:1065800073E37B9274E37C9275E37D9276E37E9273
:1065900077E37F9278E3809279E381927AE3829243
:1065A0007BE383927CE384927DE385927EE3869213
:1065B00080E3879281E3889282E3899283E38A92DF
:1065C00084E38B9285E38C9286E38D9287E38E92AF
:1065D000C6F68F9288E3909289E391928AE3929231
:1065E0008BE393928CE394928DE395928EE3969253
:1065F0008FE3979290E3989291E3999292E39A9223
:1066000093E39B9294E39C9295E39D9296E39E92F2
:1066100097E39F9298E3A09299E3A1929AE3A292C2
:106620009BE3A3929CE3A4929DE3A5929EE3A69292
:106630009FE3A792A0E3A89240E4A99241E4AA9222
:1066400042E4AB9243E4AC9244E4AD9245E4AE92B2
:10665000C7F6AF9246E4B09247E4B19248E4B292F2
:1066600049E4B3924AE4B4924BE4B5924CE4B69256
:106670004DE4B7924EE4B8924FE4B99250E4BA9226
:1066800051E4BB9252E4BC9253E4BD9254E4BE92F6
:1066900055E4BF9256E4C09257E4C19258E4C292C6
:1066A00059E4C3925AE4C4925BE4C5925CE4C69296
:1066B0005DE4C7925EE4C892C8F6C9925FE4CA92EC
:1066C00060E4CB9261E4CC9262E4CD9263E4CE923A
:1066D00064E4CF9265E4D09266E4D19267E4D2920A
:1066E00068E4D39269E4D4926AE4D5926BE4D692DA
:1066F0006CE4D7926DE4D8926EE4D9926FE4DA92AA
:1067000070E4DB9271E4DC9272E4DD9273E4DE9279
:1067100074E4DF9275E4E09276E4E19277E4E29249
:1067200078E4E39279E4E4927AE4E5927BE4E69219
:106730007CE4E7927DE4E8927EE4E99280E4EA92E8
:1067400081E4EB9282E4EC9283E4ED9284E4EE92B5
:1067500085E4EF9286E4F09287E4F19288E4F29285
:1067600089E4F3928AE4F4928BE4F5928CE4F69255
:106770008DE4F7928EE4F8928FE4F99290E4FA9225
:1067800091E4FB9292E4FC9293E4FD9294E4FE92F5
:1067900095E4FF9296E4009397E4019398E40293C2
:1067A00099E403939AE404939BE405939CE4069391
:1067B0009DE407939EE408939FE40993A0E40A9361
:1067C00040E50B9341E50C9342E50D9343E50E93B1
:1067D00044E50F9345E5109346E5119347E5129381
:1067E00048E5139349E514934AE515934BE5169351
:1067F0004CE517934DE518934EE519934FE51A9321
:1068000050E51B9351E51C9352E51D9353E51E93F0
:1068100054E51F9355E5209356E5219357E52293C0
:1068200058E5239359E524935AE525935BE5269390
:106830005CE527935DE528935EE529935FE52A9360
:1068400060E52B9361E52C9362E52D9363E52E9330
:1068500064E52F9365E5309366E5319367E5329300
:1068600068E5339369E534936AE535936BE53693D0
:106870006CE537936DE538936EE539936FE53A93A0
:1068800070E53B9371E53C9372E53D9373E53E9370
:10689000C9F63F9374E5409375E5419376E54293DD
:1068A00077E5439378E5449379E545937AE5469314
:1068B0007BE547937CE548937DE549937EE54A93E4
:1068C00080E54B9381E54C9382E54D9383E54E93B0
:1068D00084E54F9385E5509386E5519387E5529380
:1068E00088E5539389E554938AE555938BE5569350
:1068F0008CE557938DE558938EE559938FE55A9320
:1069000090E55B9391E55C9392E55D9393E55E93EF
:1069100094E55F9395E5609396E5619397E56293BF
:1069200098E5639399E564939AE565939BE566938F
:106930009CE567939DE568939EE569939FE56A935F
:10694000CAF66B93A0E56C9340E66D9341E66E93B7
:1069500042E66F9343E6709344E6719345E6729383
:1069600046E6739347E6749348E6759349E6769353
:106970004AE677934BE678934CE679934DE67A9323
:106980004EE67B934FE67C9350E67D9351E67E93F3
:1069900052E67F9353E6809354E6819355E68293C3
:1069A00056E6839357E6849358E6859359E6869393
:1069B0005AE687935BE688935CE689935DE68A9363
:1069C0005EE68B935FE68C9360E68D9361E68E9333
:1069D00062E68F93CCF6909363E6919364E692938C
:1069E00065E6939366E6949367E6959368E69693D7
:1069F00069E697936AE698936BE699936CE69A93A7
:106A00006DE69B936EE69C936FE69D9370E69E9376
:106A100071E69F9372E6A09373E6A19374E6A29346
:106A200075E6A39376E6A49377E6A59378E6A69316
:106A300079E6A7937AE6A8937BE6A9937CE6AA93E6
:106A40007DE6AB937EE6AC9380E6AD9381E6AE93B4
:106A500082E6AF9383E6B09384E6B19385E6B29382
:106A600086E6B39387E6B49388E6B59389E6B69352
:106A70008AE6B7938BE6B8938CE6B9938DE6BA9322
:106A80008EE6BB938FE6BC9390E6BD9391E6BE93F2
:106A900092E6BF9393E6C09394E6C19395E6C293C2
:106AA00096E6C39397E6C49398E6C59399E6C69392
:106AB0009AE6C7939BE6C8939CE6C9939DE6CA9362
:106AC000CBF6CB939EE6CC939FE6CD93A0E6CE93F8
:106AD00040E7CF9341E7D09342E7D19343E7D29386
:106AE00044E7D39345E7D49346E7D59347E7D69356
:106AF000E9F7D79348E7D89349E7D9934AE7DA9378
:106B00004BE7DB934CE7DC934DE7DD934EE7DE93F9
:106B10004FE7DF9350E7E09351E7E19352E7E293C9
:106B200053E7E39354E7E49355E7E59356E7E69399
:106B300057E7E79358E7E89359E7E9935AE7EA9369
:106B40005BE7EB935CE7EC935DE7ED935EE7EE9339
:106B50005FE7EF9360E7F09361E7F19362E7F29309
:106B600063E7F39364E7F49365E7F59366E7F693D9
:106B700067E7F79368E7F89369E7F9936AE7FA93A9
:106B80006BE7FB936CE7FC936DE7FD936EE7FE9379
:106B90006FE7FF9370E7009471E7019472E7029446
:106BA00073E7039474E7049475E7059476E7069415
:106BB00077E7079478E7089479E709947AE70A94E5
:106BC0007BE70B947CE70C947DE70D947EE70E94B5
:106BD00080E70F9481E7109482E7119483E7129481
:106BE00084E7139485E7149486E7159487E7169451
:106BF00088E7179489E718948AE719948BE71A9421
:106C00008CE71B948DE71C948EE71D948FE71E94F0
:106C100090E71F9491E7209492E7219493E72294C0
:106C200094E7239495E7249496E7259497E7269490
:106C300098E7279499E728949AE729949BE72A9460
:106C40009CE72B949DE72C949EE72D949FE72E9430
:106C5000A0E72F9440E8309441E8319442E8329420
:106C600043E8339444E8349445E8359446E8369450
:106C700047E8379448E8389449E839944AE83A9420
:106C80004BE83B944CE83C944DE83D944EE83E94F0
:106C9000CDF63F944FE8409450E8419451E8429437
:106CA00052E8439453E8449454E8459455E8469494
:106CB00056E8479457E8489458E8499459E84A9464
:106CC0005AE84B945BE84C945CE84D945DE84E9434
:106CD0005EE84F945FE8509460E8519461E8529404
:106CE00062E8539463E8549464E8559465E85694D4
:106CF00066E8579467E8589468E8599469E85A94A4
:106D00006AE85B946BE85C946CE85D946DE85E9473
:106D10006EE85F946FE8609470E8619471E8629443
:106D200072E8639473E8649474E8659475E8669413
:106D300076E8679477E8689478E8699479E86A94E3
:106D40007AE86B94CEF66C947BE86D947CE86E9454
:106D50007DE86F947EE8709480E8719481E8729485
:106D600082E8739483E8749484E8759485E8769453
:106D700086E8779487E8789488E8799489E87A9423
:106D80008AE87B948BE87C948CE87D948DE87E94F3
:106D90008EE87F948FE8809490E8819491E88294C3
:106DA00092E8839493E8849494E88594C4EE86945E
:106DB000C5EE8794C6EE8894EBD58994A4B68A94E0
:106DC000C8EE8B94C7EE8C94C9EE8D94CAEE8E9467
:106DD000A5C78F94CBEE9094CCEE919495E89294C5
:106DE000B0B79394F6B59494CDEE9594CFEE969477
:106DF00096E89794CEEE989497E89994C6B89A94AA
:106E0000D0EE9B94D1EE9C94D2EE9D94DBB69E94F2
:106E1000AEB39F94D3D6A094C6C4A194B5B1A294A6
:106E2000D6B8A394D3EEA494D4EEA594BFD4A694DC
:106E3000D5C7A794FBBEA894D9CEA994B3B9AA94F8
:106E4000D6EEAB94D5EEAC94D8EEAD94D7EEAE942E
:106E5000A5C5AF94D9EEB094DAEEB194AEC7B294B2
:106E6000DBEEB394AFC7B494DCEEB594A7B2B6949E
:106E7000DDEEB794DEEEB894DFEEB994E0EEBA94AE
:106E8000E1EEBB94EAD7BC94E2EEBD94E3EEBE948F
:106E9000D8BCBF94E4EEC094CBD3C194FACCC294D6
:106EA000ACB2C394E5C1C494E5EEC594A6C7C6943C
:106EB000ADC3C79498E8C894E6EEC994E7EECA94C7
:106EC000E8EECB94E9EECC94EAEECD94EBEECE94E2
:106ED000ECEECF9499E8D094EDEED194EEEED2940E
:106EE000EFEED3949AE8D4949BE8D594F0EED69440
:106EF000F1EED794F2EED894F4EED994F3EEDA945E
:106F00009CE8DB94F5EEDC94ADCDDD94C1C2DE945B
:106F1000F6EEDF94F7EEE094F8EEE194A1D5E2947A
:106F2000F9EEE394B3CFE494FAEEE594FBEEE69445
:106F30009DE8E794FCEEE894FDEEE994A1EFEA9475
:106F4000FEEEEB94A2EFEC94F5B8ED94FAC3EE9458
:106F5000A3EFEF94A4EFF094C2BDF194BFD2F294EA
:106F6000F9B2F394A5EFF494A6EFF594A7EFF69495
:106F7000F8D2F794A8EFF894FDD6F994A9EFFA9413
:106F8000CCC6FB949EE8FC94AAEFFD94ABEFFE9474
:106F9000B4C1FF94ACEF0095FACF0195F8CB029500
:106FA000AEEF0395ADEF0495FAB30595F8B90695E4
:106FB000AFEF0795B0EF0895E2D00995B1EF0A95CC
:106FC000B2EF0B95E6B70C95BFD00D95B3EF0E95CC
:106FD000B4EF0F95B5EF1095F1C81195E0CC12956F
:106FE000B6EF1395B7EF1495B8EF1595B9EF169561
:106FF000BAEF1795E0D51895BBEF1995EDB41A9532
:10700000AAC31B95BCEF1C959FE81D95BDEF1E956F
:10701000BEEF1F95BFEF2095A0E82195FDCE2295EC
:10702000C0EF2395E0C22495B8B42595B6D7269530
:10703000F5BD279540E92895C7CF2995C3EF2A9537
:10704000C1EF2B95C2EF2C95C4EF2D95A7B62E95C9
:10705000FCBC2F95E2BE3095CCC33195C5EF32957F
:10706000C6EF339541E93495C7EF3595CFEF3695A7
:10707000C8EF3795C9EF3895CAEF3995C2C73A9529
:10708000F1EF3B95CDB63C95CBEF3D9542E93E9572
:10709000CCEF3F95CDEF4095C6B64195BEC3429526
:1070A000CEEF439543E94495D0EF4595D1EF469512
:1070B000D2EF4795F2D5489544E94995D3EF4A95E3
:1070C000F7C44B9545E94C95D4EF4D95F8C44E95D2
:1070D000D5EF4F95D6EF5095E4B85195F7B052954E
:1070E000D7EF5395D8EF5495D9EF559546E9569576
:1070F000DAEF5795DBEF5895DCEF5995DDEF5A95B0
:1071000047E95B95DEEF5C95B5BE5D95E1EF5E9579
:10711000DFEF5F95E0EF609548E96195E2EF6295FA
:10712000E3EF6395CDC16495E4EF6595E5EF669572
:10713000E6EF6795E7EF6895E8EF6995E9EF6A95FF
:10714000EAEF6B95EBEF6C95ECEF6D95D8C06E9513
:1071500049E96F95EDEF7095ADC17195EEEF7295C0
:10716000EFEF7395F0EF74954AE975954BE97695D5
:10717000E2CF77954CE978954DE979954EE97A9586
:107180004FE97B9550E97C9551E97D9552E97E95D3
:1071900053E97F95A4B3809554E9819555E982958B
:1071A00056E9839557E9849558E9859559E9869577
:1071B0005AE987955BE988955CE989955DE98A9547
:1071C0005EE98B955FE98C9560E98D9561E98E9517
:1071D00062E98F9563E9909564E9919565E99295E7
:1071E00066E9939567E9949568E9959569E99695B7
:1071F0006AE997956BE998956CE999956DE99A9587
:107200006EE99B956FE99C9570E99D9571E99E9556
:1072100072E99F9573E9A09574E9A19575E9A29526
:1072200076E9A39577E9A49578E9A59579E9A695F6
:107230007AE9A7957BE9A8957CE9A9957DE9AA95C6
:107240007EE9AB9580E9AC9581E9AD9582E9AE9593
:1072500083E9AF9584E9B09585E9B19586E9B29562
:1072600087E9B39588E9B49589E9B5958AE9B69532
:107270008BE9B7958CE9B8958DE9B9958EE9BA9502
:107280008FE9BB9590E9BC9591E9BD9592E9BE95D2
:1072900093E9BF9594E9C09595E9C19596E9C295A2
:1072A00097E9C39598E9C49599E9C5959AE9C69572
:1072B0009BE9C7959CE9C8959DE9C9959EE9CA9542
:1072C0009FE9CB95A0E9CC9540EACD9541EACE95D2
:1072D00042EACF9543EAD09544EAD19545EAD29562
:1072E00046EAD39547EAD49548EAD59549EAD69532
:1072F0004AEAD7954BEAD8954CEAD9954DEADA9502
:107300004EEADB954FEADC9550EADD9551EADE95D1
:1073100052EADF9553EAE09554EAE19555EAE295A1
:1073200056EAE39557EAE49558EAE59559EAE69571
:107330005AEAE7955BEAE895C5C3E995C5E3EA959E
:10734000C1C9EB95C6E3EC955CEAED95D5B1EE9538
:10735000CACEEF95B3B4F095F2C8F195C7E3F295B4
:10736000D0CFF395C8E3F495E4BCF595C9E3F69561
:10737000CAE3F795C6C3F895A2D5F995D6C4FA9590
:10738000EBB9FB95C5CEFC95CBE3FD95F6C3FE9519
:10739000CCE3FF955DEA0096A7B70196F3B8029695
:1073A000D2BA0396CDE30496CEE30596C4D40696EE
:1073B000CFE307965EEA0896D0E30996CBD10A960A
:1073C000D1E30B96D2E30C96D3E30D96D4E30E965D
:1073D000D6D10F96D5E31096FBB21196BBC012968C
:1073E000D6E313965FEA1496ABC01596D7E31696CC
:1073F000D8E31796D9E3189660EA1996DAE31A9655
:10740000DBE31B9661EA1C96B7B81D96E2DA1E967E
:1074100062EA1F96D3B6209663EA2196E4DA2296B2
:10742000E3DA239664EA249665EA259666EA2696C8
:1074300067EA279668EA289669EA29966AEA2A9608
:10744000E6DA2B966BEA2C966CEA2D966DEA2E9670
:10745000EEC82F966EEA30966FEA3196E5DA3296EC
:10746000C0B73396F4D13496F5D23596F3D5369627
:10747000D7BD379670EA389671EA399672EA3A962D
:1074800073EA3B96E8D73C96E8DA3D96E7DA3E9613
:1074900074EA3F96A2B04096D3CD419675EA4296E3
:1074A000E9DA439676EA4496BDB84596CABC469654
:1074B000BDC24796A4C24896C2B34996EADA4A9634
:1074C00077EA4B96AAC24C96B0C44D96B5BD4E967F
:1074D00078EA4F9679EA5096DECF51967AEA52963C
:1074E0007BEA53967CEA5496EBDA5596C2C95696D7
:1074F0007DEA57967EEA589680EA599681EA5A962E
:1075000082EA5B96DDB15C9683EA5D9684EA5E96DC
:1075100085EA5F96ECDA609686EA6196B8B662967E
:10752000BAD4639687EA6496FDB3659688EA669650
:1075300089EA6796EDDA6896C9D46996D5CF6A96D6
:10754000E3C56B968AEA6C96EEDA6D968BEA6E96D8
:107550008CEA6F968DEA70968EEA71968FEA729633
:10756000EFDA739690EA7496F0DA7596EAC1769639
:10757000D5CC7796DDCF789691EA799692EA7A968D
:1075800093EA7B9694EA7C9695EA7D9696EA7E96B7
:1075900097EA7F9698EA809699EA81969AEA829687
:1075A0009BEA83969CEA84969DEA8596E7D3869625
:1075B000A1C287969EEA8896F1DA89969FEA8A9612
:1075C000A0EA8B96E5CB8C9640EB8D96F2DA8E9600
:1075D00041EB8F96E6CB9096FED2919642EB929637
:1075E00043EB939644EB9496F4B8959645EB9696B8
:1075F00046EB9796F3DA9896AFB09996B6CF9A96EF
:1076000047EB9B9648EB9C96CFD59D9649EB9E9673
:107610004AEB9F964BEBA0964CEBA1964DEBA296B6
:107620004EEBA3964FEBA49650EBA59651EBA69686
:1076300052EBA796EDCBA89653EBA99654EBAA96DE
:1076400055EBAB9656EBAC9657EBAD9658EBAE962A
:1076500059EBAF965AEBB096F4DAB1965BEBB29673
:107660005CEBB396C4E3B4965DEBB5965EEBB69671
:10767000A5C1B7965FEBB89660EBB996BFF6BA9620
:1076800061EBBB9662EBBC96C0F6BD96C1F6BE96AA
:10769000D1C4BF9663EBC096B8C8C196E3D1C29679
:1076A00064EBC39665EBC496DBD0C596C5D1C69690
:1076B000AFBCC796CDB9C89666EBC996F4EFCA962B
:1076C00067EBCB9668EBCC96C6B4CD96BAD3CE9684
:1076D000C2F6CF96FBB3D09669EBD1966AEBD29601
:1076E000C3F6D3966BEBD4966CEBD596F1B5D696E4
:1076F0006DEBD7966EEBD8966FEBD99670EBDA966A
:1077000071EBDB9672EBDC9673EBDD9674EBDE9639
:1077100075EBDF9676EBE096C5F6E19677EBE296B1
:1077200078EBE39679EBE4967AEBE5967BEBE696DD
:107730007CEBE7967DEBE896EAD3E996A7F6EA9626
:10774000A9D1EB967EEBEC9680EBED9681EBEE9675
:1077500082EBEF96A9F6F09683EBF19684EBF29626
:1077600085EBF396A8F6F49686EBF59687EBF696FE
:10777000E3C1F796D7C0F89688EBF996A2B1FA96CE
:1077800089EBFB968AEBFC968BEBFD968CEBFE96D9
:10779000EDCEFF968DEB0097E8D00197ABF6029700
:1077A0008EEB03978FEB0497F6CF059790EB069738
:1077B000AAF60797F0D50897ACF60997B9C30A97C8
:1077C00091EB0B9792EB0C9793EB0D97F4BB0E9705
:1077D000AEF60F97ADF6109794EB119795EB1297C5
:1077E00096EB1397DEC4149797EB159798EB1697C3
:1077F000D8C1179799EB18979AEB19979BEB1A97A3
:107800009CEB1B979DEB1C97AACB1D979EEB1E979D
:10781000BCCF1F979FEB2097A0EB219740EC2297BE
:1078200041EC239742EC249743EC259744EC2697B0
:1078300045EC279746EC289747EC299748EC2A9780
:10784000AFF62B9749EC2C974AEC2D97B0F62E9774
:107850004BEC2F974CEC3097B1F631974DEC3297BB
:10786000B6C233974EEC34974FEC359750EC3697C1
:1078700051EC379752EC3897D4B03997F9C53A970D
:1078800053EC3B9754EC3C9755EC3D9756EC3E97A8
:10789000B2F63F9757EC409758EC419759EC429716
:1078A0005AEC43975BEC44975CEC45975DEC46974C
:1078B0005EEC47975FEC489760EC499761EC4A971C
:1078C00062EC4B9763EC4C9764EC4D9765EC4E97EC
:1078D00066EC4F9767EC509768EC519769EC5297BC
:1078E000E0C75397A6F654976AEC55976BEC5697FA
:1078F000B8BE57976CEC58976DEC5997B2BE5A9733
:107900006EEC5B97E5B55C976FEC5D9770EC5E97FE
:10791000C7B75F9771EC6097BFBF6197D2C362979B
:10792000E6C3639772EC649773EC6597CCD866975F
:1079300074EC679775EC689776EC6997EFB86A977F
:1079400077EC6B9778EC6C9779EC6D977AEC6E9797
:107950007BEC6F977CEC70977DEC71977EEC729767
:1079600080EC7397F9BD7497A5D1759781EC7697E4
:10797000D0B0779782EC789783EC799784EC7A97FC
:1079800085EC7B9786EC7C97B0F77D9787EC7E97AC
:1079900088EC7F9789EC80978AEC81978BEC8297B3
:1079A0008CEC83978DEC84978EEC8597B1F7869756
:1079B0008FEC879790EC889791EC899792EC8A9757
:1079C00093EC8B97ACD08C9794EC8D97B0B08E974E
:1079D00095EC8F9796EC909797EC9197B2F79297DA
:1079E000B3F7939798EC9497B4F7959799EC96978B
:1079F0009AEC97979BEC9897CAC799979CEC9A97A3
:107A00009DEC9B979EEC9C979FEC9D97A0EC9E977E
:107A100040ED9F9741EDA097CFBEA19742EDA29771
:107A200043EDA397B7F7A49744EDA59745EDA69727
:107A300046EDA79747EDA89748EDA99749EDAA9776
:107A40004AEDAB97B6F7AC974BEDAD97DEB1AE977D
:107A50004CEDAF97B5F7B0974DEDB1974EEDB297AE
:107A6000B8F7B3974FEDB497B9F7B59750EDB69710
:107A700051EDB79752EDB89753EDB99754EDBA97CA
:107A800055EDBB9756EDBC9757EDBD9758EDBE979A
:107A900059EDBF975AEDC0975BEDC1975CEDC2976A
:107AA0005DEDC3975EEDC4975FEDC59760EDC6973A
:107AB00061EDC79762EDC89763EDC99764EDCA970A
:107AC00065EDCB9766EDCC9767EDCD9768EDCE97DA
:107AD00069EDCF976AEDD0976BEDD1976CEDD297AA
:107AE0006DEDD3976EEDD4976FEDD59770EDD6977A
:107AF00071EDD79772EDD89773EDD99774EDDA974A
:107B000075EDDB9776EDDC9777EDDD9778EDDE9719
:107B100079EDDF977AEDE0977BEDE1977CEDE297E9
:107B20007DEDE3977EEDE49780EDE59781EDE697B7
:107B3000A4CEE797CDC8E89782EDE997ABBAEA976C
:107B4000B8E8EB97B9E8EC97BAE8ED97C2BEEE97C4
:107B500083EDEF9784EDF09785EDF19786EDF29741
:107B600087EDF397F4D2F49788EDF597CFD4F69795
:107B7000D8C9F79789EDF8978AEDF9978BEDFA97C1
:107B80008CEDFB978DEDFC978EEDFD978FEDFE97BD
:107B900090EDFF9791ED009892ED019893ED02988A
:107BA00094ED039895ED049896ED059897ED069859
:107BB00098ED079899ED08989AED09989BED0A9829
:107BC0009CED0B989DED0C989EED0D989FED0E98F9
:107BD000A0ED0F9840EE109841EE119842EE1298E9
:107BE00043EE139844EE149845EE159846EE169819
:107BF00047EE179848EE189849EE19984AEE1A98E9
:107C00004BEE1B984CEE1C984DEE1D984EEE1E98B8
:107C10004FEE1F9850EE209851EE219852EE229888
:107C200053EE239854EE249855EE259856EE269858
:107C300057EE279858EE289859EE29985AEE2A9828
:107C40005BEE2B985CEE2C985DEE2D985EEE2E98F8
:107C50005FEE2F9860EE309861EE319862EE3298C8
:107C600063EE339864EE349865EE359866EE369898
:107C700067EE379868EE389869EE39986AEE3A9868
:107C80006BEE3B986CEE3C986DEE3D986EEE3E9838
:107C90006FEE3F9870EE409871EE419872EE429808
:107CA00073EE439874EE449875EE459876EE4698D8
:107CB00077EE479878EE489879EE49987AEE4A98A8
:107CC0007BEE4B987CEE4C987DEE4D987EEE4E9878
:107CD00080EE4F9881EE509882EE519883EE529844
:107CE00084EE539885EE549886EE559887EE569814
:107CF00088EE579889EE58988AEE59988BEE5A98E4
:107D00008CEE5B988DEE5C988EEE5D988FEE5E98B3
:107D100090EE5F9891EE609892EE619893EE629883
:107D200094EE639895EE649896EE659897EE669853
:107D300098EE679899EE68989AEE69989BEE6A9823
:107D40009CEE6B989DEE6C989EEE6D989FEE6E98F3
:107D5000A0EE6F9840EF709841EF719842EF7298E3
:107D600043EF739844EF749845EF7598B3D27698C3
:107D7000A5B67798EAC77898FCF17998EECF7A980B
:107D8000B3CB7B98EBD07C98EFE77D98E7CD7E98DE
:107D9000CBB97F98D9B68098FDF18198E4B08298EC
:107DA000CCCB8398FEF18498A4D48598ADC28698F4
:107DB000ECC18798C4C68898B1BE8998A1F28A9808
:107DC000D5BC8B9846EF8C98A2F28D98A3F28E9832
:107DD00047EF8F98A4F29098C3D29198B5C6929825
:107DE00048EF9398C7CD9498A5F2959849EF969847
:107DF000B1D39798C5BF9898E2CC99984AEF9A98D2
:107E0000A6F29B98A7F29C98D5D19D98EEB69E9825
:107E1000A8F29F98A9F2A098DFB5A198AAF2A2981B
:107E2000ABF2A3984BEFA498FCB2A598ACF2A6983D
:107E3000ADF2A798A7C8A8984CEFA9984DEFAA98BB
:107E40004EEFAB984FEFAC9850EFAD9851EFAE9826
:107E500052EFAF9853EFB09854EFB19855EFB298F6
:107E600056EFB39857EFB49858EFB59859EFB698C6
:107E70005AEFB7985BEFB8985CEFB9985DEFBA9896
:107E80005EEFBB985FEFBC9860EFBD9861EFBE9866
:107E900062EFBF9863EFC09864EFC19865EFC29836
:107EA00066EFC39867EFC49868EFC59869EFC69806
:107EB0006AEFC7986BEFC8986CEFC9986DEFCA98D6
:107EC0006EEFCB986FEFCC9870EFCD9871EFCE98A6
:107ED000E7B7CF9872EFD09873EFD198A9ECD2980A
:107EE000AAECD398ABECD49874EFD598ACECD698B8
:107EF00075EFD79876EFD898AEC6D998ADECDA98EA
:107F0000AEECDB9877EFDC9878EFDD9879EFDE98D0
:107F1000C9B7DF98B3CAE0987AEFE1987BEFE298AF
:107F20007CEFE3987DEFE4987EEFE59880EFE698AC
:107F300081EFE798B8E2E898CFF7E99882EFEA98FE
:107F400083EFEB9884EFEC9885EFED9886EFEE9851
:107F500087EFEF9888EFF09889EFF1988AEFF29821
:107F60008BEFF3988CEFF4988DEFF5988EEFF698F1
:107F70008FEFF79890EFF89891EFF99892EFFA98C1
:107F800093EFFB9894EFFC9895EFFD9896EFFE9891
:107F900097EFFF9898EF009999EF01999AEF02995E
:107FA0009BEF03999CEF04999DEF05999EEF06992D
:107FB0009FEF0799A0EF089940F0099941F00A99BD
:107FC00042F00B9943F00C9944F00D99D0F70E99BB
:107FD00045F00F9946F01099CDB2119947F01299DA
:107FE00048F0139949F014994AF015994BF01699F5
:107FF0004CF017994DF018994EF019994FF01A99C5
:1080000050F01B9951F01C9952F01D9953F01E9994
:1080100054F01F9955F0209956F0219957F0229964
:1080200058F0239959F024995AF025995BF0269934
:108030005CF027995DF028995EF029995FF02A9904
:1080400060F02B9961F02C9962F02D9963F02E99D4
:10805000D1F72F9964F0309965F0319966F0329933
:1080600067F0339968F0349969F035996AF0369978
:108070006BF037996CF038996DF039996EF03A9948
:108080006FF03B9970F03C9971F03D9972F03E9918
:1080900073F03F9974F0409975F0419976F04299E8
:1080A00077F0439978F0449979F045997AF04699B8
:1080B0007BF047997CF048997DF049997EF04A9988
:1080C00080F04B9981F04C9982F04D9983F04E9954
:1080D00084F04F9985F0509986F0519987F0529924
:1080E00088F0539989F05499D3F75599D2F7569956
:1080F0008AF057998BF058998CF059998DF05A99CC
:108100008EF05B998FF05C9990F05D9991F05E999B
:1081100092F05F9993F0609994F0619995F062996B
:1081200096F06399BBE2649997F06599A2BC669951
:1081300098F06799BCE26899BDE26999BEE26A99D4
:10814000BFE26B99C0E26C99C1E26D99B9B76E99C3
:10815000FBD26F99A4BD7099CECA7199A5B17299DD
:10816000C7CB739999F07499C2E27599FCB6769968
:10817000C4C87799C3E278999AF079999BF07A9973
:10818000C8BD7B999CF07C99FDB17D99C4E27E9934
:108190009DF07F99F6B68099C5E28199D9C48299FC
:1081A0009EF083999FF08499C6E28599DACF8699EB
:1081B000DDB98799C7E28899A1C08999A0F08A9909
:1081C000C8E28B99F6B28C9940F18D99C9E28E99EB
:1081D00041F18F99F3C19099CAE29199CBE29299BA
:1081E000F8C29399CCE29499CDE29599CEE2969912
:1081F000D7CA9799B8D89899E5D99999E3CF9A9918
:1082000042F19B9943F19C9944F19D9945F19E99C6
:1082100046F19F9947F1A09948F1A19949F1A29996
:108220004AF1A3994BF1A4994CF1A599A5F0A6990F
:108230004DF1A7994EF1A899B0DCA9994FF1AA99EF
:1082400050F1AB9951F1AC9952F1AD9953F1AE990E
:1082500054F1AF9955F1B09956F1B19957F1B299DE
:1082600058F1B39959F1B4995AF1B5995BF1B699AE
:108270005CF1B7995DF1B8995EF1B9995FF1BA997E
:1082800060F1BB9961F1BC9962F1BD9963F1BE994E
:1082900064F1BF9965F1C09966F1C19967F1C2991E
:1082A00068F1C39969F1C4996AF1C5996BF1C699EE
:1082B0006CF1C7996DF1C8996EF1C9996FF1CA99BE
:1082C00070F1CB9971F1CC9972F1CD9973F1CE998E
:1082D00074F1CF9975F1D09976F1D19977F1D2995E
:1082E00078F1D39979F1D4997AF1D5997BF1D6992E
:1082F0007CF1D7997DF1D8997EF1D99980F1DA99FD
:1083000081F1DB9982F1DC9983F1DD9984F1DE99C9
:1083100085F1DF9986F1E09987F1E19988F1E29999
:1083200089F1E3998AF1E4998BF1E5998CF1E69969
:108330008DF1E7998EF1E8998FF1E99990F1EA9939
:1083400091F1EB9992F1EC9993F1ED9994F1EE9909
:1083500095F1EF9996F1F09997F1F19998F1F299D9
:1083600099F1F3999AF1F4999BF1F5999CF1F699A9
:108370009DF1F7999EF1F8999FF1F999A0F1FA9979
:1083800040F2FB9941F2FC9942F2FD9943F2FE99C9
:1083900044F2FF9945F2009A46F2019A47F2029A96
:1083A00048F2039A49F2049A4AF2059A4BF2069A65
:1083B0004CF2079A4DF2089A4EF2099A4FF20A9A35
:1083C00050F20B9A51F20C9A52F20D9A53F20E9A05
:1083D00054F20F9A55F2109A56F2119A57F2129AD5
:1083E00058F2139A59F2149A5AF2159A5BF2169AA5
:1083F0005CF2179A5DF2189A5EF2199A5FF21A9A75
:1084000060F21B9A61F21C9A62F21D9A63F21E9A44
:1084100064F21F9A65F2209A66F2219A67F2229A14
:1084200068F2239A69F2249A6AF2259A6BF2269AE4
:108430006CF2279A6DF2289A6EF2299A6FF22A9AB4
:1084400070F22B9A71F22C9A72F22D9A73F22E9A84
:1084500074F22F9A75F2309A76F2319A77F2329A54
:1084600078F2339A79F2349A7AF2359A7BF2369A24
:108470007CF2379A7DF2389A7EF2399A80F23A9AF3
:1084800081F23B9A82F23C9A83F23D9A84F23E9AC0
:1084900085F23F9A86F2409A87F2419A88F2429A90
:1084A00089F2439A8AF2449A8BF2459A8CF2469A60
:1084B0008DF2479A8EF2489A8FF2499A90F24A9A30
:1084C00091F24B9A92F24C9A93F24D9A94F24E9A00
:1084D00095F24F9A96F2509A97F2519A98F2529AD0
:1084E00099F2539A9AF2549A9BF2559A9CF2569AA0
:1084F0009DF2579A9EF2589A9FF2599AA0F25A9A70
:1085000040F35B9A41F35C9A42F35D9A43F35E9ABF
:1085100044F35F9A45F3609A46F3619A47F3629A8F
:1085200048F3639A49F3649A4AF3659A4BF3669A5F
:108530004CF3679A4DF3689A4EF3699A4FF36A9A2F
:1085400050F36B9A51F36C9AEDC26D9AA6D46E9A61
:10855000D4CD6F9AB1D1709ADBB3719AFDC7729A7C
:1085600052F3739AB5B2749ABFC2759AE0E6769ADE
:10857000BBCA779AE1E6789AE2E6799AD4BE7A9A0B
:10858000E3E67B9AA4D77C9AD5CD7D9AE5E67E9AE0
:10859000DDBC7F9AE4E6809AE6E6819AE7E6829A75
:1085A000EEC2839A53F3849ABEBD859AE8E6869A12
:1085B000E6C2879AA7BA889AE9E6899A54F38A9A12
:1085C000EAE68B9AD2B38C9AE9D18D9A55F38E9ABA
:1085D00056F38F9AA5BF909AEBE6919AEFC6929ABE
:1085E000ECE6939AEDE6949A57F3959A58F3969A97
:1085F000EEE6979AADC6989AEFE6999A59F39A9A49
:10860000A7C99B9AF0E69C9AF1E69D9AF2E69E9A9B
:10861000B9E59F9AF3E6A09AF4E6A19AE2C2A29A7B
:10862000F5E6A39AF6E6A49AE8D6A59AF7E6A69AFE
:108630005AF3A79AF8E6A89AC7B9A99A5BF3AA9A37
:108640005CF3AB9A5DF3AC9A5EF3AD9A5FF3AE9ACE
:1086500060F3AF9A61F3B09ABBF7B19ABAF7B29AE6
:1086600062F3B39A63F3B49A64F3B59A65F3B69A76
:10867000BEF7B79ABCF7B89AA1BAB99A66F3BA9A94
:10868000BFF7BB9A67F3BC9AC0F7BD9A68F3BE9A6E
:1086900069F3BF9A6AF3C09AC2F7C19AC1F7C29A46
:1086A000C4F7C39A6BF3C49A6CF3C59AC3F7C69A1E
:1086B0006DF3C79A6EF3C89A6FF3C99A70F3CA9AAA
:1086C00071F3CB9AC5F7CC9AC6F7CD9A72F3CE9ACE
:1086D00073F3CF9A74F3D09A75F3D19AC7F7D29AFD
:1086E00076F3D39AE8CBD49A77F3D59A78F3D69ADF
:1086F00079F3D79A7AF3D89ADFB8D99A7BF3DA9AD2
:108700007CF3DB9A7DF3DC9A7EF3DD9A80F3DE9ACC
:1087100081F3DF9AD4F7E09A82F3E19AD5F7E29AEF
:1087200083F3E39A84F3E49A85F3E59A86F3E69A71
:10873000D6F7E79A87F3E89A88F3E99A89F3EA9AF1
:108740008AF3EB9AD8F7EC9A8BF3ED9ADAF7EE9A74
:108750008CF3EF9AD7F7F09A8DF3F19A8EF3F29AA1
:108760008FF3F39A90F3F49A91F3F59A92F3F69AC1
:1087700093F3F79A94F3F89A95F3F99ADBF7FA9A48
:1087800096F3FB9AD9F7FC9A97F3FD9A98F3FE9A21
:1087900099F3FF9A9AF3009B9BF3019B9CF3029B36
:1087A0009DF3039BD7D7049B9EF3059B9FF3069BEA
:1087B000A0F3079B40F4089BDCF7099B41F40A9B5C
:1087C00042F40B9B43F40C9B44F40D9B45F40E9B2D
:1087D00046F40F9BDDF7109B47F4119B48F4129B66
:1087E00049F4139BDEF7149B4AF4159B4BF4169B3C
:1087F0004CF4179B4DF4189B4EF4199B4FF41A9BA5
:1088000050F41B9B51F41C9B52F41D9B53F41E9B74
:1088100054F41F9BDFF7209B55F4219B56F4229BB9
:1088200057F4239BE0F7249B58F4259B59F4269B8F
:108830005AF4279B5BF4289B5CF4299B5DF42A9BEC
:108840005EF42B9B5FF42C9B60F42D9B61F42E9BBC
:1088500062F42F9BCBDB309B63F4319B64F4329B3F
:10886000AAD8339B65F4349B66F4359B67F4369B3A
:1088700068F4379B69F4389B6AF4399B6BF43A9B34
:108880006CF43B9BF7E53C9BEDB93D9B6DF43E9B47
:108890006EF43F9B6FF4409B70F4419BFDBF429B85
:1088A000EABB439BC9F7449BC7C6459BC8F7469B99
:1088B00071F4479BCAF7489BCCF7499BCBF74A9B7F
:1088C00072F44B9B73F44C9B74F44D9BCDF74E9B11
:1088D00075F44F9BBACE509B76F4519BCEF7529BCA
:1088E00077F4539B78F4549BA7C4559B79F4569B1B
:1088F0007AF4579B7BF4589B7CF4599B7DF45A9BEC
:108900007EF45B9B80F45C9B81F45D9B82F45E9BB8
:1089100083F45F9B84F4609B85F4619B86F4629B87
:1089200087F4639B88F4649B89F4659B8AF4669B57
:108930008BF4679B8CF4689B8DF4699B8EF46A9B27
:108940008FF46B9B90F46C9B91F46D9B92F46E9BF7
:1089500093F46F9B94F4709B95F4719B96F4729BC7
:1089600097F4739B98F4749B99F4759B9AF4769B97
:108970009BF4779B9CF4789B9DF4799B9EF47A9B67
:108980009FF47B9BA0F47C9B40F57D9B41F57E9BF7
:1089900042F57F9B43F5809B44F5819B45F5829B87
:1089A00046F5839B47F5849B48F5859B49F5869B57
:1089B0004AF5879B4BF5889B4CF5899B4DF58A9B27
:1089C0004EF58B9B4FF58C9B50F58D9B51F58E9BF7
:1089D00052F58F9B53F5909B54F5919B55F5929BC7
:1089E00056F5939B57F5949B58F5959B59F5969B97
:1089F0005AF5979B5BF5989B5CF5999B5DF59A9B67
:108A00005EF59B9B5FF59C9B60F59D9B61F59E9B36
:108A100062F59F9B63F5A09B64F5A19B65F5A29B06
:108A200066F5A39B67F5A49B68F5A59B69F5A69BD6
:108A30006AF5A79B6BF5A89B6CF5A99B6DF5AA9BA6
:108A40006EF5AB9B6FF5AC9B70F5AD9B71F5AE9B76
:108A500072F5AF9B73F5B09B74F5B19B75F5B29B46
:108A600076F5B39B77F5B49B78F5B59B79F5B69B16
:108A70007AF5B79B7BF5B89B7CF5B99B7DF5BA9BE6
:108A80007EF5BB9B80F5BC9B81F5BD9B82F5BE9BB3
:108A900083F5BF9B84F5C09B85F5C19B86F5C29B82
:108AA00087F5C39B88F5C49B89F5C59B8AF5C69B52
:108AB0008BF5C79B8CF5C89B8DF5C99B8EF5CA9B22
:108AC0008FF5CB9B90F5CC9B91F5CD9B92F5CE9BF2
:108AD00093F5CF9B94F5D09B95F5D19B96F5D29BC2
:108AE00097F5D39B98F5D49B99F5D59B9AF5D69B92
:108AF0009BF5D79B9CF5D89B9DF5D99B9EF5DA9B62
:108B00009FF5DB9BA0F5DC9B40F6DD9B41F6DE9BF1
:108B100042F6DF9B43F6E09B44F6E19B45F6E29B81
:108B200046F6E39B47F6E49B48F6E59B49F6E69B51
:108B30004AF6E79B4BF6E89B4CF6E99B4DF6EA9B21
:108B40004EF6EB9B4FF6EC9B50F6ED9B51F6EE9BF1
:108B500052F6EF9B53F6F09B54F6F19B55F6F29BC1
:108B600056F6F39B57F6F49B58F6F59B59F6F69B91
:108B70005AF6F79B5BF6F89B5CF6F99B5DF6FA9B61
:108B80005EF6FB9B5FF6FC9B60F6FD9B61F6FE9B31
:108B900062F6FF9B63F6009C64F6019C65F6029CFE
:108BA00066F6039C67F6049C68F6059C69F6069CCD
:108BB0006AF6079C6BF6089C6CF6099C6DF60A9C9D
:108BC0006EF60B9C6FF60C9C70F60D9C71F60E9C6D
:108BD00072F60F9C73F6109C74F6119C75F6129C3D
:108BE00076F6139C77F6149C78F6159C79F6169C0D
:108BF0007AF6179C7BF6189C7CF6199C7DF61A9CDD
:108C00007EF61B9C80F61C9C81F61D9C82F61E9CA9
:108C100083F61F9C84F6209C85F6219C86F6229C78
:108C200087F6239C88F6249C89F6259C8AF6269C48
:108C30008BF6279C8CF6289C8DF6299C8EF62A9C18
:108C40008FF62B9C90F62C9C91F62D9C92F62E9CE8
:108C500093F62F9C94F6309C95F6319C96F6329CB8
:108C600097F6339C98F6349C99F6359C9AF6369C88
:108C70009BF6379C9CF6389C9DF6399C9EF63A9C58
:108C80009FF63B9CA0F63C9C40F73D9C41F73E9CE8
:108C900042F73F9C43F7409C44F7419C45F7429C78
:108CA00046F7439C47F7449C48F7459C49F7469C48
:108CB0004AF7479C4BF7489C4CF7499C4DF74A9C18
:108CC0004EF74B9C4FF74C9C50F74D9C51F74E9CE8
:108CD00052F74F9C53F7509C54F7519C55F7529CB8
:108CE00056F7539C57F7549C58F7559C59F7569C88
:108CF0005AF7579C5BF7589C5CF7599C5DF75A9C58
:108D00005EF75B9C5FF75C9C60F75D9C61F75E9C27
:108D100062F75F9C63F7609C64F7619C65F7629CF7
:108D200066F7639C67F7649C68F7659C69F7669CC7
:108D30006AF7679C6BF7689C6CF7699C6DF76A9C97
:108D40006EF76B9C6FF76C9C70F76D9C71F76E9C67
:108D500072F76F9C73F7709C74F7719C75F7729C37
:108D600076F7739C77F7749C78F7759C79F7769C07
:108D70007AF7779C7BF7789C7CF7799C7DF77A9CD7
:108D80007EF77B9C80F77C9CE3D37D9C81F77E9C67
:108D900082F77F9CCFF6809C83F7819CB3C2829C34
:108DA000D0F6839C84F7849C85F7859CD1F6869CBD
:108DB000D2F6879CD3F6889CD4F6899C86F78A9C49
:108DC00087F78B9CD6F68C9C88F78D9CABB18E9CDC
:108DD000D7F68F9C89F7909CD8F6919CD9F6929CF7
:108DE000DAF6939C8AF7949CDBF6959CDCF6969CCD
:108DF0008BF7979C8CF7989C8DF7999C8EF79A9C93
:108E0000DDF69B9CDEF69C9CCACF9D9C8FF79E9CBA
:108E1000DFF69F9CE0F6A09CE1F6A19CE2F6A29C06
:108E2000E3F6A39CE4F6A49CF0C0A59CE5F6A69C02
:108E3000E6F6A79CE7F6A89CE8F6A99CE9F6AA9CAA
:108E400090F7AB9CEAF6AC9C91F7AD9CEBF6AE9C30
:108E5000ECF6AF9C92F7B09CEDF6B19CEEF6B29CAE
:108E6000EFF6B39CF0F6B49CF1F6B59CF2F6B69C26
:108E7000F3F6B79CF4F6B89CA8BEB99C93F7BA9CDD
:108E8000F5F6BB9CF6F6BC9CF7F6BD9CF8F6BE9CCE
:108E900094F7BF9C95F7C09C96F7C19C97F7C29C2E
:108EA00098F7C39CFAC8C49CF9F6C59CFAF6C69C10
:108EB000FBF6C79CFCF6C89C99F7C99C9AF7CA9C1C
:108EC000FDF6CB9CFEF6CC9CA1F7CD9CA2F7CE9CE8
:108ED000A3F7CF9CA4F7D09CA5F7D19C9BF7D29C7D
:108EE0009CF7D39CA6F7D49CA7F7D59CA8F7D69C53
:108EF000EEB1D79CA9F7D89CAAF7D99CABF7DA9C1E
:108F00009DF7DB9C9EF7DC9CACF7DD9CADF7DE9C0F
:108F1000DBC1DF9CAEF7E09C9FF7E19CA0F7E29CF1
:108F2000AFF7E39C40F8E49C41F8E59C42F8E69CEE
:108F300043F8E79C44F8E89C45F8E99C46F8EA9C2D
:108F400047F8EB9C48F8EC9C49F8ED9C4AF8EE9CFD
:108F50004BF8EF9C4CF8F09C4DF8F19C4EF8F29CCD
:108F60004FF8F39C50F8F49C51F8F59C52F8F69C9D
:108F700053F8F79C54F8F89C55F8F99C56F8FA9C6D
:108F800057F8FB9C58F8FC9C59F8FD9C5AF8FE9C3D
:108F90005BF8FF9C5CF8009D5DF8019D5EF8029D0A
:108FA0005FF8039D60F8049D61F8059D62F8069DD9
:108FB00063F8079D64F8089D65F8099D66F80A9DA9
:108FC00067F80B9D68F80C9D69F80D9D6AF80E9D79
:108FD0006BF80F9D6CF8109D6DF8119D6EF8129D49
:108FE0006FF8139D70F8149D71F8159D72F8169D19
:108FF00073F8179D74F8189D75F8199D76F81A9DE9
:1090000077F81B9D78F81C9D79F81D9D7AF81E9DB8
:109010007BF81F9D7CF8209D7DF8219D7EF8229D88
:1090200080F8239D81F8249D82F8259D83F8269D54
:1090300084F8279D85F8289D86F8299D87F82A9D24
:1090400088F82B9D89F82C9D8AF82D9D8BF82E9DF4
:109050008CF82F9D8DF8309D8EF8319D8FF8329DC4
:1090600090F8339D91F8349D92F8359D93F8369D94
:1090700094F8379D95F8389D96F8399D97F83A9D64
:1090800098F83B9D99F83C9D9AF83D9D9BF83E9D34
:109090009CF83F9D9DF8409D9EF8419D9FF8429D04
:1090A000A0F8439D40F9449D41F9459D42F9469DF4
:1090B00043F9479D44F9489D45F9499D46F94A9D24
:1090C00047F94B9D48F94C9D49F94D9D4AF94E9DF4
:1090D0004BF94F9D4CF9509D4DF9519D4EF9529DC4
:1090E0004FF9539D50F9549D51F9559D52F9569D94
:1090F00053F9579D54F9589D55F9599D56F95A9D64
:1091000057F95B9D58F95C9D59F95D9D5AF95E9D33
:109110005BF95F9D5CF9609D5DF9619D5EF9629D03
:109120005FF9639D60F9649D61F9659D62F9669DD3
:1091300063F9679D64F9689D65F9699D66F96A9DA3
:1091400067F96B9D68F96C9D69F96D9D6AF96E9D73
:109150006BF96F9D6CF9709D6DF9719D6EF9729D43
:109160006FF9739D70F9749D71F9759D72F9769D13
:1091700073F9779D74F9789D75F9799D76F97A9DE3
:1091800077F97B9D78F97C9D79F97D9D7AF97E9DB3
:109190007BF97F9D7CF9809D7DF9819D7EF9829D83
:1091A00080F9839D81F9849D82F9859D83F9869D4F
:1091B00084F9879D85F9889D86F9899D87F98A9D1F
:1091C00088F98B9D89F98C9D8AF98D9D8BF98E9DEF
:1091D0008CF98F9D8DF9909D8EF9919D8FF9929DBF
:1091E00090F9939D91F9949D92F9959D93F9969D8F
:1091F00094F9979D95F9989D96F9999D97F99A9D5F
:1092000098F99B9D99F99C9D9AF99D9D9BF99E9D2E
:109210009CF99F9D9DF9A09D9EF9A19D9FF9A29DFE
:10922000A0F9A39D40FAA49D41FAA59D42FAA69DEE
:1092300043FAA79D44FAA89D45FAA99D46FAAA9D1E
:1092400047FAAB9D48FAAC9D49FAAD9D4AFAAE9DEE
:109250004BFAAF9D4CFAB09D4DFAB19D4EFAB29DBE
:109260004FFAB39D50FAB49D51FAB59D52FAB69D8E
:1092700053FAB79D54FAB89D55FAB99D56FABA9D5E
:1092800057FABB9D58FABC9D59FABD9D5AFABE9D2E
:109290005BFABF9D5CFAC09D5DFAC19D5EFAC29DFE
:1092A0005FFAC39D60FAC49D61FAC59D62FAC69DCE
:1092B00063FAC79D64FAC89D65FAC99D66FACA9D9E
:1092C00067FACB9D68FACC9D69FACD9D6AFACE9D6E
:1092D0006BFACF9D6CFAD09D6DFAD19D6EFAD29D3E
:1092E0006FFAD39D70FAD49D71FAD59D72FAD69D0E
:1092F00073FAD79D74FAD89D75FAD99D76FADA9DDE
:1093000077FADB9D78FADC9D79FADD9D7AFADE9DAD
:109310007BFADF9D7CFAE09D7DFAE19D7EFAE29D7D
:1093200080FAE39D81FAE49D82FAE59D83FAE69D49
:1093300084FAE79D85FAE89D86FAE99D87FAEA9D19
:1093400088FAEB9D89FAEC9D8AFAED9D8BFAEE9DE9
:109350008CFAEF9D8DFAF09D8EFAF19D8FFAF29DB9
:1093600090FAF39D91FAF49D92FAF59D93FAF69D89
:1093700094FAF79D95FAF89D96FAF99D97FAFA9D59
:1093800098FAFB9D99FAFC9D9AFAFD9D9BFAFE9D29
:109390009CFAFF9D9DFA009E9EFA019E9FFA029EF6
:1093A000A0FA039E40FB049E41FB059E42FB069EE5
:1093B00043FB079E44FB089E45FB099E46FB0A9E15
:1093C00047FB0B9E48FB0C9E49FB0D9E4AFB0E9EE5
:1093D0004BFB0F9E4CFB109E4DFB119E4EFB129EB5
:1093E0004FFB139E50FB149E51FB159E52FB169E85
:1093F00053FB179E54FB189E55FB199E56FB1A9E55
:1094000057FB1B9E58FB1C9E59FB1D9E5AFB1E9E24
:109410005BFB1F9EF1C4209EAFF0219EA6BC229E46
:10942000B0F0239EF9C3249E5CFB259EB8C5269E02
:10943000BBD1279E5DFB289EB1F0299EB2F02A9EEB
:10944000B3F02B9EB4F02C9EB5F02D9EBCD12E9E79
:109450005EFB2F9EECD1309E5FFB319EB7F0329EBB
:10946000B6F0339EA7D4349E60FB359ED2CD369E97
:10947000B8F0379EBAF0389EB9F0399EBBF03A9EEC
:10948000BCF03B9E61FB3C9E62FB3D9EEBB83E9E6A
:10949000BDF03F9EE8BA409E63FB419EBEF0429EF7
:1094A000BFF0439EE9BE449EC0F0459EECB6469E8A
:1094B000C1F0479EC2F0489EC3F0499EC4F04A9E48
:1094C000B5C84B9EC5F04C9EC6F04D9E64FB4E9EAB
:1094D000C7F04F9EF4C5509E65FB519EC8F0529E4A
:1094E00066FB539E67FB549E68FB559EC9F0569ED3
:1094F00069FB579ECAF0589EBDF7599E6AFB5A9E5B
:10950000CBF05B9ECCF05C9ECDF05D9E6BFB5E9ED7
:10951000CEF05F9E6CFB609E6DFB619E6EFB629E5B
:109520006FFB639ECFF0649ED7BA659E70FB669E0C
:10953000D0F0679ED1F0689ED2F0699ED3F06A9E0B
:10954000D4F06B9ED5F06C9ED6F06D9ED8F06E9EDA
:1095500071FB6F9E72FB709EA5D3719ED7F0729EB9
:1095600073FB739ED9F0749E74FB759E75FB769E9B
:1095700076FB779E77FB789E78FB799E79FB7A9EC7
:109580007AFB7B9E7BFB7C9E7CFB7D9E7DFB7E9E97
:10959000BAF57F9EB9C2809E7EFB819E80FB829E33
:1095A000E4F7839E81FB849E82FB859E83FB869EDF
:1095B00084FB879EE5F7889EE6F7899E85FB8A9E59
:1095C00086FB8B9EE7F78C9E87FB8D9E88FB8E9E8D
:1095D00089FB8F9E8AFB909E8BFB919E8CFB929EBB
:1095E000E8F7939EB4C2949E8DFB959E8EFB969E4B
:1095F0008FFB979E90FB989E91FB999E92FB9A9E63
:1096000093FB9B9E94FB9C9E95FB9D9EEAF79E9EE2
:1096100096FB9F9EEBF7A09E97FBA19E98FBA29EB8
:1096200099FBA39E9AFBA49E9BFBA59E9CFBA69EDA
:10963000F3C2A79E9DFBA89E9EFBA99E9FFBAA9E90
:10964000A0FBAB9E40FCAC9E41FCAD9E42FCAE9E9E
:1096500043FCAF9E44FCB09E45FCB19E46FCB29ECE
:1096600047FCB39E48FCB49EF0F4B59E49FCB69E00
:109670004AFCB79E4BFCB89EEFF4B99E4CFCBA9ED8
:109680004DFCBB9EE9C2BC9E4EFCBD9EE1F7BE9E5A
:10969000E2F7BF9E4FFCC09E50FCC19E51FCC29E93
:1096A00052FCC39E53FCC49EC6BBC59E54FCC69EC2
:1096B00055FCC79E56FCC89E57FCC99EE4D9CA9E5D
:1096C00058FCCB9E59FCCC9E5AFCCD9EF2CACE9E35
:1096D000E8C0CF9EA4F0D09E5BFCD19EDABAD29EA9
:1096E0005CFCD39E5DFCD49EADC7D59E5EFCD69E31
:1096F0005FFCD79E60FCD89EACC4D99E61FCDA9E0C
:1097000062FCDB9EECF7DC9EEDF7DD9EEEF7DE9E65
:1097100063FCDF9EF0F7E09EEFF7E19E64FCE29EC3
:10972000F1F7E39E65FCE49E66FCE59EF4F7E69E99
:1097300067FCE79EF3F7E89E68FCE99EF2F7EA9E75
:10974000F5F7EB9E69FCEC9E6AFCED9E6BFCEE9ED1
:109750006CFCEF9EF6F7F09E6DFCF19E6EFCF29EA7
:109760006FFCF39E70FCF49E71FCF59E72FCF69EFD
:1097700073FCF79E74FCF89E75FCF99EE9EDFA9E69
:1097800076FCFB9EEAEDFC9EEBEDFD9E77FCFE9EDB
:10979000BCF6FF9E78FC009F79FC019F7AFC029F3B
:1097A0007BFC039F7CFC049F7DFC059F7EFC069F49
:1097B00080FC079F81FC089F82FC099F83FC0A9F15
:1097C00084FC0B9FBDF60C9F85FC0D9FBEF60E9F83
:1097D000A6B60F9F86FC109FBED8119F87FC129FD4
:1097E00088FC139FC4B9149F89FC159F8AFC169F9F
:1097F0008BFC179FBBD8189F8CFC199FB1DC1A9F5C
:109800008DFC1B9F8EFC1C9F8FFC1D9F90FC1E9F40
:1098100091FC1F9F92FC209FF3CA219F93FC229FE3
:10982000F7F7239F94FC249F95FC259F96FC269F89
:1098300097FC279F98FC289F99FC299F9AFC2A9FB8
:109840009BFC2B9F9CFC2C9FF8F72D9F9DFC2E9F33
:109850009EFC2F9FF9F7309F9FFC319FA0FC329F09
:1098600040FD339F41FD349F42FD359F43FD369FB0
:1098700044FD379FFBF7389F45FD399FFAF73A9F24
:1098800046FD3B9FC7B13C9F47FD3D9FFCF73E9F78
:10989000FDF73F9F48FD409F49FD419F4AFD429F84
:1098A0004BFD439F4CFD449FFEF7459F4DFD469F5A
:1098B0004EFD479F4FFD489F50FD499F51FD4A9FD8
:1098C00052FD4B9F53FD4C9F54FD4D9F55FD4E9FA8
:1098D00056FD4F9F57FD509FEBC6519FB4EC529FD2
:1098E00058FD539F59FD549F5AFD559F5BFD569F50
:1098F0005CFD579F5DFD589F5EFD599F5FFD5A9F20
:1099000060FD5B9F61FD5C9F62FD5D9F63FD5E9FEF
:1099100064FD5F9F65FD609F66FD619F67FD629FBF
:1099200068FD639F69FD649F6AFD659F6BFD669F8F
:109930006CFD679F6DFD689F6EFD699F6FFD6A9F5F
:1099400070FD6B9F71FD6C9F72FD6D9F73FD6E9F2F
:1099500074FD6F9F75FD709F76FD719F77FD729FFF
:1099600078FD739F79FD749F7AFD759F7BFD769FCF
:109970007CFD779F7DFD789F7EFD799F80FD7A9F9E
:1099800081FD7B9F82FD7C9F83FD7D9F84FD7E9F6B
:1099900085FD7F9FDDB3809FB3F6819F86FD829F0B
:1099A00087FD839FB4F6849FE4C1859FB5F6869FAB
:1099B000B6F6879FB7F6889FB8F6899FB9F68A9F53
:1099C000BAF68B9FA3C88C9FBBF68D9F88FD8E9F98
:1099D00089FD8F9F8AFD909F8BFD919F8CFD929FAB
:1099E0008DFD939F8EFD949F8FFD959F90FD969F7B
:1099F00091FD979F92FD989F93FD999FFAC19A9F21
:109A0000A8B99B9FE8ED9C9F94FD9D9F95FD9E9F0F
:109A100096FD9F9FEAB9A09FDFD9A19F97FDA29FC6
:109A200098FDA39F99FDA49F9AFDA59F9BFD2CF9EE
:109A30009CFD79F99DFD95F99EFDE7F99FFDF1F9F2
:109A4000A0FD0CFA40FE0DFA41FE0EFA42FE0FFA9E
:109A500043FE11FA44FE13FA45FE14FA46FE18FAC4
:109A600047FE1FFA48FE20FA49FE21FA4AFE23FA71
:109A70004BFE24FA4CFE27FA4DFE28FA4EFE29FA38
:109A80004FFE30FE55A931FEF2A633FEF4A634FE99
:109A9000F5A635FEE0A636FEE1A637FEF0A638FEB6
:109AA000F1A639FEE2A63AFEE3A63BFEEEA63CFE98
:109AB000EFA63DFEE6A63EFEE7A63FFEE4A640FE7C
:109AC000E5A641FEE8A642FEE9A643FEEAA644FE5C
:109AD000EBA649FE68A94AFE69A94BFE6AA94CFE9D
:109AE0006BA94DFE6CA94EFE6DA94FFE6EA950FEEE
:109AF0006FA951FE70A952FE71A954FE72A955FEBC
:109B000073A956FE74A957FE75A959FE76A95AFE87
:109B100077A95BFE78A95CFE79A95DFE7AA95EFE55
:109B20007BA95FFE7CA960FE7DA961FE7EA962FE25
:109B300080A963FE81A964FE82A965FE83A966FEF1
:109B400084A968FE85A969FE86A96AFE87A96BFEBD
:109B500088A901FFA1A302FFA2A303FFA3A304FFFF
:109B6000E7A105FFA5A306FFA6A307FFA7A308FF7C
:109B7000A8A309FFA9A30AFFAAA30BFFABA30CFF8D
:109B8000ACA30DFFADA30EFFAEA30FFFAFA310FF5D
:109B9000B0A311FFB1A312FFB2A313FFB3A314FF2D
:109BA000B4A315FFB5A316FFB6A317FFB7A318FFFD
:109BB000B8A319FFB9A31AFFBAA31BFFBBA31CFFCD
:109BC000BCA31DFFBDA31EFFBEA31FFFBFA320FF9D
:109BD000C0A321FFC1A322FFC2A323FFC3A324FF6D
:109BE000C4A325FFC5A326FFC6A327FFC7A328FF3D
:109BF000C8A329FFC9A32AFFCAA32BFFCBA32CFF0D
:109C0000CCA32DFFCDA32EFFCEA32FFFCFA330FFDC
:109C1000D0A331FFD1A332FFD2A333FFD3A334FFAC
:109C2000D4A335FFD5A336FFD6A337FFD7A338FF7C
:109C3000D8A339FFD9A33AFFDAA33BFFDBA33CFF4C
:109C4000DCA33DFFDDA33EFFDEA33FFFDFA340FF1C
:109C5000E0A341FFE1A342FFE2A343FFE3A344FFEC
:109C6000E4A345FFE5A346FFE6A347FFE7A348FFBC
:109C7000E8A349FFE9A34AFFEAA34BFFEBA34CFF8C
:109C8000ECA34DFFEDA34EFFEEA34FFFEFA350FF5C
:109C9000F0A351FFF1A352FFF2A353FFF3A354FF2C
:109CA000F4A355FFF5A356FFF6A357FFF7A358FFFC
:109CB000F8A359FFF9A35AFFFAA35BFFFBA35CFFCC
:109CC000FCA35DFFFDA35EFFABA1E0FFE9A1E1FF07
:109CD000EAA1E2FF56A9E3FFFEA3E4FF57A9E5FFCF
:109CE000A4A3000000008000AC204081024E41810E
:109CF000044E4281054E4381064E44810F4E4581FC
:109D0000124E4681174E47811F4E4881204E498191
:109D1000214E4A81234E4B81264E4C81294E4D8146
:109D20002E4E4E812F4E4F81314E5081334E5181F8
:109D3000354E5281374E53813C4E5481404E5581B1
:109D4000414E5681424E5781444E5881464E59816C
:109D50004A4E5A81514E5B81554E5C81574E5D8112
:109D60005A4E5E815B4E5F81624E6081634E6181BF
:109D7000644E6281654E6381674E6481684E658181
:109D80006A4E66816B4E67816C4E68816D4E69814B
:109D90006E4E6A816F4E6B81724E6C81744E6D8116
:109DA000754E6E81764E6F81774E7081784E7181DF
:109DB000794E72817A4E73817B4E74817C4E7581AF
:109DC0007D4E76817F4E7781804E7881814E79817C
:109DD000824E7A81834E7B81844E7C81854E7D814B
:109DE000874E7E818A4E8081904E8181964E8281FF
:109DF000974E8381994E84819C4E85819D4E8681AC
:109E00009E4E8781A34E8881AA4E8981AF4E8A815A
:109E1000B04E8B81B14E8C81B44E8D81B64E8E8109
:109E2000B74E8F81B84E9081B94E9181BC4E9281D0
:109E3000BD4E9381BE4E9481C84E9581CC4E968185
:109E4000CF4E9781D04E9881D24E9981DA4E9A8129
:109E5000DB4E9B81DC4E9C81E04E9D81E24E9E81DB
:109E6000E64E9F81E74EA081E94EA181ED4EA28191
:109E7000EE4EA381EF4EA481F14EA581F44EA68152
:109E8000F84EA781F94EA881FA4EA981FC4EAA810D
:109E9000FE4EAB81004FAC81024FAD81034FAE81CE
:109EA000044FAF81054FB081064FB181074FB2819A
:109EB000084FB3810B4FB4810C4FB581124FB6815F
:109EC000134FB781144FB881154FB981164FBA811E
:109ED0001C4FBB811D4FBC81214FBD81234FBE81D3
:109EE000284FBF81294FC0812C4FC1812D4FC28186
:109EF0002E4FC381314FC481334FC581354FC68149
:109F0000374FC781394FC8813B4FC9813E4FCA8106
:109F10003F4FCB81404FCC81414FCD81424FCE81CD
:109F2000444FCF81454FD081474FD181484FD28197
:109F3000494FD3814A4FD4814B4FD5814C4FD68165
:109F4000524FD781544FD881564FD981614FDA8112
:109F5000624FDB81664FDC81684FDD816A4FDE81B5
:109F60006B4FDF816D4FE0816E4FE181714FE28178
:109F7000724FE381754FE481774FE581784FE68139
:109F8000794FE7817A4FE8817D4FE981804FEA81FF
:109F9000814FEB81824FEC81854FED81864FEE81C1
:109FA000874FEF818A4FF0818C4FF1818E4FF28184
:109FB000904FF381924FF481934FF581954FF68145
:109FC000964FF781984FF881994FF9819A4FFA810E
:109FD0009C4FFB819E4FFC819F4FFD81A14FFE81D5
:109FE000A24F4082A44F4182AB4F4282AD4F438289
:109FF000B04F4482B14F4582B24F4682B34F478241
:10A00000B44F4882B64F4982B74F4A82B84F4B820D
:10A01000B94F4C82BA4F4D82BB4F4E82BC4F4F82DC
:10A02000BD4F5082BE4F5182C04F5282C14F5382AA
:10A03000C24F5482C64F5582C74F5682C84F57826F
:10A04000C94F5882CB4F5982CC4F5A82CD4F5B8239
:10A05000D24F5C82D34F5D82D44F5E82D54F5F82F8
:10A06000D64F6082D94F6182DB4F6282E04F6382BC
:10A07000E24F6482E44F6582E54F6682E74F678274
:10A08000EB4F6882EC4F6982F04F6A82F24F6B822D
:10A09000F44F6C82F54F6D82F64F6E82F74F6F82F0
:10A0A000F94F7082FB4F7182FC4F7282FD4F7382B9
:10A0B000FF4F748200507582015076820250778281
:10A0C000035078820450798205507A8206507B8250
:10A0D00007507C8208507D8209507E820A5080821F
:10A0E0000B5081820E5082821050838211508482E4
:10A0F00013508582155086821650878217508882A9
:10A100001B5089821D508A821E508B8220508C8267
:10A1100022508D8223508E8224508F82275090822D
:10A120002B5091822F5092823050938231509482E2
:10A1300032509582335096823450978235509882AF
:10A140003650998237509A8238509B8239509C827F
:10A150003B509D823D509E823F509F824050A08246
:10A160004150A1824250A2824450A3824550A48211
:10A170004650A5824950A6824A50A7824B50A882D9
:10A180004D50A9825050AA825150AB825250AC829D
:10A190005350AD825450AE825650AF825750B08269
:10A1A0005850B1825950B2825B50B3825D50B48234
:10A1B0005E50B5825F50B6826050B7826150B882FF
:10A1C0006250B9826350BA826450BB826650BC82CE
:10A1D0006750BD826850BE826950BF826A50C0829B
:10A1E0006B50C1826D50C2826E50C3826F50C48268
:10A1F0007050C5827150C6827250C7827350C88237
:10A200007450C9827550CA827850CB827950CC8202
:10A210007A50CD827C50CE827D50CF828150D082C8
:10A220008250D1828350D2828450D3828650D4828D
:10A230008750D5828950D6828A50D7828B50D88257
:10A240008C50D9828E50DA828F50DB829050DC8223
:10A250009150DD829250DE829350DF829450E082F2
:10A260009550E1829650E2829750E3829850E482C2
:10A270009950E5829A50E6829B50E7829C50E88292
:10A280009D50E9829E50EA829F50EB82A050EC8262
:10A29000A150ED82A250EE82A450EF82A650F0822F
:10A2A000AA50F182AB50F282AD50F382AE50F482EC
:10A2B000AF50F582B050F682B150F782B350F882B9
:10A2C000B450F982B550FA82B650FB82B750FC8286
:10A2D000B850FD82B950FE82BC504083BD504183CE
:10A2E000BE504283BF504383C0504483C150458316
:10A2F000C2504683C3504783C4504883C5504983E6
:10A30000C6504A83C7504B83C8504C83C9504D83B5
:10A31000CA504E83CB504F83CC505083CD50518385
:10A32000CE505283D0505383D1505483D250558352
:10A33000D3505683D4505783D5505883D750598320
:10A34000D8505A83D9505B83DB505C83DC505D83EB
:10A35000DD505E83DE505F83DF506083E0506183B9
:10A36000E1506283E2506383E3506483E450658389
:10A37000E5506683E8506783E9506883EA50698353
:10A38000EB506A83EF506B83F0506C83F1506D8318
:10A39000F2506E83F4506F83F6507083F7507183E0
:10A3A000F8507283F9507383FA507483FC507583AC
:10A3B000FD507683FE507783FF5078830051798378
:10A3C00001517A8302517B8303517C8304517D8345
:10A3D00005517E8308518083095181830A5182830C
:10A3E0000C5183830D5184830E5185830F518683D5
:10A3F00010518783115188831351898314518A83A3
:10A4000015518B8316518C8317518D8318518E8370
:10A4100019518F831A5190831B5191831C51928340
:10A420001D5193831E5194831F5195832051968310
:10A4300022519783235198832451998325519A83DC
:10A4400026519B8327519C8328519D8329519E83AC
:10A450002A519F832B51A0832C51A1832D51A2837C
:10A460002E51A3832F51A4833051A5833151A6834C
:10A470003251A7833351A8833451A9833551AA831C
:10A480003651AB833751AC833851AD833951AE83EC
:10A490003A51AF833B51B0833C51B1833D51B283BC
:10A4A0003E51B3834251B4834751B5834A51B68379
:10A4B0004C51B7834E51B8834F51B9835051BA8331
:10A4C0005251BB835351BC835751BD835851BE83F6
:10A4D0005951BF835B51C0835D51C1835E51C283BB
:10A4E0005F51C3836051C4836151C5836351C68387
:10A4F0006451C7836651C8836751C9836951CA8350
:10A500006A51CB836F51CC837251CD837A51CE8304
:10A510007E51CF837F51D0838351D1838451D283A5
:10A520008651D3838751D4838A51D5838B51D68367
:10A530008E51D7838F51D8839051D9839151DA832B
:10A540009351DB839451DC839851DD839A51DE83F0
:10A550009D51DF839E51E0839F51E183A151E283AE
:10A56000A351E383A651E483A751E583A851E68371
:10A57000A951E783AA51E883AD51E983AE51EA833B
:10A58000B451EB83B851EC83B951ED83BA51EE83EA
:10A59000BE51EF83BF51F083C151F183C251F283A9
:10A5A000C351F383C551F483C851F583CA51F6836F
:10A5B000CD51F783CE51F883D051F983D251FA832C
:10A5C000D351FB83D451FC83D551FD83D651FE83F7
:10A5D000D7514084D8514184D9514284DA514384BF
:10A5E000DC514484DE514584DF514684E251478486
:10A5F000E3514884E5514984E6514A84E7514B844C
:10A60000E8514C84E9514D84EA514E84EC514F8419
:10A61000EE515084F1515184F2515284F4515384DB
:10A62000F7515484FE515584045256840552578480
:10A63000095258840B5259840C525A840F525B842D
:10A6400010525C8413525D8414525E8415525F84F0
:10A650001C5260841E5261841F52628421526384A2
:10A66000225264842352658425526684265267846C
:10A67000275268842A5269842C526A842F526B8430
:10A6800031526C8432526D8434526E8435526F84F0
:10A690003C5270843E527184445272844552738499
:10A6A000465274844752758448527684495277845E
:10A6B0004B5278844E5279844F527A8452527B8422
:10A6C00053527C8455527D8457527E8458528084E4
:10A6D000595281845A5282845B5283845D528484AD
:10A6E0005F52858460528684625287846352888474
:10A6F0006452898466528A8468528B846B528C843B
:10A700006C528D846D528E846E528F847052908400
:10A7100071529184735292847452938475529484CA
:10A720007652958477529684785297847952988499
:10A730007A5299847B529A847C529B847E529C8468
:10A7400080529D8483529E8484529F848552A0842B
:10A750008652A1848752A2848952A3848A52A484F7
:10A760008B52A5848C52A6848D52A7848E52A884C5
:10A770008F52A9849152AA849252AB849452AC8491
:10A780009552AD849652AE849752AF849852B0845D
:10A790009952B1849A52B2849C52B384A452B48424
:10A7A000A552B584A652B684A752B784AE52B884D7
:10A7B000AF52B984B052BA84B452BB84B552BC848F
:10A7C000B652BD84B752BE84B852BF84B952C08459
:10A7D000BA52C184BB52C284BC52C384BD52C48429
:10A7E000C052C584C152C684C252C784C452C884F0
:10A7F000C552C984C652CA84C852CB84CA52CC84BA
:10A80000CC52CD84CD52CE84CE52CF84CF52D08480
:10A81000D152D184D352D284D452D384D552D48449
:10A82000D752D584D952D684DA52D784DB52D88411
:10A83000DC52D984DD52DA84DE52DB84E052DC84DF
:10A84000E152DD84E252DE84E352DF84E552E084AB
:10A85000E652E184E752E284E852E384E952E48478
:10A86000EA52E584EB52E684EC52E784ED52E88448
:10A87000EE52E984EF52EA84F152EB84F252EC8416
:10A88000F352ED84F452EE84F552EF84F652F084E4
:10A89000F752F184F852F284FB52F384FC52F484B0
:10A8A000FD52F5840153F6840253F7840353F88470
:10A8B0000453F9840753FA840953FB840A53FC8434
:10A8C0000B53FD840C53FE840E5340851153418578
:10A8D00012534285135343851453448518534585B9
:10A8E0001B5346851C5347851E5348851F53498576
:10A8F00022534A8524534B8525534C8527534D8538
:10A9000028534E8529534F852B5350852C53518501
:10A910002D5352852F5353853053548531535585CC
:10A92000325356853353578534535885355359859B
:10A9300036535A8537535B8538535C853C535D8568
:10A940003D535E8540535F85425360854453618526
:10A95000465362854B5363854C5364854D536585DF
:10A960005053668554536785585368855953698594
:10A970005B536A855D536B8565536C8568536D8544
:10A980006A536E856C536F856D53708572537185F4
:10A9900076537285795373857B5374857C537585A3
:10A9A0007D5376857E53778580537885815379856D
:10A9B00083537A8587537B8588537C858A537D852D
:10A9C0008E537E858F5380859053818591538285E8
:10A9D00092538385935384859453858596538685B6
:10A9E00097538785995388859B5389859C538A857E
:10A9F0009E538B85A0538C85A1538D85A4538E8542
:10AA0000A7538F85AA539085AB539185AC539285FC
:10AA1000AD539385AF539485B0539585B1539685C7
:10AA2000B2539785B3539885B4539985B5539A8596
:10AA3000B7539B85B8539C85B9539D85BA539E8562
:10AA4000BC539F85BD53A085BE53A185C053A2852D
:10AA5000C353A385C453A485C553A585C653A685F2
:10AA6000C753A785CE53A885CF53A985D053AA85B0
:10AA7000D253AB85D353AC85D553AD85DA53AE8570
:10AA8000DC53AF85DD53B085DE53B185E153B2852C
:10AA9000E253B385E753B485F453B585FA53B685CD
:10AAA000FE53B785FF53B8850054B9850254BA8563
:10AAB0000554BB850754BC850B54BD851454BE8515
:10AAC0001854BF851954C0851A54C1851C54C285B9
:10AAD0002254C3852454C4852554C5852A54C6856B
:10AAE0003054C7853354C8853654C9853754CA8510
:10AAF0003A54CB853D54CC853F54CD854154CE85C9
:10AB00004254CF854454D0854554D1854754D2858D
:10AB10004954D3854C54D4854D54D5854E54D6854F
:10AB20004F54D7855154D8855A54D9855D54DA8508
:10AB30005E54DB855F54DC856054DD856154DE85C1
:10AB40006354DF856554E0856754E1856954E28587
:10AB50006A54E3856B54E4856C54E5856D54E68551
:10AB60006E54E7856F54E8857054E9857454EA851E
:10AB70007954EB857A54EC857E54ED857F54EE85CF
:10AB80008154EF858354F0858554F1858754F2858F
:10AB90008854F3858954F4858A54F5858D54F68557
:10ABA0009154F7859354F8859754F9859854FA850C
:10ABB0009C54FB859E54FC859F54FD85A054FE85C6
:10ABC000A1544086A2544186A5544286AE54438681
:10ABD000B0544486B2544586B5544686B65447862A
:10ABE000B7544886B9544986BA544A86BC544B86F1
:10ABF000BE544C86C3544D86C5544E86CA544F86A7
:10AC0000CB545086D6545186D8545286DB54538642
:10AC1000E0545486E1545586E2545686E3545786F0
:10AC2000E4545886EB545986EC545A86EF545B86AC
:10AC3000F0545C86F1545D86F4545E86F5545F866C
:10AC4000F6546086F7546186F8546286F954638638
:10AC5000FB546486FE5465860055668602556786F9
:10AC6000035568860455698605556A8608556B86BE
:10AC70000A556C860B556D860C556E860D556F8684
:10AC80000E5570861255718613557286155573864A
:10AC90001655748617557586185576861955778614
:10ACA0001A5578861C5579861D557A861E557B86E1
:10ACB0001F557C8621557D8625557E8626558086A6
:10ACC00028558186295582862B5583862D55848665
:10ACD000325585863455868635558786365588861D
:10ACE0003855898639558A863A558B863B558C86E8
:10ACF0003D558D8640558E8642558F8645559086AA
:10AD000047559186485592864B5593864C55948667
:10AD10004D5595864E5596864F5597865155988632
:10AD20005255998653559A8654559B8657559C86FD
:10AD300058559D8659559E865A559F865B55A086C7
:10AD40005D55A1865E55A2865F55A3866055A48693
:10AD50006255A5866355A6866855A7866955A88657
:10AD60006B55A9866F55AA867055AB867155AC8612
:10AD70007255AD867355AE867455AF867955B086DB
:10AD80007A55B1867D55B2867F55B3868555B48692
:10AD90008655B5868C55B6868D55B7868E55B88640
:10ADA0009055B9869255BA869355BB869555BC8603
:10ADB0009655BD869755BE869A55BF869B55C086CB
:10ADC0009E55C186A055C286A155C386A255C4868C
:10ADD000A355C586A455C686A555C786A655C8865B
:10ADE000A855C986A955CA86AA55CB86AB55CC8627
:10ADF000AC55CD86AD55CE86AE55CF86AF55D086F7
:10AE0000B055D186B255D286B455D386B655D486C0
:10AE1000B855D586BA55D686BC55D786BF55D8867F
:10AE2000C055D986C155DA86C255DB86C355DC8646
:10AE3000C655DD86C755DE86C855DF86CA55E0860D
:10AE4000CB55E186CE55E286CF55E386D055E486D4
:10AE5000D555E586D755E686D855E786D955E8868F
:10AE6000DA55E986DB55EA86DE55EB86E055EC8659
:10AE7000E255ED86E755EE86E955EF86ED55F0860D
:10AE8000EE55F186F055F286F155F386F455F486C9
:10AE9000F655F586F855F686F955F786FA55F8868B
:10AEA000FB55F986FC55FA86FF55FB860256FC8653
:10AEB0000356FD860456FE86055640870656418792
:10AEC000075642870A5643870B5644870D564587D7
:10AED000105646871156478712564887135649879A
:10AEE00014564A8715564B8716564C8717564D876A
:10AEF00019564E871A564F871C5650871D56518734
:10AF000020565287215653872256548725565587F7
:10AF10002656568728565787295658872A565987BE
:10AF20002B565A872E565B872F565C8730565D8787
:10AF300033565E8735565F87375660873856618748
:10AF40003A5662873C5663873D5664873E5665870E
:10AF500040566687415667874256688743566987D9
:10AF600044566A8745566B8746566C8747566D87A9
:10AF700048566E8749566F874A5670874B56718779
:10AF80004F5672875056738751567487525675873D
:10AF90005356768755567787565678875A56798707
:10AFA0005B567A875D567B875E567C875F567D87CA
:10AFB00060567E8761568087635681876556828793
:10AFC00066568387675684876D5685876E56868753
:10AFD0006F568787705688877256898773568A8717
:10AFE00074568B8775568C8777568D8778568E87E3
:10AFF00079568F877A5690877D5691877E569287AD
:10B000007F56938780569487815695878256968778
:10B0100083569787845698878756998788569A8744
:10B0200089569B878A569C878B569D878C569E8710
:10B030008D569F879056A0879156A1879256A287DA
:10B040009456A3879556A4879656A5879756A687A4
:10B050009856A7879956A8879A56A9879B56AA8774
:10B060009C56AB879D56AC879E56AD879F56AE8744
:10B07000A056AF87A156B087A256B187A456B28713
:10B08000A556B387A656B487A756B587A856B687E0
:10B09000A956B787AA56B887AB56B987AC56BA87B0
:10B0A000AD56BB87AE56BC87B056BD87B156BE877E
:10B0B000B256BF87B356C087B456C187B556C2874C
:10B0C000B656C387B856C487B956C587BA56C68719
:10B0D000BB56C787BD56C887BE56C987BF56CA87E5
:10B0E000C056CB87C156CC87C256CD87C356CE87B4
:10B0F000C456CF87C556D087C656D187C756D28784
:10B10000C856D387C956D487CB56D587CC56D68751
:10B11000CD56D787CE56D887CF56D987D056DA871F
:10B12000D156DB87D256DC87D356DD87D556DE87EE
:10B13000D656DF87D856E087D956E187DC56E287B6
:10B14000E356E387E556E487E656E587E756E68764
:10B15000E856E787E956E887EA56E987EC56EA8732
:10B16000EE56EB87EF56EC87F256ED87F356EE87F7
:10B17000F656EF87F756F087F856F187FB56F287B9
:10B18000FC56F3870057F4870157F5870257F68777
:10B190000557F7870757F8870B57F9870C57FA8732
:10B1A0000D57FB870E57FC870F57FD871057FE87FB
:10B1B00011574088125741881357428814574388C3
:10B1C0001557448816574588175746881857478893
:10B1D000195748881A5749881B574A881D574B8862
:10B1E0001E574C8820574D8821574E8822574F882C
:10B1F00024575088255751882657528827575388F7
:10B200002B575488315755883257568834575788AA
:10B21000355758883657598837575A8838575B8872
:10B220003C575C883D575D883F575E8841575F8833
:10B2300043576088445761884557628846576388FA
:10B2400048576488495765884B57668852576788BE
:10B25000535768885457698855576A8856576B887A
:10B2600058576C8859576D8862576E8863576F8836
:10B2700065577088675771886C5772886E577388E6
:10B2800070577488715775887257768874577788A5
:10B29000755778887857798879577A887A577B886C
:10B2A0007D577C887E577D887F577E888057808831
:10B2B00081578188875782888857838889578488EF
:10B2C0008A5785888D5786888E5787888F578888B4
:10B2D0009057898891578A8894578B8895578C887E
:10B2E00096578D8897578E8898578F88995790884A
:10B2F0009A5791889C5792889D5793889E57948817
:10B300009F579588A5579688A8579788AA579888D1
:10B31000AC579988AF579A88B0579B88B1579C888B
:10B32000B3579D88B5579E88B6579F88B757A08852
:10B33000B957A188BA57A288BB57A388BC57A4881D
:10B34000BD57A588BE57A688BF57A788C057A888ED
:10B35000C157A988C457AA88C557AB88C657AC88B7
:10B36000C757AD88C857AE88C957AF88CA57B08885
:10B37000CC57B188CD57B288D057B388D157B4884D
:10B38000D357B588D657B688D757B788DB57B8880C
:10B39000DC57B988DE57BA88E157BB88E257BC88CA
:10B3A000E357BD88E557BE88E657BF88E757C08892
:10B3B000E857C188E957C288EA57C388EB57C48861
:10B3C000EC57C588EE57C688F057C788F157C8882C
:10B3D000F257C988F357CA88F557CB88F657CC88F7
:10B3E000F757CD88FB57CE88FC57CF88FE57D088BB
:10B3F000FF57D1880158D2880358D3880458D4887D
:10B400000558D5880858D6880958D7880A58D88842
:10B410000C58D9880E58DA880F58DB881058DC8809
:10B420001258DD881358DE881458DF881658E088D3
:10B430001758E1881858E2881A58E3881B58E4889E
:10B440001C58E5881D58E6881F58E7882258E88868
:10B450002358E9882558EA882658EB882758EC882D
:10B460002858ED882958EE882B58EF882C58F088FA
:10B470002D58F1882E58F2882F58F3883158F488C7
:10B480003258F5883358F6883458F7883658F88893
:10B490003758F9883858FA883958FB883A58FC8860
:10B4A0003B58FD883C58FE883D5840893E584189AC
:10B4B0003F584289405843894158448942584589F8
:10B4C00043584689455847894658488947584989C5
:10B4D00048584A8949584B894A584C894B584D8994
:10B4E0004E584E894F584F8950585089525851895B
:10B4F0005358528955585389565854895758558925
:10B50000595856895A5857895B5858895C585989EF
:10B510005D585A895F585B8960585C8961585D89BC
:10B5200062585E8963585F8964586089665861898A
:10B530006758628968586389695864896A58658957
:10B540006D5866896E5867896F586889705869891F
:10B5500071586A8972586B8973586C8974586D89EF
:10B5600075586E8976586F897758708978587189BF
:10B57000795872897A5873897B5874897C5875898F
:10B580007D5876897F587789825878898458798957
:10B5900086587A8987587B8988587C898A587D891A
:10B5A0008B587E898C5880898D5881898E588289E4
:10B5B0008F588389905884899158858994588689B1
:10B5C00095588789965888899758898998588A897B
:10B5D0009B588B899C588C899D588D89A0588E8941
:10B5E000A1588F89A2589089A3589189A45892890B
:10B5F000A5589389A6589489A7589589AA589689D9
:10B60000AB589789AC589889AD589989AE589A89A2
:10B61000AF589B89B0589C89B1589D89B2589E8972
:10B62000B3589F89B458A089B558A189B658A28942
:10B63000B758A389B858A489B958A589BA58A68912
:10B64000BB58A789BD58A889BE58A989BF58AA89DF
:10B65000C058AB89C258AC89C358AD89C458AE89AB
:10B66000C658AF89C758B089C858B189C958B28976
:10B67000CA58B389CB58B489CC58B589CD58B68946
:10B68000CE58B789CF58B889D058B989D258BA8915
:10B69000D358BB89D458BC89D658BD89D758BE89E0
:10B6A000D858BF89D958C089DA58C189DB58C289AE
:10B6B000DC58C389DD58C489DE58C589DF58C6897E
:10B6C000E058C789E158C889E258C989E358CA894E
:10B6D000E558CB89E658CC89E758CD89E858CE891A
:10B6E000E958CF89EA58D089ED58D189EF58D289E5
:10B6F000F158D389F258D489F458D589F558D689A8
:10B70000F758D789F858D889FA58D989FB58DA896F
:10B71000FC58DB89FD58DC89FE58DD89FF58DE893D
:10B720000059DF890159E0890359E1890559E28906
:10B730000659E3890859E4890959E5890A59E689CE
:10B740000B59E7890C59E8890E59E9891059EA899A
:10B750001159EB891259EC891359ED891759EE8962
:10B760001859EF891B59F0891D59F1891E59F28921
:10B770002059F3892159F4892259F5892359F689E9
:10B780002659F7892859F8892C59F9893059FA89A5
:10B790003259FB893359FC893559FD893659FE895F
:10B7A0003B59408A3D59418A3E59428A3F59438A12
:10B7B0004059448A4359458A4559468A4659478AD9
:10B7C0004A59488A4C59498A4D594A8A50594B8A94
:10B7D00052594C8A53594D8A59594E8A5B594F8A4E
:10B7E0005C59508A5D59518A5E59528A5F59538A11
:10B7F0006159548A6359558A6459568A6659578AD9
:10B800006759588A6859598A69595A8A6A595B8AA4
:10B810006B595C8A6C595D8A6D595E8A6E595F8A74
:10B820006F59608A7059618A7159628A7259638A44
:10B830007559648A7759658A7A59668A7B59678A05
:10B840007C59688A7E59698A7F596A8A80596B8ACD
:10B8500085596C8A89596D8A8B596E8A8C596F8A81
:10B860008E59708A8F59718A9059728A9159738A48
:10B870009459748A9559758A9859768A9A59778A0B
:10B880009B59788A9C59798A9D597A8A9F597B8AD3
:10B89000A0597C8AA1597D8AA2597E8AA659808A9C
:10B8A000A759818AAC59828AAD59838AB059848A52
:10B8B000B159858AB359868AB459878AB559888A15
:10B8C000B659898AB7598A8AB8598B8ABA598C8AE3
:10B8D000BC598D8ABD598E8ABF598F8AC059908AAA
:10B8E000C159918AC259928AC359938AC459948A78
:10B8F000C559958AC759968AC859978AC959988A45
:10B90000CC59998ACD599A8ACE599B8ACF599C8A0B
:10B91000D5599D8AD6599E8AD9599F8ADB59A08AC2
:10B92000DE59A18ADF59A28AE059A38AE159A48A83
:10B93000E259A58AE459A68AE659A78AE759A88A4E
:10B94000E959A98AEA59AA8AEB59AB8AED59AC8A16
:10B95000EE59AD8AEF59AE8AF059AF8AF159B08AE3
:10B96000F259B18AF359B28AF459B38AF559B48AB3
:10B97000F659B58AF759B68AF859B78AFA59B88A82
:10B98000FC59B98AFD59BA8AFE59BB8A005ABC8A49
:10B99000025ABD8A0A5ABE8A0B5ABF8A0D5AC08AF9
:10B9A0000E5AC18A0F5AC28A105AC38A125AC48ABE
:10B9B000145AC58A155AC68A165AC78A175AC88A87
:10B9C000195AC98A1A5ACA8A1B5ACB8A1D5ACC8A52
:10B9D0001E5ACD8A215ACE8A225ACF8A245AD08A18
:10B9E000265AD18A275AD28A285AD38A2A5AD48ADE
:10B9F0002B5AD58A2C5AD68A2D5AD78A2E5AD88AAB
:10BA00002F5AD98A305ADA8A335ADB8A355ADC8A75
:10BA1000375ADD8A385ADE8A395ADF8A3A5AE08A3A
:10BA20003B5AE18A3D5AE28A3E5AE38A3F5AE48A07
:10BA3000415AE58A425AE68A435AE78A445AE88AD2
:10BA4000455AE98A475AEA8A485AEB8A4B5AEC8A9D
:10BA50004C5AED8A4D5AEE8A4E5AEF8A4F5AF08A66
:10BA6000505AF18A515AF28A525AF38A535AF48A36
:10BA7000545AF58A565AF68A575AF78A585AF88A03
:10BA8000595AF98A5B5AFA8A5C5AFB8A5D5AFC8ACF
:10BA90005E5AFD8A5F5AFE8A605A408B615A418B1A
:10BAA000635A428B645A438B655A448B665A458B62
:10BAB000685A468B695A478B6B5A488B6C5A498B2C
:10BAC0006D5A4A8B6E5A4B8B6F5A4C8B705A4D8BFA
:10BAD000715A4E8B725A4F8B735A508B785A518BC6
:10BAE000795A528B7B5A538B7C5A548B7D5A558B87
:10BAF0007E5A568B805A578B815A588B825A598B53
:10BB0000835A5A8B845A5B8B855A5C8B865A5D8B21
:10BB1000875A5E8B885A5F8B895A608B8A5A618BF1
:10BB20008B5A628B8C5A638B8D5A648B8E5A658BC1
:10BB30008F5A668B905A678B915A688B935A698B90
:10BB4000945A6A8B955A6B8B965A6C8B975A6D8B5D
:10BB5000985A6E8B995A6F8B9C5A708B9D5A718B29
:10BB60009E5A728B9F5A738BA05A748BA15A758BF5
:10BB7000A25A768BA35A778BA45A788BA55A798BC5
:10BB8000A65A7A8BA75A7B8BA85A7C8BA95A7D8B95
:10BB9000AB5A7E8BAC5A808BAD5A818BAE5A828B5E
:10BBA000AF5A838BB05A848BB15A858BB45A868B2B
:10BBB000B65A878BB75A888BB95A898BBA5A8A8BEF
:10BBC000BB5A8B8BBC5A8C8BBD5A8D8BBF5A8E8BBC
:10BBD000C05A8F8BC35A908BC45A918BC55A928B83
:10BBE000C65A938BC75A948BC85A958BCA5A968B50
:10BBF000CB5A978BCD5A988BCE5A998BCF5A9A8B1A
:10BC0000D05A9B8BD15A9C8BD35A9D8BD55A9E8BE5
:10BC1000D75A9F8BD95AA08BDA5AA18BDB5AA28BA9
:10BC2000DD5AA38BDE5AA48BDF5AA58BE25AA68B72
:10BC3000E45AA78BE55AA88BE75AA98BE85AAA8B36
:10BC4000EA5AAB8BEC5AAC8BED5AAD8BEE5AAE8BFD
:10BC5000EF5AAF8BF05AB08BF25AB18BF35AB28BCA
:10BC6000F45AB38BF55AB48BF65AB58BF75AB68B98
:10BC7000F85AB78BF95AB88BFA5AB98BFB5ABA8B68
:10BC8000FC5ABB8BFD5ABC8BFE5ABD8BFF5ABE8B38
:10BC9000005BBF8B015BC08B025BC18B035BC28B04
:10BCA000045BC38B055BC48B065BC58B075BC68BD4
:10BCB000085BC78B0A5BC88B0B5BC98B0C5BCA8BA1
:10BCC0000D5BCB8B0E5BCC8B0F5BCD8B105BCE8B70
:10BCD000115BCF8B125BD08B135BD18B145BD28B40
:10BCE000155BD38B185BD48B195BD58B1A5BD68B0A
:10BCF0001B5BD78B1C5BD88B1D5BD98B1E5BDA8BD8
:10BD00001F5BDB8B205BDC8B215BDD8B225BDE8BA7
:10BD1000235BDF8B245BE08B255BE18B265BE28B77
:10BD2000275BE38B285BE48B295BE58B2A5BE68B47
:10BD30002B5BE78B2C5BE88B2D5BE98B2E5BEA8B17
:10BD40002F5BEB8B305BEC8B315BED8B335BEE8BE6
:10BD5000355BEF8B365BF08B385BF18B395BF28BAD
:10BD60003A5BF38B3B5BF48B3C5BF58B3D5BF68B7B
:10BD70003E5BF78B3F5BF88B415BF98B425BFA8B49
:10BD8000435BFB8B445BFC8B455BFD8B465BFE8B17
:10BD9000475B408C485B418C495B428C4A5B438CDF
:10BDA0004B5B448C4C5B458C4D5B468C4E5B478CAF
:10BDB0004F5B488C525B498C565B4A8C5E5B4B8C6C
:10BDC000605B4C8C615B4D8C675B4E8C685B4F8C11
:10BDD0006B5B508C6D5B518C6E5B528C6F5B538CCC
:10BDE000725B548C745B558C765B568C775B578C8E
:10BDF000785B588C795B598C7B5B5A8C7C5B5B8C59
:10BE00007E5B5C8C7F5B5D8C825B5E8C865B5F8C1B
:10BE10008A5B608C8D5B618C8E5B628C905B638CCB
:10BE2000915B648C925B658C945B668C965B678C93
:10BE30009F5B688CA75B698CA85B6A8CA95B6B8C29
:10BE4000AC5B6C8CAD5B6D8CAE5B6E8CAF5B6F8CEA
:10BE5000B15B708CB25B718CB75B728CBA5B738CAC
:10BE6000BB5B748CBC5B758CC05B768CC15B778C68
:10BE7000C35B788CC85B798CC95B7A8CCA5B7B8C22
:10BE8000CB5B7C8CCD5B7D8CCE5B7E8CCF5B808CEA
:10BE9000D15B818CD45B828CD55B838CD65B848CAC
:10BEA000D75B858CD85B868CD95B878CDA5B888C7A
:10BEB000DB5B898CDC5B8A8CE05B8B8CE25B8C8C43
:10BEC000E35B8D8CE65B8E8CE75B8F8CE95B908C03
:10BED000EA5B918CEB5B928CEC5B938CED5B948CCE
:10BEE000EF5B958CF15B968CF25B978CF35B988C97
:10BEF000F45B998CF55B9A8CF65B9B8CF75B9C8C66
:10BF0000FD5B9D8CFE5B9E8C005C9F8C025CA08C1C
:10BF1000035CA18C055CA28C075CA38C085CA48CE0
:10BF20000B5CA58C0C5CA68C0D5CA78C0E5CA88CA5
:10BF3000105CA98C125CAA8C135CAB8C175CAC8C6B
:10BF4000195CAD8C1B5CAE8C1E5CAF8C1F5CB08C26
:10BF5000205CB18C215CB28C235CB38C265CB48CED
:10BF6000285CB58C295CB68C2A5CB78C2B5CB88CB1
:10BF70002D5CB98C2E5CBA8C2F5CBB8C305CBC8C7D
:10BF8000325CBD8C335CBE8C355CBF8C365CC08C47
:10BF9000375CC18C435CC28C445CC38C465CC48CF3
:10BFA000475CC58C4C5CC68C4D5CC78C525CC88CA5
:10BFB000535CC98C545CCA8C565CCB8C575CCC8C63
:10BFC000585CCD8C5A5CCE8C5B5CCF8C5C5CD08C2E
:10BFD0005D5CD18C5F5CD28C625CD38C645CD48CF5
:10BFE000675CD58C685CD68C695CD78C6A5CD88CB5
:10BFF0006B5CD98C6C5CDA8C6D5CDB8C705CDC8C83
:10C00000725CDD8C735CDE8C745CDF8C755CE08C48
:10C01000765CE18C775CE28C785CE38C7B5CE48C16
:10C020007C5CE58C7D5CE68C7E5CE78C805CE88CDF
:10C03000835CE98C845CEA8C855CEB8C865CEC8CA4
:10C04000875CED8C895CEE8C8A5CEF8C8B5CF08C71
:10C050008E5CF18C8F5CF28C925CF38C935CF48C34
:10C06000955CF58C9D5CF68C9E5CF78C9F5CF88CE7
:10C07000A05CF98CA15CFA8CA45CFB8CA55CFC8CAC
:10C08000A65CFD8CA75CFE8CA85C408DAA5C418DF3
:10C09000AE5C428DAF5C438DB05C448DB25C458D2F
:10C0A000B45C468DB65C478DB95C488DBA5C498DF1
:10C0B000BB5C4A8DBC5C4B8DBE5C4C8DC05C4D8DB9
:10C0C000C25C4E8DC35C4F8DC55C508DC65C518D7E
:10C0D000C75C528DC85C538DC95C548DCA5C558D4C
:10C0E000CC5C568DCD5C578DCE5C588DCF5C598D18
:10C0F000D05C5A8DD15C5B8DD35C5C8DD45C5D8DE6
:10C10000D55C5E8DD65C5F8DD75C608DD85C618DB3
:10C11000DA5C628DDB5C638DDC5C648DDD5C658D7F
:10C12000DE5C668DDF5C678DE05C688DE25C698D4E
:10C13000E35C6A8DE75C6B8DE95C6C8DEB5C6D8D0F
:10C14000EC5C6E8DEE5C6F8DEF5C708DF15C718DD3
:10C15000F25C728DF35C738DF45C748DF55C758D9F
:10C16000F65C768DF75C778DF85C788DF95C798D6F
:10C17000FA5C7A8DFC5C7B8DFD5C7C8DFE5C7D8D3C
:10C18000FF5C7E8D005D808D015D818D045D828D03
:10C19000055D838D085D848D095D858D0A5D868DC5
:10C1A0000B5D878D0C5D888D0D5D898D0F5D8A8D92
:10C1B000105D8B8D115D8C8D125D8D8D135D8E8D5F
:10C1C000155D8F8D175D908D185D918D195D928D28
:10C1D0001A5D938D1C5D948D1D5D958D1F5D968DF3
:10C1E000205D978D215D988D225D998D235D9A8DBF
:10C1F000255D9B8D285D9C8D2A5D9D8D2B5D9E8D83
:10C200002C5D9F8D2F5DA08D305DA18D315DA28D48
:10C21000325DA38D335DA48D355DA58D365DA68D14
:10C22000375DA78D385DA88D395DA98D3A5DAA8DE2
:10C230003B5DAB8D3C5DAC8D3F5DAD8D405DAE8DAE
:10C24000415DAF8D425DB08D435DB18D445DB28D7A
:10C25000455DB38D465DB48D485DB58D495DB68D48
:10C260004D5DB78D4E5DB88D4F5DB98D505DBA8D0A
:10C27000515DBB8D525DBC8D535DBD8D545DBE8DDA
:10C28000555DBF8D565DC08D575DC18D595DC28DA9
:10C290005A5DC38D5C5DC48D5E5DC58D5F5DC68D71
:10C2A000605DC78D615DC88D625DC98D635DCA8D3E
:10C2B000645DCB8D655DCC8D665DCD8D675DCE8D0E
:10C2C000685DCF8D6A5DD08D6D5DD18D6E5DD28DD7
:10C2D000705DD38D715DD48D725DD58D735DD68D9E
:10C2E000755DD78D765DD88D775DD98D785DDA8D6A
:10C2F000795DDB8D7A5DDC8D7B5DDD8D7C5DDE8D3A
:10C300007D5DDF8D7E5DE08D7F5DE18D805DE28D09
:10C31000815DE38D835DE48D845DE58D855DE68DD6
:10C32000865DE78D875DE88D885DE98D895DEA8DA5
:10C330008A5DEB8D8B5DEC8D8C5DED8D8D5DEE8D75
:10C340008E5DEF8D8F5DF08D905DF18D915DF28D45
:10C35000925DF38D935DF48D945DF58D955DF68D15
:10C36000965DF78D975DF88D985DF98D9A5DFA8DE4
:10C370009B5DFB8D9C5DFC8D9E5DFD8D9F5DFE8DAF
:10C38000A05D408EA15D418EA25D428EA35D438E75
:10C39000A45D448EA55D458EA65D468EA75D478E45
:10C3A000A85D488EA95D498EAA5D4A8EAB5D4B8E15
:10C3B000AC5D4C8EAD5D4D8EAE5D4E8EAF5D4F8EE5
:10C3C000B05D508EB15D518EB25D528EB35D538EB5
:10C3D000B45D548EB55D558EB65D568EB85D578E84
:10C3E000B95D588EBA5D598EBB5D5A8EBC5D5B8E51
:10C3F000BD5D5C8EBE5D5D8EBF5D5E8EC05D5F8E21
:10C40000C15D608EC25D618EC35D628EC45D638EF0
:10C41000C65D648EC75D658EC85D668EC95D678EBC
:10C42000CA5D688ECB5D698ECC5D6A8ECE5D6B8E8B
:10C43000CF5D6C8ED05D6D8ED15D6E8ED25D6F8E58
:10C44000D35D708ED45D718ED55D728ED65D738E28
:10C45000D75D748ED85D758ED95D768EDA5D778EF8
:10C46000DC5D788EDF5D798EE05D7A8EE35D7B8EBC
:10C47000E45D7C8EEA5D7D8EEC5D7E8EED5D808E72
:10C48000F05D818EF55D828EF65D838EF85D848E23
:10C49000F95D858EFA5D868EFB5D878EFC5D888EEC
:10C4A000FF5D898E005E8A8E045E8B8E075E8C8EA9
:10C4B000095E8D8E0A5E8E8E0B5E8F8E0D5E908E67
:10C4C0000E5E918E125E928E135E938E175E948E28
:10C4D0001E5E958E1F5E968E205E978E215E988ED4
:10C4E000225E998E235E9A8E245E9B8E255E9C8EA4
:10C4F000285E9D8E295E9E8E2A5E9F8E2B5EA08E6C
:10C500002C5EA18E2F5EA28E305EA38E325EA48E34
:10C51000335EA58E345EA68E355EA78E365EA88EFF
:10C52000395EA98E3A5EAA8E3E5EAB8E3F5EAC8EC1
:10C53000405EAD8E415EAE8E435EAF8E465EB08E87
:10C54000475EB18E485EB28E495EB38E4A5EB48E4F
:10C550004B5EB58E4D5EB68E4E5EB78E4F5EB88E1C
:10C56000505EB98E515EBA8E525EBB8E535EBC8EEB
:10C57000565EBD8E575EBE8E585EBF8E595EC08EB3
:10C580005A5EC18E5C5EC28E5D5EC38E5F5EC48E7F
:10C59000605EC58E635EC68E645EC78E655EC88E45
:10C5A000665EC98E675ECA8E685ECB8E695ECC8E13
:10C5B0006A5ECD8E6B5ECE8E6C5ECF8E6D5ED08EE3
:10C5C0006E5ED18E6F5ED28E705ED38E715ED48EB3
:10C5D000755ED58E775ED68E795ED78E7E5ED88E6E
:10C5E000815ED98E825EDA8E835EDB8E855EDC8E26
:10C5F000885EDD8E895EDE8E8C5EDF8E8D5EE08EE7
:10C600008E5EE18E925EE28E985EE38E9B5EE48E9D
:10C610009D5EE58EA15EE68EA25EE78EA35EE88E4D
:10C62000A45EE98EA85EEA8EA95EEB8EAA5EEC8E11
:10C63000AB5EED8EAC5EEE8EAE5EEF8EAF5EF08EDC
:10C64000B05EF18EB15EF28EB25EF38EB45EF48EA9
:10C65000BA5EF58EBB5EF68EBC5EF78EBD5EF88E62
:10C66000BF5EF98EC05EFA8EC15EFB8EC25EFC8E2E
:10C67000C35EFD8EC45EFE8EC55E408FC65E418F7A
:10C68000C75E428FC85E438FCB5E448FCC5E458FC2
:10C69000CD5E468FCE5E478FCF5E488FD05E498F8E
:10C6A000D45E4A8FD55E4B8FD75E4C8FD85E4D8F50
:10C6B000D95E4E8FDA5E4F8FDC5E508FDD5E518F1C
:10C6C000DE5E528FDF5E538FE05E548FE15E558FEA
:10C6D000E25E568FE35E578FE45E588FE55E598FBA
:10C6E000E65E5A8FE75E5B8FE95E5C8FEB5E5D8F87
:10C6F000EC5E5E8FED5E5F8FEE5E608FEF5E618F52
:10C70000F05E628FF15E638FF25E648FF35E658F21
:10C71000F55E668FF85E678FF95E688FFB5E698FE6
:10C72000FC5E6A8FFD5E6B8F055F6C8F065F6D8FA1
:10C73000075F6E8F095F6F8F0C5F708F0D5F718F5A
:10C740000E5F728F105F738F125F748F145F758F1F
:10C75000165F768F195F778F1A5F788F1C5F798FDE
:10C760001D5F7A8F1E5F7B8F215F7C8F225F7D8FA5
:10C77000235F7E8F245F808F285F818F2B5F828F66
:10C780002C5F838F2E5F848F305F858F325F868F23
:10C79000335F878F345F888F355F898F365F8A8FED
:10C7A000375F8B8F385F8C8F3B5F8D8F3D5F8E8FB8
:10C7B0003E5F8F8F3F5F908F415F918F425F928F7F
:10C7C000435F938F445F948F455F958F465F968F4D
:10C7D000475F978F485F988F495F998F4A5F9A8F1D
:10C7E0004B5F9B8F4C5F9C8F4D5F9D8F4E5F9E8FED
:10C7F0004F5F9F8F515FA08F545FA18F595FA28FB2
:10C800005A5FA38F5B5FA48F5C5FA58F5E5FA68F6F
:10C810005F5FA78F605FA88F635FA98F655FAA8F37
:10C82000675FAB8F685FAC8F6B5FAD8F6E5FAE8FF6
:10C830006F5FAF8F725FB08F745FB18F755FB28FB4
:10C84000765FB38F785FB48F7A5FB58F7D5FB68F79
:10C850007E5FB78F7F5FB88F835FB98F865FBA8F38
:10C860008D5FBB8F8E5FBC8F8F5FBD8F915FBE8FE3
:10C87000935FBF8F945FC08F965FC18F9A5FC28FA7
:10C880009B5FC38F9D5FC48F9E5FC58F9F5FC68F69
:10C89000A05FC78FA25FC88FA35FC98FA45FCA8F35
:10C8A000A55FCB8FA65FCC8FA75FCD8FA95FCE8F03
:10C8B000AB5FCF8FAC5FD08FAF5FD18FB05FD28FC8
:10C8C000B15FD38FB25FD48FB35FD58FB45FD68F94
:10C8D000B65FD78FB85FD88FB95FD98FBA5FDA8F5D
:10C8E000BB5FDB8FBE5FDC8FBF5FDD8FC05FDE8F26
:10C8F000C15FDF8FC25FE08FC75FE18FC85FE28FEC
:10C90000CA5FE38FCB5FE48FCE5FE58FD35FE68FA7
:10C91000D45FE78FD55FE88FDA5FE98FDB5FEA8F5F
:10C92000DC5FEB8FDE5FEC8FDF5FED8FE25FEE8F22
:10C93000E35FEF8FE55FF08FE65FF18FE85FF28FE7
:10C94000E95FF38FEC5FF48FEF5FF58FF05FF68FA9
:10C95000F25FF78FF35FF88FF45FF98FF65FFA8F6E
:10C96000F75FFB8FF95FFC8FFA5FFD8FFC5FFE8F37
:10C970000760409008604190096042900B604390CE
:10C980000C60449010604590116046901360479091
:10C9900017604890186049901A604A901E604B904A
:10C9A0001F604C9022604D9023604E9024604F9009
:10C9B0002C6050902D6051902E60529030605390BA
:10C9C0003160549032605590336056903460579087
:10C9D000366058903760599038605A9039605B9053
:10C9E0003A605C903D605D903E605E9040605F901C
:10C9F00044606090456061904660629047606390DB
:10CA000048606490496065904A6066904C606790A9
:10CA10004E6068904F60699051606A9053606B906F
:10CA200054606C9056606D9057606E9058606F9037
:10CA30005B6070905C6071905E6072905F607390FC
:10CA400060607490616075906560769066607790C4
:10CA50006E6078907160799072607A9074607B906B
:10CA600075607C9077607D907E607E908060809025
:10CA700081608190826082908560839086608490DE
:10CA800087608590886086908A6087908B608890A8
:10CA90008E6089908F608A9090608B9091608C906E
:10CAA00093608D9095608E9097608F909860909035
:10CAB000996091909C6092909E609390A1609490F8
:10CAC000A2609590A4609690A5609790A7609890BA
:10CAD000A9609990AA609A90AE609B90B0609C907B
:10CAE000B3609D90B5609E90B6609F90B760A09037
:10CAF000B960A190BA60A290BD60A390BE60A490FE
:10CB0000BF60A590C060A690C160A790C260A890C9
:10CB1000C360A990C460AA90C760AB90C860AC9095
:10CB2000C960AD90CC60AE90CD60AF90CE60B0905B
:10CB3000CF60B190D060B290D260B390D360B49027
:10CB4000D460B590D660B690D760B790D960B890F1
:10CB5000DB60B990DE60BA90E160BB90E260BC90AF
:10CB6000E360BD90E460BE90E560BF90EA60C09075
:10CB7000F160C190F260C290F560C390F760C4901C
:10CB8000F860C590FB60C690FC60C790FD60C890DF
:10CB9000FE60C990FF60CA900261CB900361CC90A7
:10CBA0000461CD900561CE900761CF900A61D0906D
:10CBB0000B61D1900C61D2901061D3901161D4902F
:10CBC0001261D5901361D6901461D7901661D890F8
:10CBD0001761D9901861DA901961DB901B61DC90C4
:10CBE0001C61DD901D61DE901E61DF902161E0908F
:10CBF0002261E1902561E2902861E3902961E4904F
:10CC00002A61E5902C61E6902D61E7902E61E89015
:10CC10002F61E9903061EA903161EB903261EC90E4
:10CC20003361ED903461EE903561EF903661F090B4
:10CC30003761F1903861F2903961F3903A61F49084
:10CC40003B61F5903C61F6903D61F7903E61F89054
:10CC50004061F9904161FA904261FB904361FC9020
:10CC60004461FD904561FE9046614091476141916C
:10CC7000496142914B6143914D6144914F614591AE
:10CC80005061469152614791536148915461499175
:10CC900056614A9157614B9158614C9159614D9140
:10CCA0005A614E915B614F915C6150915E6151910F
:10CCB0005F615291606153916161549163615591DB
:10CCC00064615691656157916661589169615991A6
:10CCD0006A615A916B615B916C615C916D615D9170
:10CCE0006E615E916F615F9171616091726161913E
:10CCF0007361629174616391766164917861659109
:10CD0000796166917A6167917B6168917C616991D3
:10CD10007D616A917E616B917F616C9180616D91A3
:10CD200081616E9182616F91836170918461719173
:10CD30008561729186617391876174918861759143
:10CD4000896176918A6177918C6178918D61799111
:10CD50008F617A9190617B9191617C9192617D91DB
:10CD600093617E91956180919661819197618291A5
:10CD700098618391996184919A6185919B61869173
:10CD80009C6187919E6188919F618991A0618A9140
:10CD9000A1618B91A2618C91A3618D91A4618E910F
:10CDA000A5618F91A6619091AA619191AB619291D9
:10CDB000AD619391AE619491AF619591B06196919F
:10CDC000B1619791B2619891B3619991B4619A916F
:10CDD000B5619B91B6619C91B8619D91B9619E913D
:10CDE000BA619F91BB61A091BC61A191BD61A2910B
:10CDF000BF61A391C061A491C161A591C361A691D6
:10CE0000C461A791C561A891C661A991C761AA91A2
:10CE1000C961AB91CC61AC91CD61AD91CE61AE9168
:10CE2000CF61AF91D061B091D361B191D561B29131
:10CE3000D661B391D761B491D861B591D961B691FA
:10CE4000DA61B791DB61B891DC61B991DD61BA91CA
:10CE5000DE61BB91DF61BC91E061BD91E161BE919A
:10CE6000E261BF91E361C091E461C191E561C2916A
:10CE7000E761C391E861C491E961C591EA61C69136
:10CE8000EB61C791EC61C891ED61C991EE61CA9106
:10CE9000EF61CB91F061CC91F161CD91F261CE91D6
:10CEA000F361CF91F461D091F661D191F761D291A4
:10CEB000F861D391F961D491FA61D591FB61D69172
:10CEC000FC61D791FD61D891FE61D9910062DA9140
:10CED0000162DB910262DC910362DD910462DE910A
:10CEE0000562DF910762E0910962E1911362E291CC
:10CEF0001462E3911962E4911C62E5911D62E6916E
:10CF00001E62E7912062E8912362E9912662EA912C
:10CF10002762EB912862EC912962ED912B62EE91F0
:10CF20002D62EF912F62F0913062F1913162F291B6
:10CF30003262F3913562F4913662F5913862F6917E
:10CF40003962F7913A62F8913B62F9913C62FA9149
:10CF50004262FB914462FC914562FD914662FE9102
:10CF60004A6240924F6241925062429255624392AD
:10CF70005662449257624592596246925A6247926B
:10CF80005C6248925D6249925E624A925F624B9235
:10CF900060624C9261624D9262624E9264624F9204
:10CFA00065625092686251927162529272625392BB
:10CFB0007462549275625592776256927862579273
:10CFC0007A6258927B6259927D625A9281625B9238
:10CFD00082625C9283625D9285625E9286625F92FB
:10CFE00087626092886261928B6262928C626392C5
:10CFF0008D6264928E6265928F6266929062679291
:10D0000094626892996269929C626A929D626B9244
:10D010009E626C92A3626D92A6626E92A7626F92FC
:10D02000A9627092AA627192AD627292AE627392BC
:10D03000AF627492B0627592B2627692B362779286
:10D04000B4627892B6627992B7627A92B8627B9251
:10D05000BA627C92BE627D92C0627E92C162809210
:10D06000C3628192CB628292CF628392D1628492B8
:10D07000D5628592DD628692DE628792E062889256
:10D08000E1628992E4628A92EA628B92EB628C920C
:10D09000F0628D92F2628E92F5628F92F8629092B7
:10D0A000F9629192FA629292FB6293920063949277
:10D0B0000363959204639692056397920663989230
:10D0C0000A6399920B639A920C639B920D639C92F4
:10D0D0000F639D9210639E9212639F921363A092BE
:10D0E0001463A1921563A2921763A3921863A4928A
:10D0F0001963A5921C63A6922663A7922763A89240
:10D100002963A9922C63AA922D63AB922E63AC92F1
:10D110003063AD923163AE923363AF923463B092B9
:10D120003563B1923663B2923763B3923863B49287
:10D130003B63B5923C63B6923E63B7923F63B8924D
:10D140004063B9924163BA924463BB924763BC9215
:10D150004863BD924A63BE925163BF925263C092CC
:10D160005363C1925463C2925663C3925763C4928D
:10D170005863C5925963C6925A63C7925B63C8925B
:10D180005C63C9925D63CA926063CB926463CC9224
:10D190006563CD926663CE926863CF926A63D092E4
:10D1A0006B63D1926C63D2926F63D3927063D492AB
:10D1B0007263D5927363D6927463D7927563D89273
:10D1C0007863D9927963DA927C63DB927D63DC9237
:10D1D0007E63DD927F63DE928163DF928363E09200
:10D1E0008463E1928563E2928663E3928B63E492C7
:10D1F0008D63E5929163E6929363E7929463E8927C
:10D200009563E9929763EA929963EB929A63EC9241
:10D210009B63ED929C63EE929D63EF929E63F0920E
:10D220009F63F192A163F292A463F392A663F492D6
:10D23000AB63F592AF63F692B163F792B263F89283
:10D24000B563F992B663FA92B963FB92BB63FC9241
:10D25000BD63FD92BF63FE92C0634093C16341937F
:10D26000C2634293C3634393C5634493C7634593C7
:10D27000C8634693CA634793CB634893CC6349938F
:10D28000D1634A93D3634B93D4634C93D5634D934B
:10D29000D7634E93D8634F93D9635093DA63519316
:10D2A000DB635293DC635393DD635493DF635593E5
:10D2B000E2635693E4635793E5635893E6635993A7
:10D2C000E7635A93E8635B93EB635C93EC635D9372
:10D2D000EE635E93EF635F93F0636093F16361933A
:10D2E000F3636293F5636393F7636493F963659300
:10D2F000FA636693FB636793FC636893FE636993C9
:10D3000003646A9304646B9306646C9307646D937F
:10D3100008646E9309646F930A6470930D6471934B
:10D320000E6472931164739312647493156475930D
:10D3300016647693176477931864789319647993D5
:10D340001A647A931D647B931F647C9322647D939B
:10D3500023647E932464809325648193276482935D
:10D3600028648393296484932B6485932E64869325
:10D370002F648793306488933164899332648A93ED
:10D3800033648B9335648C9336648D9337648E93BA
:10D3900038648F93396490933B6491933C64929387
:10D3A0003E6493934064949342649593436496934C
:10D3B000496497934B6498934C6499934D649A9302
:10D3C0004E649B934F649C9350649D9351649E93D1
:10D3D00053649F935564A0935664A1935764A2939A
:10D3E0005964A3935A64A4935B64A5935C64A69365
:10D3F0005D64A7935F64A8936064A9936164AA9332
:10D400006264AB936364AC936464AD936564AE9300
:10D410006664AF936864B0936A64B1936B64B293CB
:10D420006C64B3936E64B4936F64B5937064B69395
:10D430007164B7937264B8937364B9937464BA9364
:10D440007564BB937664BC937764BD937B64BE9331
:10D450007C64BF937D64C0937E64C1937F64C293F8
:10D460008064C3938164C4938364C5938664C693C4
:10D470008864C7938964C8938A64C9938B64CA9388
:10D480008C64CB938D64CC938E64CD938F64CE9358
:10D490009064CF939364D0939464D1939764D29320
:10D4A0009864D3939A64D4939B64D5939C64D693E5
:10D4B0009D64D7939F64D893A064D993A164DA93B1
:10D4C000A264DB93A364DC93A564DD93A664DE937E
:10D4D000A764DF93A864E093AA64E193AB64E2934A
:10D4E000AF64E393B164E493B264E593B364E69309
:10D4F000B464E793B664E893B964E993BB64EA93D0
:10D50000BD64EB93BE64EC93BF64ED93C164EE9392
:10D51000C364EF93C464F093C664F193C764F29359
:10D52000C864F393C964F493CA64F593CB64F69327
:10D53000CC64F793CF64F893D164F993D364FA93EE
:10D54000D464FB93D564FC93D664FD93D964FE93B5
:10D55000DA644094DB644194DC644294DD64439477
:10D56000DF644494E0644594E1644694E364479442
:10D57000E5644894E7644994E8644A94E9644B9408
:10D58000EA644C94EB644D94EC644E94ED644F94D7
:10D59000EE645094EF645194F0645294F1645394A7
:10D5A000F2645494F3645594F4645694F564579477
:10D5B000F6645894F7645994F8645A94F9645B9447
:10D5C000FA645C94FB645D94FC645E94FD645F9417
:10D5D000FE646094FF6461940165629402656394E3
:10D5E00003656494046565940565669406656794AF
:10D5F00007656894086569940A656A940B656B947D
:10D600000C656C940D656D940E656E940F656F944A
:10D610001065709411657194136572941465739418
:10D6200015657494166575941765769419657794E5
:10D630001A6578941B6579941C657A941D657B94B2
:10D640001E657C941F657D9420657E942165809481
:10D65000226581942365829424658394266584944D
:10D660002765859428658694296587942A6588941A
:10D670002C6589942D658A9430658B9431658C94E2
:10D6800032658D9433658E9437658F943A659094A6
:10D690003C6591943D659294406593944165949462
:10D6A000426595944365969444659794466598942D
:10D6B000476599944A659A944B659B944D659C94F3
:10D6C0004E659D9450659E9452659F945365A094B9
:10D6D0005465A1945765A2945865A3945A65A4947F
:10D6E0005C65A5945F65A6946065A7946165A89440
:10D6F0006465A9946565AA946765AB946865AC9404
:10D700006965AD946A65AE946D65AF946E65B094CD
:10D710006F65B1947165B2947365B3947565B49493
:10D720007665B5947865B6947965B7947A65B8945A
:10D730007B65B9947C65BA947D65BB947E65BC9429
:10D740007F65BD948065BE948165BF948265C094F9
:10D750008365C1948465C2948565C3948665C494C9
:10D760008865C5948965C6948A65C7948D65C89493
:10D770008E65C9948F65CA949265CB949465CC9458
:10D780009565CD949665CE949865CF949A65D0941E
:10D790009D65D1949E65D294A065D394A265D494DE
:10D7A000A365D594A665D694A865D794AA65D894A0
:10D7B000AC65D994AE65DA94B165DB94B265DC945E
:10D7C000B365DD94B465DE94B565DF94B665E09429
:10D7D000B765E194B865E294BA65E394BB65E494F7
:10D7E000BE65E594BF65E694C065E794C265E894BC
:10D7F000C765E994C865EA94C965EB94CA65EC9479
:10D80000CD65ED94D065EE94D165EF94D365F09439
:10D81000D465F194D565F294D865F394D965F49400
:10D82000DA65F594DB65F694DC65F794DD65F894CC
:10D83000DE65F994DF65FA94E165FB94E365FC9499
:10D84000E465FD94EA65FE94EB654095F2654195CB
:10D85000F3654295F4654395F5654495F8654595FE
:10D86000F9654695FB654795FC654895FD654995C5
:10D87000FE654A95FF654B9501664C9504664D958E
:10D8800005664E9507664F95086650950966519551
:10D890000B6652950D665395106654951166559515
:10D8A00012665695166657951766589518665995D7
:10D8B0001A665A951B665B951C665C951E665D959F
:10D8C00021665E9522665F95236660952466619564
:10D8D00026666295296663952A6664952B6665952A
:10D8E0002C6666952E6667953066689532666995F2
:10D8F00033666A9537666B9538666C9539666D95B3
:10D900003A666E953B666F953D6670953F6671957C
:10D910004066729542667395446674954566759542
:10D92000466676954766779548667895496679950F
:10D930004A667A954D667B954E667C9550667D95D8
:10D9400051667E9558668095596681955B6682958D
:10D950005C6683955D6684955E6685956066869552
:10D9600062668795636688956566899567668A9518
:10D9700069668B956A668C956B668D956C668E95DF
:10D980006D668F95716690957266919573669295A6
:10D990007566939578669495796695957B66969568
:10D9A0007C6697957D6698957F66999580669A9531
:10D9B00081669B9583669C9585669D9586669E95FA
:10D9C00088669F958966A0958A66A1958B66A295C3
:10D9D0008D66A3958E66A4958F66A5959066A6958F
:10D9E0009266A7959366A8959466A9959566AA955B
:10D9F0009866AB959966AC959A66AD959B66AE9523
:10DA00009C66AF959E66B0959F66B195A066B295EF
:10DA1000A166B395A266B495A366B595A466B695BE
:10DA2000A566B795A666B895A966B995AA66BA958A
:10DA3000AB66BB95AC66BC95AD66BD95AF66BE9555
:10DA4000B066BF95B166C095B266C195B366C29522
:10DA5000B566C395B666C495B766C595B866C695EE
:10DA6000BA66C795BB66C895BC66C995BD66CA95BA
:10DA7000BF66CB95C066CC95C166CD95C266CE9586
:10DA8000C366CF95C466D095C566D195C666D29556
:10DA9000C766D395C866D495C966D595CA66D69526
:10DAA000CB66D795CC66D895CD66D995CE66DA95F6
:10DAB000CF66DB95D066DC95D166DD95D266DE95C6
:10DAC000D366DF95D466E095D566E195D666E29596
:10DAD000D766E395D866E495DA66E595DE66E69561
:10DAE000DF66E795E066E895E166E995E266EA9526
:10DAF000E366EB95E466EC95E566ED95E766EE95F5
:10DB0000E866EF95EA66F095EB66F195EC66F295BE
:10DB1000ED66F395EE66F495EF66F595F166F6958C
:10DB2000F566F795F666F895F866F995FA66FA954A
:10DB3000FB66FB95FD66FC950167FD950267FE950A
:10DB400003674096046741960567429606674396C9
:10DB5000076744960C6745960E6746960F6747968B
:10DB6000116748961267499613674A9616674B964F
:10DB700018674C9619674D961A674E961C674F9614
:10DB80001E675096206751962167529622675396DA
:10DB900023675496246755962567569627675796A8
:10DBA000296758962E67599630675A9632675B9662
:10DBB00033675C9636675D9637675E9638675F9623
:10DBC000396760963B6761963C6762963E676396ED
:10DBD0003F676496416765964467669645676796B2
:10DBE000476768964A6769964B676A964D676B9672
:10DBF00052676C9654676D9655676E9657676F9629
:10DC000058677096596771965A6772965B677396F4
:10DC10005D677496626775966367769664677796B4
:10DC200066677896676779966B677A966C677B9676
:10DC30006E677C9671677D9674677E967667809630
:10DC400078678196796782967A6783967B678496F0
:10DC50007D678596806786968267879683678896B4
:10DC60008567899686678A9688678B968A678C9679
:10DC70008C678D968D678E968E678F968F67909640
:10DC8000916791969267929693679396946794960C
:10DC900096679596996796969B6797969F679896CD
:10DCA000A0679996A1679A96A4679B96A6679C968B
:10DCB000A9679D96AC679E96AE679F96B167A09642
:10DCC000B267A196B467A296B967A396BA67A496FD
:10DCD000BB67A596BC67A696BD67A796BE67A896C4
:10DCE000BF67A996C067AA96C267AB96C567AC9690
:10DCF000C667AD96C767AE96C867AF96C967B09658
:10DD0000CA67B196CB67B296CC67B396CD67B49627
:10DD1000CE67B596D567B696D667B796D767B896E5
:10DD2000DB67B996DF67BA96E167BB96E367BC9697
:10DD3000E467BD96E667BE96E767BF96E867C0965C
:10DD4000EA67C196EB67C296ED67C396EE67C49625
:10DD5000F267C596F567C696F667C796F767C896E1
:10DD6000F867C996F967CA96FA67CB96FB67CC96AF
:10DD7000FC67CD96FE67CE960168CF960268D09676
:10DD80000368D1960468D2960668D3960D68D49637
:10DD90001068D5961268D6961468D7961568D896E6
:10DDA0001868D9961968DA961A68DB961B68DC96AB
:10DDB0001C68DD961E68DE961F68DF962068E09678
:10DDC0002268E1962368E2962468E3962568E49643
:10DDD0002668E5962768E6962868E7962B68E89611
:10DDE0002C68E9962D68EA962E68EB962F68EC96DB
:10DDF0003068ED963168EE963468EF963568F096A7
:10DE00003668F1963A68F2963B68F3963F68F49666
:10DE10004768F5964B68F6964D68F7964F68F89602
:10DE20005268F9965668FA965768FB965868FC96B9
:10DE30005968FD965A68FE965B6840975C68419702
:10DE40005D6842975E6843975F6844976A68459744
:10DE50006C6846976D6847976E6848976F684997F2
:10DE600070684A9771684B9772684C9773684D97C2
:10DE700075684E9778684F97796850977A68519788
:10DE80007B6852977C6853977D6854977E68559756
:10DE90007F68569780685797826858978468599723
:10DEA00087685A9788685B9789685C978A685D97E6
:10DEB0008B685E978C685F978D6860978E686197B6
:10DEC0009068629791686397926864979468659781
:10DED000956866979668679798686897996869974C
:10DEE0009A686A979B686B979C686C979D686D971A
:10DEF0009E686E979F686F97A0687097A1687197EA
:10DF0000A3687297A4687397A5687497A9687597B2
:10DF1000AA687697AB687797AC687897AE68799778
:10DF2000B1687A97B2687B97B4687C97B6687D973A
:10DF3000B7687E97B8688097B9688197BA68829702
:10DF4000BB688397BC688497BD688597BE688697D1
:10DF5000BF688797C1688897C3688997C4688A979C
:10DF6000C5688B97C6688C97C7688D97C8688E9769
:10DF7000CA688F97CC689097CE689197CF68929730
:10DF8000D0689397D1689497D3689597D4689697FB
:10DF9000D6689797D7689897D9689997DB689A97C2
:10DFA000DC689B97DD689C97DE689D97DF689E978D
:10DFB000E1689F97E268A097E468A197E568A29757
:10DFC000E668A397E768A497E868A597E968A69725
:10DFD000EA68A797EB68A897EC68A997ED68AA97F5
:10DFE000EF68AB97F268AC97F368AD97F468AE97BB
:10DFF000F668AF97F768B097F868B197FB68B29783
:10E00000FD68B397FE68B497FF68B5970069B69747
:10E010000269B7970369B8970469B9970669BA970F
:10E020000769BB970869BC970969BD970A69BE97DC
:10E030000C69BF970F69C0971169C1971369C2979F
:10E040001469C3971569C4971669C5971769C69768
:10E050001869C7971969C8971A69C9971B69CA9738
:10E060001C69CB971D69CC971E69CD972169CE9706
:10E070002269CF972369D0972569D1972669D297CE
:10E080002769D3972869D4972969D5972A69D6979C
:10E090002B69D7972C69D8972E69D9972F69DA976A
:10E0A0003169DB973269DC973369DD973569DE9733
:10E0B0003669DF973769E0973869E1973A69E297FF
:10E0C0003B69E3973C69E4973E69E5974069E697C9
:10E0D0004169E7974369E8974469E9974569EA9791
:10E0E0004669EB974769EC974869ED974969EE9760
:10E0F0004A69EF974B69F0974C69F1974D69F29730
:10E100004E69F3974F69F4975069F5975169F697FF
:10E110005269F7975369F8975569F9975669FA97CD
:10E120005869FB975969FC975B69FD975C69FE9795
:10E130005F6940986169419862694298646943984F
:10E140006569449867694598686946986969479818
:10E150006A6948986C6949986D694A986F694B98E3
:10E1600070694C9872694D9873694E9874694F98AC
:10E1700075695098766951987A6952987B69539875
:10E180007D6954987E6955987F695698816957983A
:10E1900083695898856959988A695A988B695B98F8
:10E1A0008C695C988E695D988F695E9890695F98BC
:10E1B0009169609892696198936962989669639889
:10E1C00097696498996965989A6966989D6967984E
:10E1D0009E6968989F696998A0696A98A1696B9817
:10E1E000A2696C98A3696D98A4696E98A5696F98E7
:10E1F000A6697098A9697198AA697298AC697398B0
:10E20000AE697498AF697598B0697698B269779875
:10E21000B3697898B5697998B6697A98B8697B983E
:10E22000B9697C98BA697D98BC697E98BD69809807
:10E23000BE698198BF698298C0698398C2698498D1
:10E24000C3698598C4698698C5698798C66988989E
:10E25000C7698998C8698A98C9698B98CB698C986D
:10E26000CD698D98CF698E98D1698F98D269909831
:10E27000D3699198D5699298D6699398D7699498FB
:10E28000D8699598D9699698DA699798DC699898C9
:10E29000DD699998DE699A98E1699B98E2699C9892
:10E2A000E3699D98E4699E98E5699F98E669A0985E
:10E2B000E769A198E869A298E969A398EA69A4982E
:10E2C000EB69A598EC69A698EE69A798EF69A898FC
:10E2D000F069A998F169AA98F369AB98F469AC98C8
:10E2E000F569AD98F669AE98F769AF98F869B09896
:10E2F000F969B198FA69B298FB69B398FC69B49866
:10E30000FE69B598006AB698016AB798026AB8982B
:10E31000036AB998046ABA98056ABB98066ABC98F9
:10E32000076ABD98086ABE98096ABF980B6AC098C8
:10E330000C6AC1980D6AC2980E6AC3980F6AC49895
:10E34000106AC598116AC698126AC798136AC89865
:10E35000146AC998156ACA98166ACB98196ACC9833
:10E360001A6ACD981B6ACE981C6ACF981D6AD098FD
:10E370001E6AD198206AD298226AD398236AD498C8
:10E38000246AD598256AD698266AD798276AD89895
:10E39000296AD9982B6ADA982C6ADB982D6ADC985E
:10E3A0002E6ADD98306ADE98326ADF98336AE09828
:10E3B000346AE198366AE298376AE398386AE498F2
:10E3C000396AE5983A6AE6983B6AE7983C6AE898C1
:10E3D0003F6AE998406AEA98416AEB98426AEC9889
:10E3E000436AED98456AEE98466AEF98486AF09855
:10E3F000496AF1984A6AF2984B6AF3984C6AF49821
:10E400004D6AF5984E6AF6984F6AF798516AF898EF
:10E41000526AF998536AFA98546AFB98556AFC98BC
:10E42000566AFD98576AFE985A6A40995C6A419903
:10E430005D6A42995E6A43995F6A4499606A459948
:10E44000626A4699636A4799646A4899666A499913
:10E45000676A4A99686A4B99696A4C996A6A4D99E0
:10E460006B6A4E996C6A4F996D6A50996E6A5199B0
:10E470006F6A5299706A5399726A5499736A55997E
:10E48000746A5699756A5799766A5899776A59994C
:10E49000786A5A997A6A5B997B6A5C997D6A5D9918
:10E4A0007E6A5E997F6A5F99816A6099826A6199E2
:10E4B000836A6299856A6399866A6499876A6599AD
:10E4C000886A6699896A67998A6A68998B6A69997C
:10E4D0008C6A6A998D6A6B998F6A6C99926A6D9948
:10E4E000936A6E99946A6F99956A7099966A719910
:10E4F000986A7299996A73999A6A74999B6A7599DC
:10E500009C6A76999D6A77999E6A78999F6A7999AB
:10E51000A16A7A99A26A7B99A36A7C99A46A7D9977
:10E52000A56A7E99A66A8099A76A8199A86A829944
:10E53000AA6A8399AD6A8499AE6A8599AF6A869909
:10E54000B06A8799B16A8899B26A8999B36A8A99D7
:10E55000B46A8B99B56A8C99B66A8D99B76A8E99A7
:10E56000B86A8F99B96A9099BA6A9199BB6A929977
:10E57000BC6A9399BD6A9499BE6A9599BF6A969947
:10E58000C06A9799C16A9899C26A9999C36A9A9917
:10E59000C46A9B99C56A9C99C66A9D99C76A9E99E7
:10E5A000C86A9F99C96AA099CA6AA199CB6AA299B7
:10E5B000CC6AA399CD6AA499CE6AA599CF6AA69987
:10E5C000D06AA799D16AA899D26AA999D36AAA9957
:10E5D000D46AAB99D56AAC99D66AAD99D76AAE9927
:10E5E000D86AAF99D96AB099DA6AB199DB6AB299F7
:10E5F000DC6AB399DD6AB499DE6AB599DF6AB699C7
:10E60000E06AB799E16AB899E26AB999E36ABA9996
:10E61000E46ABB99E56ABC99E66ABD99E76ABE9966
:10E62000E86ABF99E96AC099EA6AC199EB6AC29936
:10E63000EC6AC399ED6AC499EE6AC599EF6AC69906
:10E64000F06AC799F16AC899F26AC999F36ACA99D6
:10E65000F46ACB99F56ACC99F66ACD99F76ACE99A6
:10E66000F86ACF99F96AD099FA6AD199FB6AD29976
:10E67000FC6AD399FD6AD499FE6AD599FF6AD69946
:10E68000006BD799016BD899026BD999036BDA9912
:10E69000046BDB99056BDC99066BDD99076BDE99E2
:10E6A000086BDF99096BE0990A6BE1990B6BE299B2
:10E6B0000C6BE3990D6BE4990E6BE5990F6BE69982
:10E6C000106BE799116BE899126BE999136BEA9952
:10E6D000146BEB99156BEC99166BED99176BEE9922
:10E6E000186BEF99196BF0991A6BF1991B6BF299F2
:10E6F0001C6BF3991D6BF4991E6BF5991F6BF699C2
:10E70000256BF799266BF899286BF999296BFA997B
:10E710002A6BFB992B6BFC992C6BFD992D6BFE9949
:10E720002E6B409A2F6B419A306B429A316B439A11
:10E73000336B449A346B459A356B469A366B479ADD
:10E74000386B489A3B6B499A3C6B4A9A3D6B4B9AA3
:10E750003F6B4C9A406B4D9A416B4E9A426B4F9A6D
:10E76000446B509A456B519A486B529A4A6B539A34
:10E770004B6B549A4D6B559A4E6B569A4F6B579AFA
:10E78000506B589A516B599A526B5A9A536B5B9AC9
:10E79000546B5C9A556B5D9A566B5E9A576B5F9A99
:10E7A000586B609A5A6B619A5B6B629A5C6B639A66
:10E7B0005D6B649A5E6B659A5F6B669A606B679A35
:10E7C000616B689A686B699A696B6A9A6B6B6B9AF2
:10E7D0006C6B6C9A6D6B6D9A6E6B6E9A6F6B6F9AB9
:10E7E000706B709A716B719A726B729A736B739A89
:10E7F000746B749A756B759A766B769A776B779A59
:10E80000786B789A7A6B799A7D6B7A9A7E6B7B9A21
:10E810007F6B7C9A806B7D9A856B7E9A886B809AE1
:10E820008C6B819A8E6B829A8F6B839A906B849A91
:10E83000916B859A946B869A956B879A976B889A59
:10E84000986B899A996B8A9A9C6B8B9A9D6B8C9A20
:10E850009E6B8D9A9F6B8E9AA06B8F9AA26B909AEB
:10E86000A36B919AA46B929AA56B939AA66B949AB8
:10E87000A76B959AA86B969AA96B979AAB6B989A87
:10E88000AC6B999AAD6B9A9AAE6B9B9AAF6B9C9A54
:10E89000B06B9D9AB16B9E9AB26B9F9AB66BA09A21
:10E8A000B86BA19AB96BA29ABA6BA39ABB6BA49AE4
:10E8B000BC6BA59ABD6BA69ABE6BA79AC06BA89AB3
:10E8C000C36BA99AC46BAA9AC66BAB9AC76BAC9A76
:10E8D000C86BAD9AC96BAE9ACA6BAF9ACC6BB09A43
:10E8E000CE6BB19AD06BB29AD16BB39AD86BB49A03
:10E8F000DA6BB59ADC6BB69ADD6BB79ADE6BB89AB9
:10E90000DF6BB99AE06BBA9AE26BBB9AE36BBC9A85
:10E91000E46BBD9AE56BBE9AE66BBF9AE76BC09A53
:10E92000E86BC19AE96BC29AEC6BC39AED6BC49A1F
:10E93000EE6BC59AF06BC69AF16BC79AF26BC89AE8
:10E94000F46BC99AF66BCA9AF76BCB9AF86BCC9AB0
:10E95000FA6BCD9AFB6BCE9AFC6BCF9AFE6BD09A7A
:10E96000FF6BD19A006CD29A016CD39A026CD49A44
:10E97000036CD59A046CD69A086CD79A096CD89A0D
:10E980000A6CD99A0B6CDA9A0C6CDB9A0E6CDC9AD6
:10E99000126CDD9A176CDE9A1C6CDF9A1D6CE09A83
:10E9A0001E6CE19A206CE29A236CE39A256CE49A3F
:10E9B0002B6CE59A2C6CE69A2D6CE79A316CE89AF0
:10E9C000336CE99A366CEA9A376CEB9A396CEC9AAC
:10E9D0003A6CED9A3B6CEE9A3C6CEF9A3E6CF09A76
:10E9E0003F6CF19A436CF29A446CF39A456CF49A3A
:10E9F000486CF59A4B6CF69A4C6CF79A4D6CF89AF9
:10EA00004E6CF99A4F6CFA9A516CFB9A526CFC9AC4
:10EA1000536CFD9A566CFE9A586C409B596C419B06
:10EA20005A6C429B626C439B636C449B656C459B38
:10EA3000666C469B676C479B6B6C489B6C6C499BF8
:10EA40006D6C4A9B6E6C4B9B6F6C4C9B716C4D9BC1
:10EA5000736C4E9B756C4F9B776C509B786C519B85
:10EA60007A6C529B7B6C539B7C6C549B7F6C559B4C
:10EA7000806C569B846C579B876C589B8A6C599B07
:10EA80008B6C5A9B8D6C5B9B8E6C5C9B916C5D9BC5
:10EA9000926C5E9B956C5F9B966C609B976C619B88
:10EAA000986C629B9A6C639B9C6C649B9D6C659B51
:10EAB0009E6C669BA06C679BA26C689BA86C699B14
:10EAC000AC6C6A9BAF6C6B9BB06C6C9BB46C6D9BBD
:10EAD000B56C6E9BB66C6F9BB76C709BBA6C719B80
:10EAE000C06C729BC16C739BC26C749BC36C759B36
:10EAF000C66C769BC76C779BC86C789BCB6C799BFC
:10EB0000CD6C7A9BCE6C7B9BCF6C7C9BD16C7D9BC0
:10EB1000D26C7E9BD86C809BD96C819BDA6C829B7B
:10EB2000DC6C839BDD6C849BDF6C859BE46C869B3B
:10EB3000E66C879BE76C889BE96C899BEC6C8A9BF5
:10EB4000ED6C8B9BF26C8C9BF46C8D9BF96C8E9BAB
:10EB5000FF6C8F9B006D909B026D919B036D929B50
:10EB6000056D939B066D949B086D959B096D969B17
:10EB70000A6D979B0D6D989B0F6D999B106D9A9BDD
:10EB8000116D9B9B136D9C9B146D9D9B156D9E9BA6
:10EB9000166D9F9B186DA09B1C6DA19B1D6DA29B6C
:10EBA0001F6DA39B206DA49B216DA59B226DA69B31
:10EBB000236DA79B246DA89B266DA99B286DAA9BFE
:10EBC000296DAB9B2C6DAC9B2D6DAD9B2F6DAE9BC2
:10EBD000306DAF9B346DB09B366DB19B376DB29B82
:10EBE000386DB39B3A6DB49B3F6DB59B406DB69B42
:10EBF000426DB79B446DB89B496DB99B4C6DBA9BF8
:10EC0000506DBB9B556DBC9B566DBD9B576DBE9BA0
:10EC1000586DBF9B5B6DC09B5D6DC19B5F6DC29B63
:10EC2000616DC39B626DC49B646DC59B656DC69B26
:10EC3000676DC79B686DC89B6B6DC99B6C6DCA9BEC
:10EC40006D6DCB9B706DCC9B716DCD9B726DCE9BB2
:10EC5000736DCF9B756DD09B766DD19B796DD29B7B
:10EC60007A6DD39B7B6DD49B7D6DD59B7E6DD69B42
:10EC70007F6DD79B806DD89B816DD99B836DDA9B0F
:10EC8000846DDB9B866DDC9B876DDD9B8A6DDE9BD7
:10EC90008B6DDF9B8D6DE09B8F6DE19B906DE29B9B
:10ECA000926DE39B966DE49B976DE59B986DE69B5B
:10ECB000996DE79B9A6DE89B9C6DE99BA26DEA9B21
:10ECC000A56DEB9BAC6DEC9BAD6DED9BB06DEE9BC4
:10ECD000B16DEF9BB36DF09BB46DF19BB66DF29B84
:10ECE000B76DF39BB96DF49BBA6DF59BBB6DF69B4D
:10ECF000BC6DF79BBD6DF89BBE6DF99BC16DFA9B1A
:10ED0000C26DFB9BC36DFC9BC86DFD9BC96DFE9BDB
:10ED1000CA6D409CCD6D419CCE6D429CCF6D439C95
:10ED2000D06D449CD26D459CD36D469CD46D479C60
:10ED3000D56D489CD76D499CDA6D4A9CDB6D4B9C28
:10ED4000DC6D4C9CDF6D4D9CE26D4E9CE36D4F9CE9
:10ED5000E56D509CE76D519CE86D529CE96D539CAC
:10ED6000EA6D549CED6D559CEF6D569CF06D579C73
:10ED7000F26D589CF46D599CF56D5A9CF66D5B9C38
:10ED8000F86D5C9CFA6D5D9CFD6D5E9CFE6D5F9CFC
:10ED9000FF6D609C006E619C016E629C026E639CC4
:10EDA000036E649C046E659C066E669C076E679C91
:10EDB000086E689C096E699C0B6E6A9C0F6E6B9C5A
:10EDC000126E6C9C136E6D9C156E6E9C186E6F9C13
:10EDD000196E709C1B6E719C1C6E729C1E6E739CD7
:10EDE0001F6E749C226E759C266E769C276E779C97
:10EDF000286E789C2A6E799C2C6E7A9C2E6E7B9C59
:10EE0000306E7C9C316E7D9C336E7E9C356E809C1A
:10EE1000366E819C376E829C396E839C3B6E849CDF
:10EE20003C6E859C3D6E869C3E6E879C3F6E889CAA
:10EE3000406E899C416E8A9C426E8B9C456E8C9C78
:10EE4000466E8D9C476E8E9C486E8F9C496E909C42
:10EE50004A6E919C4B6E929C4C6E939C4F6E949C10
:10EE6000506E959C516E969C526E979C556E989CD8
:10EE7000576E999C596E9A9C5A6E9B9C5C6E9C9C9A
:10EE80005D6E9D9C5E6E9E9C606E9F9C616EA09C64
:10EE9000626EA19C636EA29C646EA39C656EA49C32
:10EEA000666EA59C676EA69C686EA79C696EA89C02
:10EEB0006A6EA99C6C6EAA9C6D6EAB9C6F6EAC9CCE
:10EEC000706EAD9C716EAE9C726EAF9C736EB09C9A
:10EED000746EB19C756EB29C766EB39C776EB49C6A
:10EEE000786EB59C796EB69C7A6EB79C7B6EB89C3A
:10EEF0007C6EB99C7D6EBA9C806EBB9C816EBC9C06
:10EF0000826EBD9C846EBE9C876EBF9C886EC09CCA
:10EF10008A6EC19C8B6EC29C8C6EC39C8D6EC49C91
:10EF20008E6EC59C916EC69C926EC79C936EC89C5B
:10EF3000946EC99C956ECA9C966ECB9C976ECC9C29
:10EF4000996ECD9C9A6ECE9C9B6ECF9C9D6ED09CF4
:10EF50009E6ED19CA06ED29CA16ED39CA36ED49CBD
:10EF6000A46ED59CA66ED69CA86ED79CA96ED89C84
:10EF7000AB6ED99CAC6EDA9CAD6EDB9CAE6EDC9C4D
:10EF8000B06EDD9CB36EDE9CB56EDF9CB86EE09C0F
:10EF9000B96EE19CBC6EE29CBE6EE39CBF6EE49CCD
:10EFA000C06EE59CC36EE69CC46EE79CC56EE89C93
:10EFB000C66EE99CC86EEA9CC96EEB9CCA6EEC9C5E
:10EFC000CC6EED9CCD6EEE9CCE6EEF9CD06EF09C28
:10EFD000D26EF19CD66EF29CD86EF39CD96EF49CE6
:10EFE000DB6EF59CDC6EF69CDD6EF79CE36EF89CA8
:10EFF000E76EF99CEA6EFA9CEB6EFB9CEC6EFC9C57
:10F00000ED6EFD9CEE6EFE9CEF6E409DF06E419DA0
:10F01000F16E429DF26E439DF36E449DF56E459DEB
:10F02000F66E469DF76E479DF86E489DFA6E499DB7
:10F03000FB6E4A9DFC6E4B9DFD6E4C9DFE6E4D9D84
:10F04000FF6E4E9D006F4F9D016F509D036F519D50
:10F05000046F529D056F539D076F549D086F559D1A
:10F060000A6F569D0B6F579D0C6F589D0D6F599DE4
:10F070000E6F5A9D106F5B9D116F5C9D126F5D9DB1
:10F08000166F5E9D176F5F9D186F609D196F619D74
:10F090001A6F629D1B6F639D1C6F649D1D6F659D44
:10F0A0001E6F669D1F6F679D216F689D226F699D12
:10F0B000236F6A9D256F6B9D266F6C9D276F6D9DDD
:10F0C000286F6E9D2C6F6F9D2E6F709D306F719DA0
:10F0D000326F729D346F739D356F749D376F759D60
:10F0E000386F769D396F779D3A6F789D3B6F799D2C
:10F0F0003C6F7A9D3D6F7B9D3F6F7C9D406F7D9DFA
:10F10000416F7E9D426F809D436F819D446F829DC4
:10F11000456F839D486F849D496F859D4A6F869D8D
:10F120004C6F879D4E6F889D4F6F899D506F8A9D54
:10F13000516F8B9D526F8C9D536F8D9D546F8E9D23
:10F14000556F8F9D566F909D576F919D596F929DF2
:10F150005A6F939D5B6F949D5D6F959D5F6F969DBC
:10F16000606F979D616F989D636F999D646F9A9D85
:10F17000656F9B9D676F9C9D686F9D9D696F9E9D50
:10F180006A6F9F9D6B6FA09D6C6FA19D6F6FA29D1D
:10F19000706FA39D716FA49D736FA59D756FA69DE4
:10F1A000766FA79D776FA89D796FA99D7B6FAA9DAC
:10F1B0007D6FAB9D7E6FAC9D7F6FAD9D806FAE9D73
:10F1C000816FAF9D826FB09D836FB19D856FB29D42
:10F1D000866FB39D876FB49D8A6FB59D8B6FB69D0B
:10F1E0008F6FB79D906FB89D916FB99D926FBA9DCB
:10F1F000936FBB9D946FBC9D956FBD9D966FBE9D9B
:10F20000976FBF9D986FC09D996FC19D9A6FC29D6A
:10F210009B6FC39D9D6FC49D9E6FC59D9F6FC69D37
:10F22000A06FC79DA26FC89DA36FC99DA46FCA9D03
:10F23000A56FCB9DA66FCC9DA86FCD9DA96FCE9DD0
:10F24000AA6FCF9DAB6FD09DAC6FD19DAD6FD29D9E
:10F25000AE6FD39DAF6FD49DB06FD59DB16FD69D6E
:10F26000B26FD79DB46FD89DB56FD99DB76FDA9D3A
:10F27000B86FDB9DBA6FDC9DBB6FDD9DBC6FDE9D03
:10F28000BD6FDF9DBE6FE09DBF6FE19DC16FE29DD1
:10F29000C36FE39DC46FE49DC56FE59DC66FE69D9A
:10F2A000C76FE79DC86FE89DCA6FE99DCB6FEA9D68
:10F2B000CC6FEB9DCD6FEC9DCE6FED9DCF6FEE9D36
:10F2C000D06FEF9DD36FF09DD46FF19DD56FF29D00
:10F2D000D66FF39DD76FF49DD86FF59DD96FF69DCE
:10F2E000DA6FF79DDB6FF89DDC6FF99DDD6FFA9D9E
:10F2F000DF6FFB9DE26FFC9DE36FFD9DE46FFE9D64
:10F30000E56F409EE66F419EE76F429EE86F439E29
:10F31000E96F449EEA6F459EEB6F469EEC6F479EF9
:10F32000ED6F489EF06F499EF16F4A9EF26F4B9EC3
:10F33000F36F4C9EF46F4D9EF56F4E9EF66F4F9E91
:10F34000F76F509EF86F519EF96F529EFA6F539E61
:10F35000FB6F549EFC6F559EFD6F569EFE6F579E31
:10F36000FF6F589E0070599E01705A9E02705B9EFE
:10F3700003705C9E04705D9E05705E9E06705F9ECD
:10F380000770609E0870619E0970629E0A70639E9D
:10F390000B70649E0C70659E0D70669E0E70679E6D
:10F3A0000F70689E1070699E12706A9E13706B9E3B
:10F3B00014706C9E15706D9E16706E9E17706F9E09
:10F3C0001870709E1970719E1C70729E1D70739ED5
:10F3D0001E70749E1F70759E2070769E2170779EA1
:10F3E0002270789E2470799E25707A9E26707B9E6E
:10F3F00027707C9E28707D9E29707E9E2A70809E3C
:10F400002B70819E2C70829E2D70839E2E70849E08
:10F410002F70859E3070869E3170879E3270889ED8
:10F420003370899E34708A9E36708B9E37708C9EA6
:10F4300038708D9E3A708E9E3B708F9E3C70909E71
:10F440003D70919E3E70929E3F70939E4070949E40
:10F450004170959E4270969E4370979E4470989E10
:10F460004570999E46709A9E47709B9E48709C9EE0
:10F4700049709D9E4A709E9E4B709F9E4D70A09EAF
:10F480004E70A19E5070A29E5170A39E5270A49E79
:10F490005370A59E5470A69E5570A79E5670A89E48
:10F4A0005770A99E5870AA9E5970AB9E5A70AC9E18
:10F4B0005B70AD9E5C70AE9E5D70AF9E5F70B09EE7
:10F4C0006070B19E6170B29E6270B39E6370B49EB4
:10F4D0006470B59E6570B69E6670B79E6770B89E84
:10F4E0006870B99E6970BA9E6A70BB9E6E70BC9E51
:10F4F0007170BD9E7270BE9E7370BF9E7470C09E10
:10F500007770C19E7970C29E7A70C39E7B70C49ED4
:10F510007D70C59E8170C69E8270C79E8370C89E96
:10F520008470C99E8670CA9E8770CB9E8870CC9E60
:10F530008B70CD9E8C70CE9E8D70CF9E8F70D09E26
:10F540009070D19E9170D29E9370D39E9770D49EEE
:10F550009870D59E9A70D69E9B70D79E9E70D89EAE
:10F560009F70D99EA070DA9EA170DB9EA270DC9E77
:10F57000A370DD9EA470DE9EA570DF9EA670E09E47
:10F58000A770E19EA870E29EA970E39EAA70E49E17
:10F59000B070E59EB270E69EB470E79EB570E89ECE
:10F5A000B670E99EBA70EA9EBE70EB9EBF70EC9E8C
:10F5B000C470ED9EC570EE9EC670EF9EC770F09E43
:10F5C000C970F19ECB70F29ECC70F39ECD70F49E0C
:10F5D000CE70F59ECF70F69ED070F79ED170F89EDB
:10F5E000D270F99ED370FA9ED470FB9ED570FC9EAB
:10F5F000D670FD9ED770FE9EDA70409FDC70419FF2
:10F60000DD70429FDE70439FE070449FE170459F34
:10F61000E270469FE370479FE570489FEA70499FFC
:10F62000EE704A9FF0704B9FF1704C9FF2704D9FAF
:10F63000F3704E9FF4704F9FF570509FF670519F7E
:10F64000F870529FFA70539FFB70549FFC70559F47
:10F65000FE70569FFF70579F0071589F0171599F10
:10F6600002715A9F03715B9F04715C9F05715D9FDE
:10F6700006715E9F07715F9F0871609F0B71619FAC
:10F680000C71629F0D71639F0E71649F0F71659F76
:10F690001171669F1271679F1471689F1771699F3E
:10F6A0001B716A9F1C716B9F1D716C9F1E716D9FFA
:10F6B0001F716E9F20716F9F2171709F2271719FCA
:10F6C0002371729F2471739F2571749F2771759F99
:10F6D0002871769F2971779F2A71789F2B71799F66
:10F6E0002C717A9F2D717B9F2E717C9F32717D9F33
:10F6F00033717E9F3471809F3571819F3771829FF6
:10F700003871839F3971849F3A71859F3B71869FC1
:10F710003C71879F3D71889F3E71899F3F718A9F91
:10F7200040718B9F41718C9F42718D9F43718E9F61
:10F7300044718F9F4671909F4771919F4871929F2E
:10F740004971939F4B71949F4D71959F4F71969FF7
:10F750005071979F5171989F5271999F53719A9FC1
:10F7600054719B9F55719C9F56719D9F57719E9F91
:10F7700058719F9F5971A09F5A71A19F5B71A29F61
:10F780005D71A39F5F71A49F6071A59F6171A69F2A
:10F790006271A79F6371A89F6571A99F6971AA9FF4
:10F7A0006A71AB9F6B71AC9F6C71AD9F6D71AE9FB9
:10F7B0006F71AF9F7071B09F7171B19F7471B29F83
:10F7C0007571B39F7671B49F7771B59F7971B69F4C
:10F7D0007B71B79F7C71B89F7E71B99F7F71BA9F13
:10F7E0008071BB9F8171BC9F8271BD9F8371BE9FE1
:10F7F0008571BF9F8671C09F8771C19F8871C29FAD
:10F800008971C39F8B71C49F8C71C59F8D71C69F79
:10F810008E71C79F9071C89F9171C99F9271CA9F45
:10F820009371CB9F9571CC9F9671CD9F9771CE9F11
:10F830009A71CF9F9B71D09F9C71D19F9D71D29FD8
:10F840009E71D39FA171D49FA271D59FA371D69FA2
:10F85000A471D79FA571D89FA671D99FA771DA9F70
:10F86000A971DB9FAA71DC9FAB71DD9FAD71DE9F3B
:10F87000AE71DF9FAF71E09FB071E19FB171E29F08
:10F88000B271E39FB471E49FB671E59FB771E69FD3
:10F89000B871E79FBA71E89FBB71E99FBC71EA9F9D
:10F8A000BD71EB9FBE71EC9FBF71ED9FC071EE9F6C
:10F8B000C171EF9FC271F09FC471F19FC571F29F3A
:10F8C000C671F39FC771F49FC871F59FC971F69F08
:10F8D000CA71F79FCB71F89FCC71F99FCD71FA9FD8
:10F8E000CF71FB9FD071FC9FD171FD9FD271FE9FA4
:10F8F000D37140A0D67141A0D77142A0D87143A066
:10F90000D97144A0DA7145A0DB7146A0DC7147A033
:10F91000DD7148A0DE7149A0DF714AA0E1714BA002
:10F92000E2714CA0E3714DA0E4714EA0E6714FA0CE
:10F93000E87150A0E97151A0EA7152A0EB7153A097
:10F94000EC7154A0ED7155A0EF7156A0F07157A065
:10F95000F17158A0F27159A0F3715AA0F4715BA033
:10F96000F5715CA0F6715DA0F7715EA0F8715FA003
:10F97000FA7160A0FB7161A0FC7162A0FD7163A0CF
:10F98000FE7164A0FF7165A0007266A0017267A09D
:10F99000027268A0037269A004726AA005726BA06B
:10F9A00007726CA008726DA009726EA00A726FA037
:10F9B0000B7270A00C7271A00D7272A00E7273A007
:10F9C0000F7274A0107275A0117276A0127277A0D7
:10F9D000137278A0147279A015727AA016727BA0A7
:10F9E00017727CA018727DA019727EA01A7280A076
:10F9F0001B7281A01C7282A01E7283A01F7284A041
:10FA0000207285A0217286A0227287A0237288A00E
:10FA1000247289A025728AA026728BA027728CA0DE
:10FA200029728DA02B728EA02D728FA02E7290A0A5
:10FA30002F7291A0327292A0337293A0347294A06C
:10FA40003A7295A03C7296A03E7297A0407298A020
:10FA5000417299A042729AA043729BA044729CA0EA
:10FA600045729DA046729EA049729FA04A72A0A0B6
:10FA70004B72A1A04E72A2A04F72A3A05072A4A07C
:10FA80005172A5A05372A6A05472A7A05572A8A047
:10FA90005772A9A05872AAA05A72ABA05C72ACA00F
:10FAA0005E72ADA06072AEA06372AFA06472B0A0CF
:10FAB0006572B1A06872B2A06A72B3A06B72B4A092
:10FAC0006C72B5A06D72B6A07072B7A07172B8A05A
:10FAD0007372B9A07472BAA07672BBA07772BCA020
:10FAE0007872BDA07B72BEA07C72BFA07D72C0A0E8
:10FAF0008272C1A08372C2A08572C3A08672C4A0A4
:10FB00008772C5A08872C6A08972C7A08C72C8A06F
:10FB10008E72C9A09072CAA09172CBA09372CCA031
:10FB20009472CDA09572CEA09672CFA09772D0A0FD
:10FB30009872D1A09972D2A09A72D3A09B72D4A0CD
:10FB40009C72D5A09D72D6A09E72D7A0A072D8A09C
:10FB5000A172D9A0A272DAA0A372DBA0A472DCA069
:10FB6000A572DDA0A672DEA0A772DFA0A872E0A039
:10FB7000A972E1A0AA72E2A0AB72E3A0AE72E4A007
:10FB8000B172E5A0B272E6A0B372E7A0B572E8A0C8
:10FB9000BA72E9A0BB72EAA0BC72EBA0BD72ECA085
:10FBA000BE72EDA0BF72EEA0C072EFA0C572F0A051
:10FBB000C672F1A0C772F2A0C972F3A0CA72F4A013
:10FBC000CB72F5A0CC72F6A0CF72F7A0D172F8A0DC
:10FBD000D372F9A0D472FAA0D572FBA0D672FCA0A1
:10FBE000D872FDA0DA72FEA0DB72A1A10030A2A142
:10FBF0000130A3A10230A4A1B700A5A1C902A6A10A
:10FC0000C702A7A1A800A8A10330A9A10530AAA1F5
:10FC10001420ABA15EFFACA11620ADA12620AEA1A1
:10FC20001820AFA11920B0A11C20B1A11D20B2A1A4
:10FC30001430B3A11530B4A10830B5A10930B6A174
:10FC40000A30B7A10B30B8A10C30B9A10D30BAA160
:10FC50000E30BBA10F30BCA11630BDA11730BEA124
:10FC60001030BFA11130C0A1B100C1A1D700C2A105
:10FC7000F700C3A13622C4A12722C5A12822C6A10C
:10FC80001122C7A10F22C8A12A22C9A12922CAA1D3
:10FC90000822CBA13722CCA11A22CDA1A522CEA128
:10FCA0002522CFA12022D0A11223D1A19922D2A115
:10FCB0002B22D3A12E22D4A16122D5A14C22D6A1E0
:10FCC0004822D7A13D22D8A11D22D9A16022DAA1C4
:10FCD0006E22DBA16F22DCA16422DDA16522DEA100
:10FCE0001E22DFA13522E0A13422E1A14226E2A1B9
:10FCF0004026E3A1B000E4A13220E5A13320E6A133
:10FD00000321E7A104FFE8A1A400E9A1E0FFEAA123
:10FD1000E1FFEBA13020ECA1A700EDA11621EEA19F
:10FD20000626EFA10526F0A1CB25F1A1CF25F2A152
:10FD3000CE25F3A1C725F4A1C625F5A1A125F6A1DD
:10FD4000A025F7A1B325F8A1B225F9A13B20FAA17E
:10FD50009221FBA19021FCA19121FDA19321FEA163
:10FD60001330A1A27021A2A27121A3A27221A4A288
:10FD70007321A5A27421A6A27521A7A27621A8A20B
:10FD80007721A9A27821AAA27921B1A28824B2A2BE
:10FD90008924B3A28A24B4A28B24B5A28C24B6A24F
:10FDA0008D24B7A28E24B8A28F24B9A29024BAA21F
:10FDB0009124BBA29224BCA29324BDA29424BEA2EF
:10FDC0009524BFA29624C0A29724C1A29824C2A2BF
:10FDD0009924C3A29A24C4A29B24C5A27424C6A2B7
:10FDE0007524C7A27624C8A27724C9A27824CAA2FF
:10FDF0007924CBA27A24CCA27B24CDA27C24CEA2CF
:10FE00007D24CFA27E24D0A27F24D1A28024D2A29E
:10FE10008124D3A28224D4A28324D5A28424D6A26E
:10FE20008524D7A28624D8A28724D9A26024DAA266
:10FE30006124DBA26224DCA26324DDA26424DEA2AE
:10FE40006524DFA26624E0A26724E1A26824E2A27E
:10FE50006924E5A22032E6A22132E7A22232E8A2FA
:10FE60002332E9A22432EAA22532EBA22632ECA206
:10FE70002732EDA22832EEA22932F1A26021F2A2AD
:10FE80006121F3A26221F4A26321F5A26421F6A20A
:10FE90006521F7A26621F8A26721F9A26821FAA2DA
:10FEA0006921FBA26A21FCA26B21A1A301FFA2A3ED
:10FEB00002FFA3A303FFA4A3E5FFA5A305FFA6A339
:10FEC00006FFA7A307FFA8A308FFA9A309FFAAA3EA
:10FED0000AFFABA30BFFACA30CFFADA30DFFAEA3BA
:10FEE0000EFFAFA30FFFB0A310FFB1A311FFB2A38A
:10FEF00012FFB3A313FFB4A314FFB5A315FFB6A35A
:10FF000016FFB7A317FFB8A318FFB9A319FFBAA329
:10FF10001AFFBBA31BFFBCA31CFFBDA31DFFBEA3F9
:10FF20001EFFBFA31FFFC0A320FFC1A321FFC2A3C9
:10FF300022FFC3A323FFC4A324FFC5A325FFC6A399
:10FF400026FFC7A327FFC8A328FFC9A329FFCAA369
:10FF50002AFFCBA32BFFCCA32CFFCDA32DFFCEA339
:10FF60002EFFCFA32FFFD0A330FFD1A331FFD2A309
:10FF700032FFD3A333FFD4A334FFD5A335FFD6A3D9
:10FF800036FFD7A337FFD8A338FFD9A339FFDAA3A9
:10FF90003AFFDBA33BFFDCA33CFFDDA33DFFDEA379
:10FFA0003EFFDFA33FFFE0A340FFE1A341FFE2A349
:10FFB00042FFE3A343FFE4A344FFE5A345FFE6A319
:10FFC00046FFE7A347FFE8A348FFE9A349FFEAA3E9
:10FFD0004AFFEBA34BFFECA34CFFEDA34DFFEEA3B9
:10FFE0004EFFEFA34FFFF0A350FFF1A351FFF2A389
:10FFF00052FFF3A353FFF4A354FFF5A355FFF6A359
:020000040803EF
:1000000056FFF7A357FFF8A358FFF9A359FFFAA328
:100010005AFFFBA35BFFFCA35CFFFDA35DFFFEA3F8
:10002000E3FFA1A44130A2A44230A3A44330A4A47E
:100030004430A5A44530A6A44630A7A44730A8A4C0
:100040004830A9A44930AAA44A30ABA44B30ACA490
:100050004C30ADA44D30AEA44E30AFA44F30B0A460
:100060005030B1A45130B2A45230B3A45330B4A430
:100070005430B5A45530B6A45630B7A45730B8A400
:100080005830B9A45930BAA45A30BBA45B30BCA4D0
:100090005C30BDA45D30BEA45E30BFA45F30C0A4A0
:1000A0006030C1A46130C2A46230C3A46330C4A470
:1000B0006430C5A46530C6A46630C7A46730C8A440
:1000C0006830C9A46930CAA46A30CBA46B30CCA410
:1000D0006C30CDA46D30CEA46E30CFA46F30D0A4E0
:1000E0007030D1A47130D2A47230D3A47330D4A4B0
:1000F0007430D5A47530D6A47630D7A47730D8A480
:100100007830D9A47930DAA47A30DBA47B30DCA44F
:100110007C30DDA47D30DEA47E30DFA47F30E0A41F
:100120008030E1A48130E2A48230E3A48330E4A4EF
:100130008430E5A48530E6A48630E7A48730E8A4BF
:100140008830E9A48930EAA48A30EBA48B30ECA48F
:100150008C30EDA48D30EEA48E30EFA48F30F0A45F
:100160009030F1A49130F2A49230F3A49330A1A581
:10017000A130A2A5A230A3A5A330A4A5A430A5A513
:10018000A530A6A5A630A7A5A730A8A5A830A9A5E3
:10019000A930AAA5AA30ABA5AB30ACA5AC30ADA5B3
:1001A000AD30AEA5AE30AFA5AF30B0A5B030B1A583
:1001B000B130B2A5B230B3A5B330B4A5B430B5A553
:1001C000B530B6A5B630B7A5B730B8A5B830B9A523
:1001D000B930BAA5BA30BBA5BB30BCA5BC30BDA5F3
:1001E000BD30BEA5BE30BFA5BF30C0A5C030C1A5C3
:1001F000C130C2A5C230C3A5C330C4A5C430C5A593
:10020000C530C6A5C630C7A5C730C8A5C830C9A562
:10021000C930CAA5CA30CBA5CB30CCA5CC30CDA532
:10022000CD30CEA5CE30CFA5CF30D0A5D030D1A502
:10023000D130D2A5D230D3A5D330D4A5D430D5A5D2
:10024000D530D6A5D630D7A5D730D8A5D830D9A5A2
:10025000D930DAA5DA30DBA5DB30DCA5DC30DDA572
:10026000DD30DEA5DE30DFA5DF30E0A5E030E1A542
:10027000E130E2A5E230E3A5E330E4A5E430E5A512
:10028000E530E6A5E630E7A5E730E8A5E830E9A5E2
:10029000E930EAA5EA30EBA5EB30ECA5EC30EDA5B2
:1002A000ED30EEA5EE30EFA5EF30F0A5F030F1A582
:1002B000F130F2A5F230F3A5F330F4A5F430F5A552
:1002C000F530F6A5F630A1A69103A2A69203A3A647
:1002D0009303A4A69403A5A69503A6A69603A7A692
:1002E0009703A8A69803A9A69903AAA69A03ABA662
:1002F0009B03ACA69C03ADA69D03AEA69E03AFA632
:100300009F03B0A6A003B1A6A103B2A6A303B3A600
:10031000A403B4A6A503B5A6A603B6A6A703B7A6CD
:10032000A803B8A6A903C1A6B103C2A6B203C3A677
:10033000B303C4A6B403C5A6B503C6A6B603C7A631
:10034000B703C8A6B803C9A6B903CAA6BA03CBA601
:10035000BB03CCA6BC03CDA6BD03CEA6BE03CFA6D1
:10036000BF03D0A6C003D1A6C103D2A6C303D3A6A0
:10037000C403D4A6C503D5A6C603D6A6C703D7A66D
:10038000C803D8A6C903E0A635FEE1A636FEE2A65C
:1003900039FEE3A63AFEE4A63FFEE5A640FEE6A649
:1003A0003DFEE7A63EFEE8A641FEE9A642FEEAA61D
:1003B00043FEEBA644FEEEA63BFEEFA63CFEF0A6F7
:1003C00037FEF1A638FEF2A631FEF4A633FEF5A6FE
:1003D00034FEA1A71004A2A71104A3A71204A4A786
:1003E0001304A5A71404A6A71504A7A70104A8A78A
:1003F0001604A9A71704AAA71804ABA71904ACA749
:100400001A04ADA71B04AEA71C04AFA71D04B0A718
:100410001E04B1A71F04B2A72004B3A72104B4A7E8
:100420002204B5A72304B6A72404B7A72504B8A7B8
:100430002604B9A72704BAA72804BBA72904BCA788
:100440002A04BDA72B04BEA72C04BFA72D04C0A758
:100450002E04C1A72F04D1A73004D2A73104D3A7FB
:100460003204D4A73304D5A73404D6A73504D7A7BC
:100470005104D8A73604D9A73704DAA73804DBA774
:100480003904DCA73A04DDA73B04DEA73C04DFA760
:100490003D04E0A73E04E1A73F04E2A74004E3A730
:1004A0004104E4A74204E5A74304E6A74404E7A700
:1004B0004504E8A74604E9A74704EAA74804EBA7D0
:1004C0004904ECA74A04EDA74B04EEA74C04EFA7A0
:1004D0004D04F0A74E04F1A74F0440A8CA0241A85A
:1004E000CB0242A8D90243A8132044A8152045A84E
:1004F000252046A8352047A8052148A8092149A854
:1005000096214AA897214BA898214CA899214DA83B
:1005100015224EA81F224FA8232250A8522251A8CC
:10052000662252A8672253A8BF2254A8502555A876
:10053000512556A8522557A8532558A8542559A8DF
:1005400055255AA856255BA857255CA858255DA8AF
:1005500059255EA85A255FA85B2560A85C2561A87F
:100560005D2562A85E2563A85F2564A8602565A84F
:10057000612566A8622567A8632568A8642569A81F
:1005800065256AA866256BA867256CA868256DA8EF
:1005900069256EA86A256FA86B2570A86C2571A8BF
:1005A0006D2572A86E2573A86F2574A8702575A88F
:1005B000712576A8722577A8732578A8812579A852
:1005C00082257AA883257BA884257CA885257DA8FB
:1005D00086257EA8872580A8882581A8892582A8C8
:1005E0008A2583A88B2584A88C2585A88D2586A897
:1005F0008E2587A88F2588A8932589A894258AA861
:1006000095258BA8BC258CA8BD258DA8E2258EA894
:10061000E3258FA8E42590A8E52591A8092692A8AE
:10062000952293A8123094A81D3095A81E30A1A839
:100630000101A2A8E100A3A8CE01A4A8E000A5A8FA
:100640001301A6A8E900A7A81B01A8A8E800A9A86B
:100650002B01AAA8ED00ABA8D001ACA8EC00ADA876
:100660004D01AEA8F300AFA8D201B0A8F200B1A826
:100670006B01B2A8FA00B3A8D401B4A8F900B5A8D8
:10068000D601B6A8D801B7A8DA01B8A8DC01B9A884
:10069000FC00BAA8EA00BBA85102BDA84401BEA84C
:1006A0004801C0A86102C5A80531C6A80631C7A87F
:1006B0000731C8A80831C9A80931CAA80A31CBA88E
:1006C0000B31CCA80C31CDA80D31CEA80E31CFA85E
:1006D0000F31D0A81031D1A81131D2A81231D3A82E
:1006E0001331D4A81431D5A81531D6A81631D7A8FE
:1006F0001731D8A81831D9A81931DAA81A31DBA8CE
:100700001B31DCA81C31DDA81D31DEA81E31DFA89D
:100710001F31E0A82031E1A82131E2A82231E3A86D
:100720002331E4A82431E5A82531E6A82631E7A83D
:100730002731E8A82831E9A8293140A9213041A969
:10074000223042A9233043A9243044A9253045A9A9
:10075000263046A9273047A9283048A9293049A979
:10076000A3324AA98E334BA98F334CA99C334DA990
:100770009D334EA99E334FA9A13350A9C43351A92B
:10078000CE3352A9D13353A9D23354A9D53355A965
:1007900030FE56A9E2FF57A9E4FF59A921215AA921
:1007A00031325CA9102060A9FC3061A99B3062A99C
:1007B0009C3063A9FD3064A9FE3065A9063066A9A6
:1007C0009D3067A99E3068A949FE69A94AFE6AA9B9
:1007D0004BFE6BA94CFE6CA94DFE6DA94EFE6EA999
:1007E0004FFE6FA950FE70A951FE71A952FE72A969
:1007F00054FE73A955FE74A956FE75A957FE76A935
:1008000059FE77A95AFE78A95BFE79A95CFE7AA900
:100810005DFE7BA95EFE7CA95FFE7DA960FE7EA9D0
:1008200061FE80A962FE81A963FE82A964FE83A99C
:1008300065FE84A966FE85A968FE86A969FE87A96A
:100840006AFE88A96BFE96A90730A4A90025A5A970
:100850000125A6A90225A7A90325A8A90425A9A9B8
:100860000525AAA90625ABA90725ACA90825ADA988
:100870000925AEA90A25AFA90B25B0A90C25B1A958
:100880000D25B2A90E25B3A90F25B4A91025B5A928
:100890001125B6A91225B7A91325B8A91425B9A9F8
:1008A0001525BAA91625BBA91725BCA91825BDA9C8
:1008B0001925BEA91A25BFA91B25C0A91C25C1A998
:1008C0001D25C2A91E25C3A91F25C4A92025C5A968
:1008D0002125C6A92225C7A92325C8A92425C9A938
:1008E0002525CAA92625CBA92725CCA92825CDA908
:1008F0002925CEA92A25CFA92B25D0A92C25D1A9D8
:100900002D25D2A92E25D3A92F25D4A93025D5A9A7
:100910003125D6A93225D7A93325D8A93425D9A977
:100920003525DAA93625DBA93725DCA93825DDA947
:100930003925DEA93A25DFA93B25E0A93C25E1A917
:100940003D25E2A93E25E3A93F25E4A94025E5A9E7
:100950004125E6A94225E7A94325E8A94425E9A9B7
:100960004525EAA94625EBA94725ECA94825EDA987
:100970004925EEA94A25EFA94B2540AADC7241AAD8
:10098000DD7242AADF7243AAE27244AAE37245AA68
:10099000E47246AAE57247AAE67248AAE77249AA33
:1009A000EA724AAAEB724BAAF5724CAAF6724DAAE9
:1009B000F9724EAAFD724FAAFE7250AAFF7251AA96
:1009C000007352AA027353AA047354AA057355AA5A
:1009D000067356AA077357AA087358AA097359AA27
:1009E0000B735AAA0C735BAA0D735CAA0F735DAAF2
:1009F00010735EAA11735FAA127360AA147361AABE
:100A0000187362AA197363AA1A7364AA1F7365AA7A
:100A1000207366AA237367AA247368AA267369AA37
:100A200027736AAA28736BAA2D736CAA2F736DAAF9
:100A300030736EAA32736FAA337370AA357371AABA
:100A4000367372AA3A7373AA3B7374AA3C7375AA7D
:100A50003D7376AA407377AA417378AA427379AA44
:100A600043737AAA44737BAA45737CAA46737DAA12
:100A700047737EAA487380AA497381AA4A7382AADF
:100A80004B7383AA4C7384AA4E7385AA4F7386AAAC
:100A9000517387AA537388AA547389AA55738AAA73
:100AA00056738BAA58738CAA59738DAA5A738EAA3F
:100AB0005B738FAA5C7390AA5D7391AA5E7392AA0E
:100AC0005F7393AA617394AA627395AA637396AADB
:100AD000647397AA657398AA667399AA67739AAAAA
:100AE00068739BAA69739CAA6A739DAA6B739EAA7A
:100AF0006E739FAA7073A0AA717340AB727341ABFF
:100B0000737342AB747343AB757344AB767345AB8D
:100B1000777346AB787347AB797348AB7A7349AB5D
:100B20007B734AAB7C734BAB7D734CAB7F734DAB2C
:100B300080734EAB81734FAB827350AB837351ABF9
:100B4000857352AB867353AB887354AB8A7355ABC2
:100B50008C7356AB8D7357AB8F7358AB907359AB87
:100B600092735AAB93735BAB94735CAB95735DAB51
:100B700097735EAB98735FAB997360AB9A7361AB1D
:100B80009C7362AB9D7363AB9E7364ABA07365ABE8
:100B9000A17366ABA37367ABA47368ABA57369ABB2
:100BA000A6736AABA7736BABA8736CABAA736DAB80
:100BB000AC736EABAD736FABB17370ABB47371AB41
:100BC000B57372ABB67373ABB87374ABB97375AB03
:100BD000BC7376ABBD7377ABBE7378ABBF7379ABC9
:100BE000C1737AABC3737BABC4737CABC5737DAB92
:100BF000C6737EABC77380ABCB7381ABCC7382AB58
:100C0000CE7383ABD27384ABD37385ABD47386AB13
:100C1000D57387ABD67388ABD77389ABD8738AABE0
:100C2000DA738BABDB738CABDC738DABDD738EABAC
:100C3000DF738FABE17390ABE27391ABE37392AB75
:100C4000E47393ABE67394ABE87395ABEA7396AB3E
:100C5000EB7397ABEC7398ABEE7399ABEF739AAB06
:100C6000F0739BABF1739CABF3739DABF4739EABD2
:100C7000F5739FABF673A0ABF77340ACF87341AC60
:100C8000F97342ACFA7343ACFB7344ACFC7345ACF0
:100C9000FD7346ACFE7347ACFF7348AC007449ACBF
:100CA00001744AAC02744BAC04744CAC07744DAC88
:100CB00008744EAC0B744FAC0C7450AC0D7451AC4A
:100CC0000E7452AC117453AC127454AC137455AC12
:100CD000147456AC157457AC167458AC177459ACE0
:100CE00018745AAC19745BAC1C745CAC1D745DACAC
:100CF0001E745EAC1F745FAC207460AC217461AC78
:100D0000237462AC247463AC277464AC297465AC3E
:100D10002B7466AC2D7467AC2F7468AC317469ACFD
:100D200032746AAC37746BAC38746CAC39746DACBB
:100D30003A746EAC3B746FAC3D7470AC3E7471AC85
:100D40003F7472AC407473AC427474AC437475AC51
:100D5000447476AC457477AC467478AC477479AC1F
:100D600048747AAC49747BAC4A747CAC4B747DACEF
:100D70004C747EAC4D7480AC4E7481AC4F7482ACBC
:100D8000507483AC517484AC527485AC537486AC8B
:100D9000547487AC567488AC587489AC5D748AAC52
:100DA00060748BAC61748CAC62748DAC63748EAC0B
:100DB00064748FAC657490AC667491AC677492ACDB
:100DC000687493AC697494AC6A7495AC6B7496ACAB
:100DD0006C7497AC6E7498AC6F7499AC71749AAC77
:100DE00072749BAC73749CAC74749DAC75749EAC43
:100DF00078749FAC7974A0AC7A7440AD7B7441ADCB
:100E00007C7442AD7D7443AD7F7444AD827445AD56
:100E1000847446AD857447AD867448AD887449AD19
:100E200089744AAD8A744BAD8C744CAD8D744DADE4
:100E30008F744EAD91744FAD927450AD937451ADAB
:100E4000947452AD957453AD967454AD977455AD7A
:100E5000987456AD997457AD9A7458AD9B7459AD4A
:100E60009D745AAD9F745BADA0745CADA1745DAD13
:100E7000A2745EADA3745FADA47460ADA57461ADE2
:100E8000A67462ADAA7463ADAB7464ADAC7465ADA9
:100E9000AD7466ADAE7467ADAF7468ADB07469AD76
:100EA000B1746AADB2746BADB3746CADB4746DAD46
:100EB000B5746EADB6746FADB77470ADB87471AD16
:100EC000B97472ADBB7473ADBC7474ADBD7475ADE3
:100ED000BE7476ADBF7477ADC07478ADC17479ADB2
:100EE000C2747AADC3747BADC4747CADC5747DAD82
:100EF000C6747EADC77480ADC87481ADC97482AD4F
:100F0000CA7483ADCB7484ADCC7485ADCD7486AD1D
:100F1000CE7487ADCF7488ADD07489ADD1748AADED
:100F2000D3748BADD4748CADD5748DADD6748EADB9
:100F3000D7748FADD87490ADD97491ADDA7492AD89
:100F4000DB7493ADDD7494ADDF7495ADE17496AD53
:100F5000E57497ADE77498ADE87499ADE9749AAD0E
:100F6000EA749BADEB749CADEC749DADED749EADDD
:100F7000F0749FADF174A0ADF27440AEF37441AE65
:100F8000F57442AEF87443AEF97444AEFA7445AEEB
:100F9000FB7446AEFC7447AEFD7448AEFE7449AEB9
:100FA00000754AAE01754BAE02754CAE03754DAE81
:100FB00005754EAE06754FAE077550AE087551AE4D
:100FC000097552AE0A7553AE0B7554AE0C7555AE1D
:100FD0000E7556AE107557AE127558AE147559AEE3
:100FE00015755AAE16755BAE17755CAE1B755DAEAA
:100FF0001D755EAE1E755FAE207560AE217561AE6B
:10100000227562AE237563AE247564AE267565AE37
:10101000277566AE2A7567AE2E7568AE347569AEF3
:1010200036756AAE39756BAE3C756CAE3D756DAE9E
:101030003F756EAE41756FAE427570AE437571AE61
:10104000447572AE467573AE477574AE497575AE2C
:101050004A7576AE4D7577AE507578AE517579AEEE
:1010600052757AAE53757BAE55757CAE56757DAEB6
:1010700057757EAE587580AE5D7581AE5E7582AE79
:101080005F7583AE607584AE617585AE627586AE40
:10109000637587AE647588AE677589AE68758AAE0C
:1010A00069758BAE6B758CAE6C758DAE6D758EAED5
:1010B0006E758FAE6F7590AE707591AE717592AEA4
:1010C000737593AE757594AE767595AE777596AE6D
:1010D0007A7597AE7B7598AE7C7599AE7D759AAE34
:1010E0007E759BAE80759CAE81759DAE82759EAE01
:1010F00084759FAE8575A0AE877540AF887541AF8A
:10110000897542AF8A7543AF8C7544AF8D7545AF15
:101110008E7546AF907547AF937548AF957549AFDB
:1011200098754AAF9B754BAF9C754CAF9E754DAF94
:10113000A2754EAFA6754FAFA77550AFA87551AF4A
:10114000A97552AFAA7553AFAD7554AFB67555AF0B
:10115000B77556AFBA7557AFBB7558AFBF7559AFB6
:10116000C0755AAFC1755BAFC6755CAFCB755DAF6F
:10117000CC755EAFCE755FAFCF7560AFD07561AF28
:10118000D17562AFD37563AFD77564AFD97565AFED
:10119000DA7566AFDC7567AFDD7568AFDF7569AFAF
:1011A000E0756AAFE1756BAFE5756CAFE9756DAF72
:1011B000EC756EAFED756FAFEE7570AFEF7571AF2B
:1011C000F27572AFF37573AFF57574AFF67575AFF1
:1011D000F77576AFF87577AFFA7578AFFB7579AFBD
:1011E000FD757AAFFE757BAF02767CAF04767DAF7E
:1011F00006767EAF077680AF087681AF097682AF3C
:101200000B7683AF0D7684AF0E7685AF0F7686AF03
:10121000117687AF127688AF137689AF14768AAFCE
:1012200016768BAF1A768CAF1C768DAF1D768EAF8F
:101230001E768FAF217690AF237691AF277692AF4F
:10124000287693AF2C7694AF2E7695AF2F7696AF07
:10125000317697AF327698AF367699AF37769AAFC8
:1012600039769BAF3A769CAF3B769DAF3D769EAF8D
:1012700041769FAF4276A0AF447640B0457641B00C
:10128000467642B0477643B0487644B0497645B09A
:101290004A7646B04B7647B04E7648B04F7649B066
:1012A00050764AB051764BB052764CB053764DB032
:1012B00055764EB057764FB0587650B0597651B0FB
:1012C0005A7652B05B7653B05D7654B05F7655B0C7
:1012D000607656B0617657B0627658B0647659B091
:1012E00065765AB066765BB067765CB068765DB05E
:1012F00069765EB06A765FB06C7660B06D7661B02C
:101300006E7662B0707663B0717664B0727665B0F6
:10131000737666B0747667B0757668B0767669B0C5
:1013200077766AB079766BB07A766CB07C766DB091
:101330007F766EB080766FB0817670B0837671B054
:10134000857672B0897673B08A7674B08C7675B013
:101350008D7676B08F7677B0907678B0927679B0D9
:1013600094767AB095767BB097767CB098767DB09F
:101370009A767EB09B7680B09C7681B09D7682B066
:101380009E7683B09F7684B0A07685B0A17686B035
:10139000A27687B0A37688B0A57689B0A6768AB003
:1013A000A7768BB0A8768CB0A9768DB0AA768EB0D1
:1013B000AB768FB0AC7690B0AD7691B0AF7692B0A0
:1013C000B07693B0B37694B0B57695B0B67696B065
:1013D000B77697B0B87698B0B97699B0BA769AB031
:1013E000BB769BB0BC769CB0BD769DB0BE769EB001
:1013F000C0769FB0C176A0B0C376A1B04A55A2B066
:101400003F96A3B0C357A4B02863A5B0CE54A6B0EE
:101410000955A7B0C054A8B09176A9B04C76AAB02F
:101420003C85ABB0EE77ACB07E82ADB08D78AEB01F
:101430003172AFB09896B0B08D97B1B0286CB2B0A1
:10144000895BB3B0FA4FB4B00963B5B09766B6B074
:10145000B85CB7B0FA80B8B04868B9B0AE80BAB07E
:101460000266BBB0CE76BCB0F951BDB05665BEB019
:10147000AC71BFB0F17FC0B08488C1B0B250C2B00F
:101480006559C3B0CA61C4B0B36FC5B0AD82C6B050
:101490004C63C7B05262C8B0ED53C9B02754CAB04C
:1014A000067BCBB06B51CCB0A475CDB0F45DCEB0A3
:1014B000D462CFB0CB8DD0B07697D1B08A62D2B0A3
:1014C0001980D3B05D57D4B03897D5B0627FD6B00D
:1014D0003872D7B07D76D8B0CF67D9B07E76DAB023
:1014E0004664DBB0704FDCB0258DDDB0DC62DEB071
:1014F000177ADFB09165E0B0ED73E1B02C64E2B033
:101500007362E3B02C82E4B08198E5B07F67E6B007
:101510004872E7B06E62E8B0CC62E9B0344FEAB02E
:10152000E374EBB04A53ECB09E52EDB0CA7EEEB01D
:10153000A690EFB02E5EF0B08668F1B09C69F2B074
:101540008081F3B0D17EF4B0D268F5B0C578F6B042
:101550008C86F7B05195F8B08D50F9B0248CFAB064
:10156000DE82FBB0DE80FCB00553FDB01289FEB018
:10157000655240B1C47641B1C77642B1C97643B134
:10158000CB7644B1CC7645B1D37646B1D57647B16A
:10159000D97648B1DA7649B1DC764AB1DD764BB11D
:1015A000DE764CB1E0764DB1E1764EB1E2764FB1E8
:1015B000E37650B1E47651B1E67652B1E77653B1B5
:1015C000E87654B1E97655B1EA7656B1EB7657B183
:1015D000EC7658B1ED7659B1F0765AB1F3765BB14D
:1015E000F5765CB1F6765DB1F7765EB1FA765FB10D
:1015F000FB7660B1FD7661B1FF7662B1007763B1D1
:10160000027764B1037765B1057766B1067767B194
:101610000A7768B10C7769B10E776AB10F776BB151
:1016200010776CB111776DB112776EB113776FB11E
:10163000147770B1157771B1167772B1177773B1EE
:10164000187774B11B7775B11C7776B11D7777B1B8
:101650001E7778B1217779B123777AB124777BB17E
:1016600025777CB127777DB12A777EB12B7780B142
:101670002C7781B12E7782B1307783B1317784B105
:10168000327785B1337786B1347787B1397788B1CE
:101690003B7789B13D778AB13E778BB13F778CB18B
:1016A00042778DB144778EB145778FB1467790B14F
:1016B000487791B1497792B14A7793B14B7794B11A
:1016C0004C7795B14D7796B14E7797B14F7798B1EA
:1016D000527799B153779AB154779BB155779CB1B2
:1016E00056779DB157779EB158779FB15977A0B182
:1016F0005C77A1B18485A2B1F996A3B1DD4FA4B105
:101700002158A5B17199A6B19D5BA7B1B162A8B1ED
:10171000A562A9B1B466AAB1798CABB18D9CACB10C
:101720000672ADB16F67AEB19178AFB1B260B0B1D2
:101730005153B1B11753B2B1888FB3B1CC80B4B1AA
:101740001D8DB5B1A194B6B10D50B7B1C872B8B185
:101750000759B9B1EB60BAB11971BBB1AB88BCB173
:101760005459BDB1EF82BEB12C67BFB1287BC0B167
:10177000295DC1B1F77EC2B12D75C3B1F56CC4B19D
:10178000668EC5B1F88FC6B13C90C7B13B9FC8B15A
:10179000D46BC9B11991CAB1147BCBB17C5FCCB108
:1017A000A778CDB1D684CEB13D85CFB1D56BD0B1C0
:1017B000D96BD1B1D66BD2B1015ED3B1875ED4B152
:1017C000F975D5B1ED95D6B15D65D7B10A5FD8B1E0
:1017D000C55FD9B19F8FDAB1C158DBB1C281DCB12D
:1017E0007F90DDB15B96DEB1AD97DFB1B98FE0B12F
:1017F000167FE1B12C8DE2B14162E3B1BF4FE4B19C
:10180000D853E5B15E53E6B1A88FE7B1A98FE8B12F
:10181000AB8FE9B14D90EAB10768EBB16A5FECB10B
:101820009881EDB16888EEB1D69CEFB18B61F0B1D3
:101830002B52F1B12A76F2B16C5FF3B18C65F4B141
:10184000D26FF5B1E86EF6B1BE5BF7B14864F8B19E
:101850007551F9B1B051FAB1C467FBB1194EFCB181
:10186000C979FDB17C99FEB1B37040B25D7741B2E8
:101870005E7742B25F7743B2607744B2647745B235
:10188000677746B2697747B26A7748B26D7749B2EF
:101890006E774AB26F774BB270774CB271774DB2B8
:1018A00072774EB273774FB2747750B2757751B288
:1018B000767752B2777753B2787754B27A7755B257
:1018C0007B7756B27C7757B2817758B2827759B21C
:1018D00083775AB286775BB287775CB288775DB2DE
:1018E00089775EB28A775FB28B7760B28F7761B2A9
:1018F000907762B2937763B2947764B2957765B26A
:10190000967766B2977767B2987768B2997769B237
:101910009A776AB29B776BB29C776CB29D776DB207
:101920009E776EB2A1776FB2A37770B2A47771B2CF
:10193000A67772B2A87773B2AB7774B2AD7775B28F
:10194000AE7776B2AF7777B2B17778B2B27779B255
:10195000B4777AB2B6777BB2B7777CB2B8777DB21C
:10196000B9777EB2BA7780B2BC7781B2BE7782B2E5
:10197000C07783B2C17784B2C27785B2C37786B2AB
:10198000C47787B2C57788B2C67789B2C7778AB27B
:10199000C8778BB2C9778CB2CA778DB2CB778EB24B
:1019A000CC778FB2CE7790B2CF7791B2D07792B218
:1019B000D17793B2D27794B2D37795B2D47796B2E7
:1019C000D57797B2D67798B2D87799B2D9779AB2B5
:1019D000DA779BB2DD779CB2DE779DB2DF779EB27D
:1019E000E0779FB2E177A0B2E477A1B2C575A2B269
:1019F000765EA3B2BB73A4B2E083A5B2AD64A6B217
:101A0000E862A7B2B594A8B2E26CA9B25A53AAB2DE
:101A1000C352ABB20F64ACB2C294ADB2947BAEB25F
:101A20002F4FAFB21B5EB0B23682B1B21681B2B2E6
:101A30008A81B3B2246EB4B2CA6CB5B2739AB6B22C
:101A40005563B7B25C53B8B2FA54B9B26588BAB24A
:101A5000E057BBB20D4EBCB2035EBDB2656BBEB209
:101A60003F7CBFB2E890C0B21660C1B2E664C2B2B9
:101A70001C73C3B2C188C4B25067C5B24D62C6B24E
:101A8000228DC7B26C77C8B2298EC9B2C791CAB2CB
:101A9000695FCBB2DC83CCB22185CDB21099CEB2D6
:101AA000C253CFB29586D0B28B6BD1B2ED60D2B2B9
:101AB000E860D3B27F70D4B2CD82D5B23182D6B2D3
:101AC000D34ED7B2A76CD8B2CF85D9B2CD64DAB233
:101AD000D97CDBB2FD69DCB2F966DDB24983DEB2E6
:101AE0009553DFB2567BE0B2A74FE1B28C51E2B220
:101AF0004B6DE3B2425CE4B26D8EE5B2D263E6B206
:101B0000C953E7B22C83E8B23683E9B2E567EAB29B
:101B1000B478EBB23D64ECB2DF5BEDB2945CEEB254
:101B2000EE5DEFB2E78BF0B2C662F1B2F467F2B2EB
:101B30007A8CF3B20064F4B2BA63F5B24987F6B2B4
:101B40008B99F7B2178CF8B2207FF9B2F294FAB2FF
:101B5000A74EFBB21096FCB2A498FDB20C66FEB282
:101B6000167340B3E67741B3E87742B3EA7743B3FD
:101B7000EF7744B3F07745B3F17746B3F27747B3E5
:101B8000F47748B3F57749B3F7774AB3F9774BB3AE
:101B9000FA774CB3FB774DB3FC774EB303784FB372
:101BA000047850B3057851B3067852B3077853B32D
:101BB000087854B30A7855B30B7856B30E7857B3F8
:101BC0000F7858B3107859B313785AB315785BB3BC
:101BD00019785CB31B785DB31E785EB320785FB371
:101BE000217860B3227861B3247862B3287863B334
:101BF0002A7864B32B7865B32E7866B32F7867B3F1
:101C0000317868B3327869B333786AB335786BB3B7
:101C100036786CB33D786DB33F786EB341786FB36F
:101C2000427870B3437871B3447872B3467873B333
:101C3000487874B3497875B34A7876B34B7877B3FC
:101C40004D7878B34F7879B351787AB353787BB3C2
:101C500054787CB358787DB359787EB35A7880B382
:101C60005B7881B35C7882B35E7883B35F7884B34A
:101C7000607885B3617886B3627887B3637888B318
:101C8000647889B365788AB366788BB367788CB3E8
:101C900068788DB369788EB36F788FB3707890B3AE
:101CA000717891B3727892B3737893B3747894B374
:101CB000757895B3767896B3787897B3797898B342
:101CC0007A7899B37B789AB37D789BB37E789CB30E
:101CD0007F789DB380789EB381789FB38278A0B3DC
:101CE0008378A1B33A57A2B31D5CA3B3385EA4B303
:101CF0007F95A5B37F50A6B3A080A7B38253A8B3A6
:101D00005E65A9B34575AAB33155ABB32150ACB3E9
:101D1000858DADB38462AEB39E94AFB31D67B0B38F
:101D20003256B1B36E6FB2B3E25DB3B33554B4B3F0
:101D30009270B5B3668FB6B36F62B7B3A464B8B32D
:101D4000A363B9B37B5FBAB3886FBBB3F490BCB382
:101D5000E381BDB3B08FBEB3185CBFB36866C0B3D8
:101D6000F15FC1B3896CC2B34896C3B3818DC4B36C
:101D70006C88C5B39164C6B3F079C7B3CE57C8B306
:101D8000596AC9B31062CAB34854CBB3584ECCB3E6
:101D90000B7ACDB3E960CEB3846FCFB3DA8BD0B317
:101DA0007F62D1B31E90D2B38B9AD3B3E479D4B30C
:101DB0000354D5B3F475D6B30163D7B31953D8B36D
:101DC000606CD9B3DF8FDAB31B5FDBB3709ADCB31F
:101DD0003B80DDB37F9FDEB3884FDFB33A5CE0B377
:101DE000648DE1B3C57FE2B3A565E3B3BD70E4B331
:101DF0004551E5B3B251E6B36B86E7B3075DE8B38F
:101E0000A05BE9B3BD62EAB36C91EBB37475ECB35C
:101E10000C8EEDB3207AEEB30161EFB3797BF0B3B2
:101E2000C74EF1B3F87EF2B38577F3B3114EF4B336
:101E3000ED81F5B31D52F6B3FA51F7B3716AF8B3F9
:101E4000A853F9B3878EFAB30495FBB3CF96FCB3CE
:101E5000C16EFDB36496FEB35A6940B4847841B450
:101E6000857842B4867843B4887844B48A7845B497
:101E70008B7846B48F7847B4907848B4927849B458
:101E800094784AB495784BB496784CB499784DB41C
:101E90009D784EB49E784FB4A07850B4A27851B4D7
:101EA000A47852B4A67853B4A87854B4A97855B499
:101EB000AA7856B4AB7857B4AC7858B4AD7859B466
:101EC000AE785AB4AF785BB4B5785CB4B6785DB42C
:101ED000B7785EB4B8785FB4BA7860B4BB7861B4F0
:101EE000BC7862B4BD7863B4BF7864B4C07865B4BC
:101EF000C27866B4C37867B4C47868B4C67869B485
:101F0000C7786AB4C8786BB4CC786CB4CD786DB44B
:101F1000CE786EB4CF786FB4D17870B4D27871B413
:101F2000D37872B4D67873B4D77874B4D87875B4DB
:101F3000DA7876B4DB7877B4DC7878B4DD7879B4A5
:101F4000DE787AB4DF787BB4E0787CB4E1787DB475
:101F5000E2787EB4E37880B4E47881B4E57882B442
:101F6000E67883B4E77884B4E97885B4EA7886B40F
:101F7000EB7887B4ED7888B4EE7889B4EF788AB4DA
:101F8000F0788BB4F1788CB4F3788DB4F5788EB4A6
:101F9000F6788FB4F87890B4F97891B4FB7892B46D
:101FA000FC7893B4FD7894B4FE7895B4FF7896B439
:101FB000007997B4027998B4037999B404799AB402
:101FC00006799BB407799CB408799DB409799EB4CD
:101FD0000A799FB40B79A0B40C79A1B44078A2B46B
:101FE000A850A3B4D777A4B41064A5B4E689A6B466
:101FF0000459A7B4E363A8B4DD5DA9B47F7AAAB499
:102000003D69ABB4204FACB43982ADB49855AEB491
:10201000324EAFB4AE75B0B4977AB1B4625EB2B4BA
:102020008A5EB3B4EF95B4B41B52B5B43954B6B4A8
:102030008A70B7B47663B8B42495B9B48257BAB489
:102040002566BBB43F69BCB48791BDB40755BEB427
:10205000F36DBFB4AF7EC0B42288C1B43362C2B4E2
:10206000F07EC3B4B575C4B42883C5B4C178C6B412
:10207000CC96C7B49E8FC8B44861C9B4F774CAB4CB
:10208000CD8BCBB4646BCCB43A52CDB4508DCEB4BE
:10209000216BCFB46A80D0B47184D1B4F156D2B47C
:1020A0000653D3B4CE4ED4B41B4ED5B4D151D6B40E
:1020B000977CD7B48B91D8B4077CD9B4C34FDAB42A
:1020C0007F8EDBB4E17BDCB49C7ADDB46764DEB484
:1020D000145DDFB4AC50E0B40681E1B40176E2B443
:1020E000B97CE3B4EC6DE4B4E07FE5B45167E6B4E9
:1020F000585BE7B4F85BE8B4CB78E9B4AE64EAB413
:102100001364EBB4AA63ECB42B63EDB41995EEB48D
:102110002D64EFB4BE8FF0B4547BF1B42976F2B4E1
:102120005362F3B42759F4B44654F5B4796BF6B45A
:10213000A350F7B43462F8B4265EF9B4866BFAB4EF
:10214000E34EFBB4378DFCB48B88FDB4855FFEB4E1
:102150002E9040B50D7941B50E7942B50F7943B552
:10216000107944B5117945B5127946B5147947B55A
:10217000157948B5167949B517794AB518794BB527
:1021800019794CB51A794DB51B794EB51C794FB5F7
:102190001D7950B51F7951B5207952B5217953B5C4
:1021A000227954B5237955B5257956B5267957B591
:1021B000277958B5287959B529795AB52A795BB55F
:1021C0002B795CB52C795DB52D795EB52E795FB52F
:1021D0002F7960B5307961B5317962B5327963B5FF
:1021E000337964B5357965B5367966B5377967B5CC
:1021F000387968B5397969B53D796AB53F796BB594
:1022000042796CB543796DB544796EB545796FB552
:10221000477970B54A7971B54B7972B54C7973B518
:102220004D7974B54E7975B54F7976B5507977B5E6
:10223000517978B5527979B554797AB555797BB5B4
:1022400058797CB559797DB561797EB5637980B56A
:10225000647981B5667982B5697983B56A7984B51F
:102260006B7985B56C7986B56E7987B5707988B5E7
:10227000717989B572798AB573798BB574798CB5B2
:1022800075798DB576798EB579798FB57B7990B57D
:102290007C7991B57D7992B57E7993B57F7994B546
:1022A000827995B5837996B5867997B5877998B50A
:1022B000887999B589799AB58B799BB58C799CB5D4
:1022C0008D799DB58E799EB590799FB59179A0B5A0
:1022D0009279A1B52060A2B53D80A3B5C562A4B531
:1022E000394EA5B55553A6B5F890A7B5B863A8B5AE
:1022F000C680A9B5E665AAB52E6CABB5464FACB5A0
:10230000EE60ADB5E16DAEB5DE8BAFB5395FB0B5A2
:10231000CB86B1B5535FB2B52163B3B55A51B4B5ED
:102320006183B5B56368B6B50052B7B56363B8B538
:10233000488EB9B51250BAB59B5CBBB57779BCB5C0
:10234000FC5BBDB53052BEB53B7ABFB5BC60C0B515
:102350005390C1B5D776C2B5B75FC3B5975FC4B563
:102360008476C5B56C8EC6B56F70C7B57B76C8B5BB
:10237000497BC9B5AA77CAB5F351CBB59390CCB513
:102380002458CDB54E4FCEB5F46ECFB5EA8FD0B54B
:102390004C65D1B51B7BD2B5C472D3B5A46DD4B591
:1023A000DF7FD5B5E15AD6B5B562D7B5955ED8B55C
:1023B0003057D9B58284DAB52C7BDBB51D5EDCB530
:1023C0001F5FDDB51290DEB5147FDFB5A098E0B5D4
:1023D0008263E1B5C76EE2B59878E3B5B970E4B54C
:1023E0007851E5B55B97E6B5AB57E7B53575E8B518
:1023F000434FE9B53875EAB5975EEBB5E660ECB5E5
:102400006059EDB5C06DEEB5BF6BEFB58978F0B52D
:10241000FC53F1B5D596F2B5CB51F3B50152F4B5F5
:102420008963F5B50A54F6B59394F7B5038CF8B5FE
:10243000CC8DF9B53972FAB59F78FBB57687FCB5C6
:10244000ED8FFDB50D8CFEB5E05340B6937941B6E6
:10245000947942B6957943B6967944B6977945B65C
:10246000987946B6997947B69B7948B69C7949B62A
:102470009D794AB69E794BB69F794CB6A0794DB6F8
:10248000A1794EB6A2794FB6A37950B6A47951B6C8
:10249000A57952B6A67953B6A87954B6A97955B696
:1024A000AA7956B6AB7957B6AC7958B6AD7959B664
:1024B000AE795AB6AF795BB6B0795CB6B1795DB634
:1024C000B2795EB6B4795FB6B57960B6B67961B601
:1024D000B77962B6B87963B6BC7964B6BF7965B6C8
:1024E000C27966B6C47967B6C57968B6C77969B680
:1024F000C8796AB6CA796BB6CC796CB6CE796DB646
:10250000CF796EB6D0796FB6D37970B6D47971B60B
:10251000D67972B6D77973B6D97974B6DA7975B6D1
:10252000DB7976B6DC7977B6DD7978B6DE7979B69F
:10253000E0797AB6E1797BB6E2797CB6E5797DB669
:10254000E8797EB6EA7980B6EC7981B6EE7982B622
:10255000F17983B6F27984B6F37985B6F47986B6E3
:10256000F57987B6F67988B6F77989B6F9798AB6B2
:10257000FA798BB6FC798CB6FE798DB6FF798EB67A
:10258000017A8FB6047A90B6057A91B6077A92B638
:10259000087A93B6097A94B60A7A95B60C7A96B602
:1025A0000F7A97B6107A98B6117A99B6127A9AB6C7
:1025B000137A9BB6157A9CB6167A9DB6187A9EB693
:1025C000197A9FB61B7AA0B61C7AA1B6014EA2B6A4
:1025D000EF76A3B6EE53A4B68994A5B67698A6B6C0
:1025E0000E9FA7B62D95A8B69A5BA9B6A28BAAB6E0
:1025F000224EABB61C4EACB6AC51ADB66384AEB693
:10260000C261AFB6A852B0B60B68B1B6974FB2B6BA
:102610006B60B3B6BB51B4B61E6DB5B65C51B6B601
:102620009662B7B69765B8B66196B9B6468CBAB633
:102630001790BBB6D875BCB6FD90BDB66377BEB675
:10264000D26BBFB68A72C0B6EC72C1B6FB8BC2B693
:102650003558C3B67977C4B64C8DC5B65C67C6B677
:102660004095C7B69A80C8B6A65EC9B6216ECAB6EE
:102670009259CBB6EF7ACCB6ED77CDB63B95CEB6C8
:10268000B56BCFB6AD65D0B60E7FD1B60658D2B613
:102690005151D3B61F96D4B6F95BD5B6A958D6B664
:1026A0002854D7B6728ED8B66665D9B67F98DAB692
:1026B000E456DBB69D94DCB6FE76DDB64190DEB620
:1026C0008763DFB6C654E0B61A59E1B63A59E2B6A6
:1026D0009B57E3B6B28EE4B63567E5B6FA8DE6B63B
:1026E0003582E7B64152E8B6F060E9B61558EAB669
:1026F000FE86EBB6E85CECB6459EEDB6C44FEEB692
:102700009D98EFB6B98BF0B6255AF1B67660F2B661
:102710008453F3B67C62F4B64F90F5B60291F6B6E8
:102720007F99F7B66960F8B60C80F9B63F51FAB6F2
:102730003380FBB6145CFCB67599FDB6316DFEB600
:102740008C4E40B71D7A41B71F7A42B7217A43B702
:10275000227A44B7247A45B7257A46B7267A47B70E
:10276000277A48B7287A49B7297A4AB72A7A4BB7DD
:102770002B7A4CB72C7A4DB72D7A4EB72E7A4FB7AD
:102780002F7A50B7307A51B7317A52B7327A53B77D
:10279000347A54B7357A55B7367A56B7387A57B748
:1027A0003A7A58B73E7A59B7407A5AB7417A5BB706
:1027B000427A5CB7437A5DB7447A5EB7457A5FB7D1
:1027C000477A60B7487A61B7497A62B74A7A63B79D
:1027D0004B7A64B74C7A65B74D7A66B74E7A67B76D
:1027E0004F7A68B7507A69B7527A6AB7537A6BB73B
:1027F000547A6CB7557A6DB7567A6EB7587A6FB708
:10280000597A70B75A7A71B75B7A72B75C7A73B7D4
:102810005D7A74B75E7A75B75F7A76B7607A77B7A4
:10282000617A78B7627A79B7637A7AB7647A7BB774
:10283000657A7CB7667A7DB7677A7EB7687A80B743
:10284000697A81B76A7A82B76B7A83B76C7A84B710
:102850006D7A85B76E7A86B76F7A87B7717A88B7DF
:10286000727A89B7737A8AB7757A8BB77B7A8CB7A5
:102870007C7A8DB77D7A8EB77E7A8FB7827A90B761
:10288000857A91B7877A92B7897A93B78A7A94B71B
:102890008B7A95B78C7A96B78E7A97B78F7A98B7E6
:1028A000907A99B7937A9AB7947A9BB7997A9CB7AA
:1028B0009A7A9DB79B7A9EB79E7A9FB7A17AA0B766
:1028C000A27AA1B7308DA2B7D153A3B75A7FA4B7CC
:1028D0004F7BA5B7104FA6B74F4EA7B70096A8B726
:1028E000D56CA9B7D073AAB7E985ABB7065EACB70C
:1028F0006A75ADB7FB7FAEB70A6AAFB7FE77B0B700
:102900009294B1B7417EB2B7E151B3B7E670B4B7B4
:10291000CD53B5B7D48FB6B70383B7B7298DB8B742
:10292000AF72B9B76D99BAB7DB6CBBB74A57BCB7D2
:10293000B382BDB7B965BEB7AA80BFB73F62C0B7A3
:102940003296C1B7A859C2B7FF4EC3B7BF8BC4B741
:10295000BA7EC5B73E65C6B7F283C7B75E97C8B73C
:102960006155C9B7DE98CAB7A580CBB72A53CCB793
:10297000FD8BCDB72054CEB7BA80CFB79F5ED0B70E
:10298000B86CD1B7398DD2B7AC82D3B75A91D4B71E
:102990002954D5B71B6CD6B70652D7B7B77ED8B770
:1029A0005F57D9B71A71DAB77E6CDBB7897CDCB7B1
:1029B0004B59DDB7FD4EDEB7FF5FDFB72461E0B7EF
:1029C000AA7CE1B7304EE2B7015CE3B7AB67E4B78E
:1029D0000287E5B7F05CE6B70B95E7B7CE98E8B7A6
:1029E000AF75E9B7FD70EAB72290EBB7AF51ECB71E
:1029F0001D7FEDB7BD8BEEB74959EFB7E451F0B786
:102A00005B4FF1B72654F2B72B59F3B77765F4B79C
:102A1000A480F5B7755BF6B77662F7B7C262F8B710
:102A2000908FF9B7455EFAB71F6CFBB7267BFCB7F2
:102A30000F4FFDB7D84FFEB70D6740B8A37A41B826
:102A4000A47A42B8A77A43B8A97A44B8AA7A45B812
:102A5000AB7A46B8AE7A47B8AF7A48B8B07A49B8D8
:102A6000B17A4AB8B27A4BB8B47A4CB8B57A4DB8A4
:102A7000B67A4EB8B77A4FB8B87A50B8B97A51B872
:102A8000BA7A52B8BB7A53B8BC7A54B8BD7A55B842
:102A9000BE7A56B8C07A57B8C17A58B8C27A59B80F
:102AA000C37A5AB8C47A5BB8C57A5CB8C67A5DB8DE
:102AB000C77A5EB8C87A5FB8C97A60B8CA7A61B8AE
:102AC000CC7A62B8CD7A63B8CE7A64B8CF7A65B87A
:102AD000D07A66B8D17A67B8D27A68B8D37A69B84A
:102AE000D47A6AB8D57A6BB8D77A6CB8D87A6DB818
:102AF000DA7A6EB8DB7A6FB8DC7A70B8DD7A71B8E2
:102B0000E17A72B8E27A73B8E47A74B8E77A75B8A1
:102B1000E87A76B8E97A77B8EA7A78B8EB7A79B869
:102B2000EC7A7AB8EE7A7BB8F07A7CB8F17A7DB834
:102B3000F27A7EB8F37A80B8F47A81B8F57A82B8FE
:102B4000F67A83B8F77A84B8F87A85B8FB7A86B8CB
:102B5000FC7A87B8FE7A88B8007B89B8017B8AB88E
:102B6000027B8BB8057B8CB8077B8DB8097B8EB850
:102B70000C7B8FB80D7B90B80E7B91B8107B92B810
:102B8000127B93B8137B94B8167B95B8177B96B8D5
:102B9000187B97B81A7B98B81C7B99B81D7B9AB89C
:102BA0001F7B9BB8217B9CB8227B9DB8237B9EB862
:102BB000277B9FB8297BA0B82D7BA1B86E6DA2B8EA
:102BC000AA6DA3B88F79A4B8B188A5B8175FA6B8C5
:102BD0002B75A7B89A62A8B8858FA9B8EF4FAAB885
:102BE000DC91ABB8A765ACB82F81ADB85181AEB858
:102BF0009C5EAFB85081B0B8748DB1B86F52B2B8A6
:102C00008689B3B84B8DB4B80D59B5B88550B6B8F0
:102C1000D84EB7B81C96B8B83672B9B87981BAB878
:102C20001F8DBBB8CC5BBCB8A38BBDB84496BEB8F7
:102C30008759BFB81A7FC0B89054C1B87656C2B889
:102C40000E56C3B8E58BC4B83965C5B88269C6B835
:102C50009994C7B8D676C8B8896EC9B8725ECAB832
:102C60001875CBB84667CCB8D167CDB8FF7ACEB867
:102C70009D80CFB8768DD0B81F61D1B8C679D2B853
:102C80006265D3B8638DD4B88851D5B81A52D6B816
:102C9000A294D7B8387FD8B89B80D9B8B27EDAB8BA
:102CA000975CDBB82F6EDCB86067DDB8D97BDEB827
:102CB0008B76DFB8D89AE0B88F81E1B8947FE2B81C
:102CC000D57CE3B81E64E4B85095E5B83F7AE6B821
:102CD0004A54E7B8E554E8B84C6BE9B80164EAB87F
:102CE0000862EBB83D9EECB8F380EDB89975EEB88C
:102CF0007252EFB86997F0B85B84F1B83C68F2B8EB
:102D0000E486F3B80196F4B89496F5B8EC94F6B866
:102D10002A4EF7B80454F8B8D97EF9B83968FAB829
:102D2000DF8DFBB81580FCB8F466FDB89A5EFEB87E
:102D3000B97F40B92F7B41B9307B42B9327B43B96F
:102D4000347B44B9357B45B9367B46B9377B47B9C7
:102D5000397B48B93B7B49B93D7B4AB93F7B4BB98D
:102D6000407B4CB9417B4DB9427B4EB9437B4FB957
:102D7000447B50B9467B51B9487B52B94A7B53B921
:102D80004D7B54B94E7B55B9537B56B9557B57B9DA
:102D9000577B58B9597B59B95C7B5AB95E7B5BB993
:102DA0005F7B5CB9617B5DB9637B5EB9647B5FB956
:102DB000657B60B9667B61B9677B62B9687B63B923
:102DC000697B64B96A7B65B96B7B66B96C7B67B9F3
:102DD0006D7B68B96F7B69B9707B6AB9737B6BB9BE
:102DE000747B6CB9767B6DB9787B6EB97A7B6FB981
:102DF0007C7B70B97D7B71B97F7B72B9817B73B944
:102E0000827B74B9837B75B9847B76B9867B77B90D
:102E1000877B78B9887B79B9897B7AB98A7B7BB9DA
:102E20008B7B7CB98C7B7DB98E7B7EB98F7B80B9A7
:102E3000917B81B9927B82B9937B83B9967B84B96C
:102E4000987B85B9997B86B99A7B87B99B7B88B932
:102E50009E7B89B99F7B8AB9A07B8BB9A37B8CB9F8
:102E6000A47B8DB9A57B8EB9AE7B8FB9AF7B90B9B2
:102E7000B07B91B9B27B92B9B37B93B9B57B94B96E
:102E8000B67B95B9B77B96B9B97B97B9BA7B98B938
:102E9000BB7B99B9BC7B9AB9BD7B9BB9BE7B9CB906
:102EA000BF7B9DB9C07B9EB9C27B9FB9C37BA0B9D4
:102EB000C47BA1B9C257A2B93F80A3B99768A4B98E
:102EC000E55DA5B93B65A6B99F52A7B96D60A8B9E4
:102ED0009A9FA9B99B4FAAB9AC8EABB96C51ACB94A
:102EE000AB5BADB9135FAEB9E95DAFB95E6CB0B9BC
:102EF000F162B1B9218DB2B97151B3B9A994B4B924
:102F0000FE52B5B99F6CB6B9DF82B7B9D772B8B9FE
:102F1000A257B9B98467BAB92D8DBBB91F59BCB9CD
:102F20009C8FBDB9C783BEB99554BFB98D7BC0B95D
:102F3000304FC1B9BD6CC2B9645BC3B9D159C4B912
:102F4000139FC5B9E453C6B9CA86C7B9A89AC8B908
:102F5000378CC9B9A180CAB94565CBB97E98CCB9BF
:102F6000FA56CDB9C796CEB92E52CFB9DC74D0B9C6
:102F70005052D1B9E15BD2B90263D3B90289D4B955
:102F8000564ED5B9D062D6B92A60D7B9FA68D8B941
:102F90007351D9B9985BDAB9A051DBB9C289DCB9F0
:102FA000A17BDDB98699DEB9507FDFB9EF60E0B96A
:102FB0004C70E1B92F8DE2B94951E3B97F5EE4B9B4
:102FC0001B90E5B97074E6B9C489E7B92D57E8B923
:102FD0004578E9B9525FEAB99F9FEBB9FA95ECB928
:102FE000688FEDB93C9BEEB9E18BEFB97876F0B91B
:102FF0004268F1B9DC67F2B9EA8DF3B9358DF4B9FD
:103000003D52F5B98A8FF6B9DA6EF7B9CD68F8B9DD
:103010000595F9B9ED90FAB9FD56FBB99C67FCB975
:10302000F988FDB9C78FFEB9C85440BAC57B41BA0B
:10303000C87B42BAC97B43BACA7B44BACB7B45BA88
:10304000CD7B46BACE7B47BACF7B48BAD07B49BA54
:10305000D27B4ABAD47B4BBAD57B4CBAD67B4DBA1D
:10306000D77B4EBAD87B4FBADB7B50BADC7B51BAE8
:10307000DE7B52BADF7B53BAE07B54BAE27B55BAAF
:10308000E37B56BAE47B57BAE77B58BAE87B59BA78
:10309000E97B5ABAEB7B5BBAEC7B5CBAED7B5DBA41
:1030A000EF7B5EBAF07B5FBAF27B60BAF37B61BA0A
:1030B000F47B62BAF57B63BAF67B64BAF87B65BAD7
:1030C000F97B66BAFA7B67BAFB7B68BAFD7B69BAA3
:1030D000FF7B6ABA007C6BBA017C6CBA027C6DBA69
:1030E000037C6EBA047C6FBA057C70BA067C71BA38
:1030F000087C72BA097C73BA0A7C74BA0D7C75BA02
:103100000E7C76BA107C77BA117C78BA127C79BAC8
:10311000137C7ABA147C7BBA157C7CBA177C7DBA96
:10312000187C7EBA197C80BA1A7C81BA1B7C82BA60
:103130001C7C83BA1D7C84BA1E7C85BA207C86BA2E
:10314000217C87BA227C88BA237C89BA247C8ABAFB
:10315000257C8BBA287C8CBA297C8DBA2B7C8EBAC4
:103160002C7C8FBA2D7C90BA2E7C91BA2F7C92BA8F
:10317000307C93BA317C94BA327C95BA337C96BA5F
:10318000347C97BA357C98BA367C99BA377C9ABA2F
:10319000397C9BBA3A7C9CBA3B7C9DBA3C7C9EBAFB
:1031A0003D7C9FBA3E7CA0BA427CA1BAB89AA2BA32
:1031B000695BA3BA776DA4BA266CA5BAA54EA6BA68
:1031C000B35BA7BA879AA8BA6391A9BAA861AABA49
:1031D000AF90ABBAE997ACBA2B54ADBAB56DAEBAF5
:1031E000D25BAFBAFD51B0BA8A55B1BA557FB2BA07
:1031F000F07FB3BABC64B4BA4D63B5BAF165B6BA80
:10320000BE61B7BA8D60B8BA0A71B9BA576CBABAAA
:10321000496CBBBA2F59BCBA6D67BDBA2A82BEBA17
:10322000D558BFBA8E56C0BA6A8CC1BAEB6BC2BA57
:10323000DD90C3BA7D59C4BA1780C5BAF753C6BA70
:10324000696DC7BA7554C8BA9D55C9BA7783CABAE9
:10325000CF83CBBA3868CCBABE79CDBA8C54CEBA4B
:10326000554FCFBA0854D0BAD276D1BA898CD2BAD7
:103270000296D3BAB36CD4BAB86DD5BA6B8DD6BA40
:103280001089D7BA649ED8BA3A8DD9BA3F56DABAFD
:10329000D19EDBBAD575DCBA885FDDBAE072DEBAE2
:1032A0006860DFBAFC54E0BAA84EE1BA2A6AE2BA12
:1032B0006188E3BA5260E4BA708FE5BAC454E6BAE2
:1032C000D870E7BA7986E8BA3F9EE9BA2A6DEABAB9
:1032D0008F5BEBBA185FECBAA27EEDBA8955EEBAF5
:1032E000AF4FEFBA3473F0BA3C54F1BA9A53F2BA12
:1032F0001950F3BA0E54F4BA7C54F5BA4E4EF6BADD
:10330000FD5FF7BA5A74F8BAF658F9BA6B84FABA8C
:10331000E180FBBA7487FCBAD072FDBACA7CFEBAEF
:10332000566E40BB437C41BB447C42BB457C43BBA7
:10333000467C44BB477C45BB487C46BB497C47BB7D
:103340004A7C48BB4B7C49BB4C7C4ABB4E7C4BBB4C
:103350004F7C4CBB507C4DBB517C4EBB527C4FBB19
:10336000537C50BB547C51BB557C52BB567C53BBE9
:10337000577C54BB587C55BB597C56BB5A7C57BBB9
:103380005B7C58BB5C7C59BB5D7C5ABB5E7C5BBB89
:103390005F7C5CBB607C5DBB617C5EBB627C5FBB59
:1033A000637C60BB647C61BB657C62BB667C63BB29
:1033B000677C64BB687C65BB697C66BB6A7C67BBF9
:1033C0006B7C68BB6C7C69BB6D7C6ABB6E7C6BBBC9
:1033D0006F7C6CBB707C6DBB717C6EBB727C6FBB99
:1033E000757C70BB767C71BB777C72BB787C73BB61
:1033F000797C74BB7A7C75BB7E7C76BB7F7C77BB2B
:10340000807C78BB817C79BB827C7ABB837C7BBBF4
:10341000847C7CBB857C7DBB867C7EBB877C80BBC3
:10342000887C81BB8A7C82BB8B7C83BB8C7C84BB8D
:103430008D7C85BB8E7C86BB8F7C87BB907C88BB5C
:10344000937C89BB947C8ABB967C8BBB997C8CBB20
:103450009A7C8DBB9B7C8EBBA07C8FBBA17C90BBE0
:10346000A37C91BBA67C92BBA77C93BBA87C94BB9E
:10347000A97C95BBAB7C96BBAC7C97BBAD7C98BB69
:10348000AF7C99BBB07C9ABBB47C9BBBB57C9CBB2E
:10349000B67C9DBBB77C9EBBB87C9FBBBA7CA0BBF7
:1034A000BB7CA1BB275FA2BB4E86A3BB2C55A4BB94
:1034B000A462A5BB924EA6BBAA6CA7BB3762A8BBF1
:1034C000B182A9BBD754AABB4E53ABBB3E73ACBBB6
:1034D000D16EADBB3B75AEBB1252AFBB1653B0BB8A
:1034E000DD8BB1BBD069B2BB8A5FB3BB0060B4BB3C
:1034F000EE6DB5BB4F57B6BB226BB7BBAF73B8BB56
:103500005368B9BBD88FBABB137FBBBB6263BCBB6C
:10351000A360BDBB2455BEBBEA75BFBB628CC0BBFC
:103520001571C1BBA36DC2BBA65BC3BB7B5EC4BB35
:103530005283C5BB4C61C6BBC49EC7BBFA78C8BB2F
:103540005787C9BB277CCABB8776CBBBF051CCBBA6
:10355000F660CDBB4C71CEBB4366CFBB4C5ED0BBDF
:103560004D60D1BB0E8CD2BB7070D3BB2563D4BB76
:10357000898FD5BBBD5FD6BB6260D7BBD486D8BBB5
:10358000DE56D9BBC16BDABB9460DBBB6761DCBBC9
:103590004953DDBBE060DEBB6666DFBB3F8DE0BB51
:1035A000FD79E1BB1A4FE2BBE970E3BB476CE4BBBA
:1035B000B38BE5BBF28BE6BBD87EE7BB6483E8BB8D
:1035C0000F66E9BB5A5AEABB429BEBBB516DECBBA1
:1035D000F76DEDBB418CEEBB3B6DEFBB194FF0BB04
:1035E0006B70F1BBB783F2BB1662F3BBD160F4BB67
:1035F0000D97F5BB278DF6BB7879F7BBFB51F8BB70
:103600003E57F9BBFA57FABB3A67FBBB7875FCBB70
:103610003D7AFDBBEF79FEBB957B40BCBF7C41BCD6
:10362000C07C42BCC27C43BCC37C44BCC47C45BCA3
:10363000C67C46BCC97C47BCCB7C48BCCE7C49BC64
:10364000CF7C4ABCD07C4BBCD17C4CBCD27C4DBC2A
:10365000D37C4EBCD47C4FBCD87C50BCDA7C51BCF3
:10366000DB7C52BCDD7C53BCDE7C54BCE17C55BCB5
:10367000E27C56BCE37C57BCE47C58BCE57C59BC7E
:10368000E67C5ABCE77C5BBCE97C5CBCEA7C5DBC4C
:10369000EB7C5EBCEC7C5FBCED7C60BCEE7C61BC1A
:1036A000F07C62BCF17C63BCF27C64BCF37C65BCE6
:1036B000F47C66BCF57C67BCF67C68BCF77C69BCB6
:1036C000F97C6ABCFA7C6BBCFC7C6CBCFD7C6DBC80
:1036D000FE7C6EBCFF7C6FBC007D70BC017D71BC4C
:1036E000027D72BC037D73BC047D74BC057D75BC1A
:1036F000067D76BC077D77BC087D78BC097D79BCEA
:103700000B7D7ABC0C7D7BBC0D7D7CBC0E7D7DBCB5
:103710000F7D7EBC107D80BC117D81BC127D82BC82
:10372000137D83BC147D84BC157D85BC167D86BC51
:10373000177D87BC187D88BC197D89BC1A7D8ABC21
:103740001B7D8BBC1C7D8CBC1D7D8DBC1E7D8EBCF1
:103750001F7D8FBC217D90BC237D91BC247D92BCBC
:10376000257D93BC267D94BC287D95BC297D96BC87
:103770002A7D97BC2C7D98BC2D7D99BC2E7D9ABC52
:10378000307D9BBC317D9CBC327D9DBC337D9EBC1D
:10379000347D9FBC357DA0BC367DA1BC8C80A2BC95
:1037A0006599A3BCF98FA4BCC06FA5BCA58BA6BCB2
:1037B000219EA7BCEC59A8BCE97EA9BC097FAABC84
:1037C0000954ABBC8167ACBCD868ADBC918FAEBCB2
:1037D0004D7CAFBCC696B0BCCA53B1BC2560B2BC70
:1037E000BE75B3BC726CB4BC7353B5BCC95AB6BC1D
:1037F000A77EB7BC2463B8BCE051B9BC0A81BABC8F
:10380000F15DBBBCDF84BCBC8062BDBC8051BEBC72
:10381000635BBFBC0E4FC0BC6D79C1BC4252C2BC21
:10382000B860C3BC4E6DC4BCC45BC5BCC25BC6BC87
:10383000A18BC7BCB08BC8BCE265C9BCCC5FCABC9D
:103840004596CBBC9359CCBCE77ECDBCAA7ECEBC02
:103850000956CFBCB767D0BC3959D1BC734FD2BC65
:10386000B65BD3BCA052D4BC5A83D5BC8A98D6BC14
:103870003E8DD7BC3275D8BCBE94D9BC4750DABC9B
:103880003C7ADBBCF74EDCBCB667DDBC7E9ADEBCA6
:10389000C15ADFBC7C6BE0BCD176E1BC5A57E2BCBC
:1038A000165CE3BC3A7BE4BCF495E5BC4E71E6BC27
:1038B0007C51E7BCA980E8BC7082E9BC7859EABCBD
:1038C000047FEBBC2783ECBCC068EDBCEC67EEBCAE
:1038D000B178EFBC7778F0BCE362F1BC6163F2BC15
:1038E000807BF3BCED4FF4BC6A52F5BCCF51F6BC03
:1038F0005083F7BCDB69F8BC7492F9BCF58DFABC57
:10390000318DFBBCC189FCBC2E95FDBCAD7BFEBCE2
:10391000F64E40BD377D41BD387D42BD397D43BD4A
:103920003A7D44BD3B7D45BD3C7D46BD3D7D47BDAB
:103930003E7D48BD3F7D49BD407D4ABD417D4BBD7B
:10394000427D4CBD437D4DBD447D4EBD457D4FBD4B
:10395000467D50BD477D51BD487D52BD497D53BD1B
:103960004A7D54BD4B7D55BD4C7D56BD4D7D57BDEB
:103970004E7D58BD4F7D59BD507D5ABD517D5BBDBB
:10398000527D5CBD537D5DBD547D5EBD557D5FBD8B
:10399000567D60BD577D61BD587D62BD597D63BD5B
:1039A0005A7D64BD5B7D65BD5C7D66BD5D7D67BD2B
:1039B0005E7D68BD5F7D69BD607D6ABD617D6BBDFB
:1039C000627D6CBD637D6DBD647D6EBD657D6FBDCB
:1039D000667D70BD677D71BD687D72BD697D73BD9B
:1039E0006A7D74BD6B7D75BD6C7D76BD6D7D77BD6B
:1039F0006F7D78BD707D79BD717D7ABD727D7BBD37
:103A0000737D7CBD747D7DBD757D7EBD767D80BD05
:103A1000787D81BD797D82BD7A7D83BD7B7D84BDCE
:103A20007C7D85BD7D7D86BD7E7D87BD7F7D88BD9E
:103A3000807D89BD817D8ABD827D8BBD837D8CBD6E
:103A4000847D8DBD857D8EBD867D8FBD877D90BD3E
:103A5000887D91BD897D92BD8A7D93BD8B7D94BD0E
:103A60008C7D95BD8D7D96BD8E7D97BD8F7D98BDDE
:103A7000907D99BD917D9ABD927D9BBD937D9CBDAE
:103A8000947D9DBD957D9EBD967D9FBD977DA0BD7E
:103A9000987DA1BD6550A2BD3082A3BD5152A4BD89
:103AA0006F99A5BD106EA6BD856EA7BDA76DA8BDFB
:103AB000FA5EA9BDF550AABDDC59ABBD065CACBD34
:103AC000466DADBD5F6CAEBD8675AFBD8B84B0BDC0
:103AD0006868B1BD5659B2BDB28BB3BD2053B4BDF9
:103AE0007191B5BD4D96B6BD4985B7BD1269B8BDDA
:103AF0000179B9BD2671BABDF680BBBDA44EBCBD6F
:103B0000CA90BDBD476DBEBD849ABFBD075AC0BD3A
:103B1000BC56C1BD0564C2BDF094C3BDEB77C4BD46
:103B2000A54FC5BD1A81C6BDE172C7BDD289C8BD4A
:103B30007A99C9BD347FCABDDE7ECBBD7F52CCBD74
:103B40005965CDBD7591CEBD7F8FCFBD838FD0BD63
:103B5000EB53D1BD967AD2BDED63D3BDA563D4BD81
:103B60008676D5BDF879D6BD5788D7BD3696D8BDEF
:103B70002A62D9BDAB52DABD8282DBBD5468DCBD9E
:103B80007067DDBD7763DEBD6B77DFBDED7AE0BDCD
:103B9000016DE1BDD37EE2BDE389E3BDD059E4BD53
:103BA0001262E5BDC985E6BDA582E7BD4C75E8BDDD
:103BB0001F50E9BDCB4EEABDA575EBBDEB8BECBD4F
:103BC0004A5CEDBDFE5DEEBD4B7BEFBDA465F0BD77
:103BD000D191F1BDCA4EF2BD256DF3BD5F89F4BD33
:103BE000277DF5BD2695F6BDC54EF7BD288CF8BDE1
:103BF000DB8FF9BD7397FABD4B66FBBD8179FCBDC8
:103C0000D18FFDBDEC70FEBD786D40BE997D41BE8B
:103C10009A7D42BE9B7D43BE9C7D44BE9D7D45BE3C
:103C20009E7D46BE9F7D47BEA07D48BEA17D49BE0C
:103C3000A27D4ABEA37D4BBEA47D4CBEA57D4DBEDC
:103C4000A77D4EBEA87D4FBEA97D50BEAA7D51BEA8
:103C5000AB7D52BEAC7D53BEAD7D54BEAF7D55BE77
:103C6000B07D56BEB17D57BEB27D58BEB37D59BE44
:103C7000B47D5ABEB57D5BBEB67D5CBEB77D5DBE14
:103C8000B87D5EBEB97D5FBEBA7D60BEBB7D61BEE4
:103C9000BC7D62BEBD7D63BEBE7D64BEBF7D65BEB4
:103CA000C07D66BEC17D67BEC27D68BEC37D69BE84
:103CB000C47D6ABEC57D6BBEC67D6CBEC77D6DBE54
:103CC000C87D6EBEC97D6FBECA7D70BECB7D71BE24
:103CD000CC7D72BECD7D73BECE7D74BECF7D75BEF4
:103CE000D07D76BED17D77BED27D78BED37D79BEC4
:103CF000D47D7ABED57D7BBED67D7CBED77D7DBE94
:103D0000D87D7EBED97D80BEDA7D81BEDB7D82BE60
:103D1000DC7D83BEDD7D84BEDE7D85BEDF7D86BE2F
:103D2000E07D87BEE17D88BEE27D89BEE37D8ABEFF
:103D3000E47D8BBEE57D8CBEE67D8DBEE77D8EBECF
:103D4000E87D8FBEE97D90BEEA7D91BEEB7D92BE9F
:103D5000EC7D93BEED7D94BEEE7D95BEEF7D96BE6F
:103D6000F07D97BEF17D98BEF27D99BEF37D9ABE3F
:103D7000F47D9BBEF57D9CBEF67D9DBEF77D9EBE0F
:103D8000F87D9FBEF97DA0BEFA7DA1BE3D5CA2BEBE
:103D9000B252A3BE4683A4BE6251A5BE0E83A6BE88
:103DA0005B77A7BE7666A8BEB89CA9BEAC4EAABE7D
:103DB000CA60ABBEBE7CACBEB37CADBECF7EAEBE79
:103DC000954EAFBE668BB0BE6F66B1BE8898B2BE70
:103DD0005997B3BE8358B4BE6C65B5BE5C95B6BE8C
:103DE000845FB7BEC975B8BE5697B9BEDF7ABABE92
:103DF000DE7ABBBEC051BCBEAF70BDBE987ABEBE3F
:103E0000EA63BFBE767AC0BEA07EC1BE9673C2BE54
:103E1000ED97C3BE454EC4BE7870C5BE5D4EC6BEEE
:103E20005291C7BEA953C8BE5165C9BEE765CABE97
:103E3000FC81CBBE0582CCBE8E54CDBE315CCEBEE5
:103E40009A75CFBEA097D0BED862D1BED972D2BE6D
:103E5000BD75D3BE455CD4BE799AD5BECA83D6BEE5
:103E6000405CD7BE8054D8BEE977D9BE3E4EDABE9C
:103E7000AE6CDBBE5A80DCBED262DDBE6E63DEBEDF
:103E8000E85DDFBE7751E0BEDD8DE1BE1E8EE2BE95
:103E90002F95E3BEF14FE4BEE553E5BEE760E6BE15
:103EA000AC70E7BE6752E8BE5063E9BE439EEABE0F
:103EB0001F5AEBBE2650ECBE3777EDBE7753EEBEF1
:103EC000E27EEFBE8564F0BE2B65F1BE8962F2BE74
:103ED0009863F3BE1450F4BE3572F5BEC989F6BEC0
:103EE000B351F7BEC08BF8BEDD7EF9BE4757FABEB0
:103EF000CC83FBBEA794FCBE9B51FDBE1B54FEBEF3
:103F0000FB5C40BFFB7D41BFFC7D42BFFD7D43BFED
:103F1000FE7D44BFFF7D45BF007E46BF017E47BF9B
:103F2000027E48BF037E49BF047E4ABF057E4BBF69
:103F3000067E4CBF077E4DBF087E4EBF097E4FBF39
:103F40000A7E50BF0B7E51BF0C7E52BF0D7E53BF09
:103F50000E7E54BF0F7E55BF107E56BF117E57BFD9
:103F6000127E58BF137E59BF147E5ABF157E5BBFA9
:103F7000167E5CBF177E5DBF187E5EBF197E5FBF79
:103F80001A7E60BF1B7E61BF1C7E62BF1D7E63BF49
:103F90001E7E64BF1F7E65BF207E66BF217E67BF19
:103FA000227E68BF237E69BF247E6ABF257E6BBFE9
:103FB000267E6CBF277E6DBF287E6EBF297E6FBFB9
:103FC0002A7E70BF2B7E71BF2C7E72BF2D7E73BF89
:103FD0002E7E74BF2F7E75BF307E76BF317E77BF59
:103FE000327E78BF337E79BF347E7ABF357E7BBF29
:103FF000367E7CBF377E7DBF387E7EBF397E80BFF8
:104000003A7E81BF3C7E82BF3D7E83BF3E7E84BFC1
:104010003F7E85BF407E86BF427E87BF437E88BF8E
:10402000447E89BF457E8ABF467E8BBF487E8CBF5B
:10403000497E8DBF4A7E8EBF4B7E8FBF4C7E90BF28
:104040004D7E91BF4E7E92BF4F7E93BF507E94BFF8
:10405000517E95BF527E96BF537E97BF547E98BFC8
:10406000557E99BF567E9ABF577E9BBF587E9CBF98
:10407000597E9DBF5A7E9EBF5B7E9FBF5C7EA0BF68
:104080005D7EA1BFCA4FA2BFE37AA3BF5A6DA4BF92
:10409000E190A5BF8F9AA6BF8055A7BF9654A8BF31
:1040A0006153A9BFAF54AABF005FABBFE963ACBF08
:1040B0007769ADBFEF51AEBF6861AFBF0A52B0BF05
:1040C0002A58B1BFD852B2BF4E57B3BF0D78B4BF54
:1040D0000B77B5BFB75EB6BF7761B7BFE07CB8BF3F
:1040E0005B62B9BF9762BABFA24EBBBF9570BCBF3F
:1040F0000380BDBFF762BEBFE470BFBF6097C0BFA3
:104100007757C1BFDB82C2BFEF67C3BFF568C4BFCB
:10411000D578C5BF9798C6BFD179C7BFF358C8BF78
:10412000B354C9BFEF53CABF346ECBBF4B51CCBFE2
:104130003B52CDBFA25BCEBFFE8BCFBFAF80D0BF07
:104140004355D1BFA657D2BF7360D3BF5157D4BF19
:104150002D54D5BF7A7AD6BF5060D7BF545BD8BF35
:10416000A763D9BFA062DABFE353DBBF6362DCBFE2
:10417000C75BDDBFAF67DEBFED54DFBF9F7AE0BF37
:10418000E682E1BF7791E2BF935EE3BFE488E4BFDC
:104190003859E5BFAE57E6BF0E63E7BFE88DE8BF0D
:1041A000EF80E9BF5757EABF777BEBBFA94FECBF62
:1041B000EB5FEDBFBD5BEEBF3E6BEFBF2153F0BFCA
:1041C000507BF1BFC272F2BF4668F3BFFF77F4BF06
:1041D0003677F5BFF765F6BFB551F7BF8F4EF8BF1D
:1041E000D476F9BFBF5CFABFA57AFBBF7584FCBF6C
:1041F0004E59FDBF419BFEBF805040C05E7E41C016
:104200005F7E42C0607E43C0617E44C0627E45C026
:10421000637E46C0647E47C0657E48C0667E49C0F6
:10422000677E4AC0687E4BC0697E4CC06A7E4DC0C6
:104230006B7E4EC06C7E4FC06D7E50C06E7E51C096
:104240006F7E52C0707E53C0717E54C0727E55C066
:10425000737E56C0747E57C0757E58C0767E59C036
:10426000777E5AC0787E5BC0797E5CC07A7E5DC006
:104270007B7E5EC07C7E5FC07D7E60C07E7E61C0D6
:104280007F7E62C0807E63C0817E64C0837E65C0A5
:10429000847E66C0857E67C0867E68C0877E69C072
:1042A000887E6AC0897E6BC08A7E6CC08B7E6DC042
:1042B0008C7E6EC08D7E6FC08E7E70C08F7E71C012
:1042C000907E72C0917E73C0927E74C0937E75C0E2
:1042D000947E76C0957E77C0967E78C0977E79C0B2
:1042E000987E7AC0997E7BC09A7E7CC09C7E7DC081
:1042F0009D7E7EC09E7E80C0AE7E81C0B47E82C028
:10430000BB7E83C0BC7E84C0D67E85C0E47E86C072
:10431000EC7E87C0F97E88C00A7F89C0107F8AC082
:104320001E7F8BC0377F8CC0397F8DC03B7F8EC096
:104330003C7F8FC03D7F90C03E7F91C03F7F92C049
:10434000407F93C0417F94C0437F95C0467F96C015
:10435000477F97C0487F98C0497F99C04A7F9AC0DD
:104360004B7F9BC04C7F9CC04D7F9DC04E7F9EC0AD
:104370004F7F9FC0527FA0C0537FA1C08899A2C029
:104380002761A3C0836EA4C06457A5C00666A6C0FB
:104390004663A7C0F056A8C0EC62A9C06962AAC073
:1043A000D35EABC01496ACC08357ADC0C962AEC07B
:1043B0008755AFC02187B0C04A81B1C0A38FB2C0BA
:1043C0006655B3C0B183B4C06567B5C0568DB6C07D
:1043D000DD84B7C06A5AB8C00F68B9C0E662BAC017
:1043E000EE7BBBC01196BCC07051BDC09C6FBEC0FF
:1043F000308CBFC0FD63C0C0C889C1C0D261C2C01B
:10440000067FC3C0C270C4C0E56EC5C00574C6C017
:104410009469C7C0FC72C8C0CA5EC9C0CE90CAC089
:104420001767CBC06A6DCCC05E63CDC0B352CEC03F
:104430006272CFC00180D0C06C4FD1C0E559D2C0EC
:104440006A91D3C0D970D4C09D6DD5C0D252D6C0A8
:10445000504ED7C0F796D8C06D95D9C07E85DAC0CA
:10446000CA78DBC02F7DDCC02151DDC09257DEC091
:10447000C264DFC08B80E0C07B7CE1C0EA6CE2C03C
:10448000F168E3C05E69E4C0B751E5C09853E6C087
:10449000A868E7C08172E8C0CE9EE9C0F17BEAC09F
:1044A000F872EBC0BB79ECC0136FEDC00674EEC0C0
:1044B0004E67EFC0CC91F0C0A49CF1C03C79F2C033
:1044C0008983F3C05483F4C00F54F5C01768F6C055
:1044D0003D4EF7C08953F8C0B152F9C03E78FAC0DA
:1044E0008653FBC02952FCC08850FDC08B4FFEC0D4
:1044F000D04F40C1567F41C1597F42C15B7F43C10C
:104500005C7F44C15D7F45C15E7F46C1607F47C11E
:10451000637F48C1647F49C1657F4AC1667F4BC1E3
:10452000677F4CC16B7F4DC16C7F4EC16D7F4FC1AA
:104530006F7F50C1707F51C1737F52C1757F53C16E
:10454000767F54C1777F55C1787F56C17A7F57C136
:104550007B7F58C17C7F59C17D7F5AC17F7F5BC102
:10456000807F5CC1827F5DC1837F5EC1847F5FC1CC
:10457000857F60C1867F61C1877F62C1887F63C19B
:10458000897F64C18B7F65C18D7F66C18F7F67C165
:10459000907F68C1917F69C1927F6AC1937F6BC12F
:1045A000957F6CC1967F6DC1977F6EC1987F6FC1FB
:1045B000997F70C19B7F71C19C7F72C1A07F73C1C5
:1045C000A27F74C1A37F75C1A57F76C1A67F77C185
:1045D000A87F78C1A97F79C1AA7F7AC1AB7F7BC14F
:1045E000AC7F7CC1AD7F7DC1AE7F7EC1B17F80C11C
:1045F000B37F81C1B47F82C1B57F83C1B67F84C1DF
:10460000B77F85C1BA7F86C1BB7F87C1BE7F88C1A6
:10461000C07F89C1C27F8AC1C37F8BC1C47F8CC167
:10462000C67F8DC1C77F8EC1C87F8FC1C97F90C132
:10463000CB7F91C1CD7F92C1CF7F93C1D07F94C1F9
:10464000D17F95C1D27F96C1D37F97C1D67F98C1C4
:10465000D77F99C1D97F9AC1DA7F9BC1DB7F9CC18B
:10466000DC7F9DC1DD7F9EC1DE7F9FC1E27FA0C157
:10467000E37FA1C1E275A2C1CB7AA3C1927CA4C1A0
:10468000A56CA5C1B696A6C19B52A7C18374A8C14B
:10469000E954A9C1E94FAAC15480ABC1B283ACC1EE
:1046A000DE8FADC17095AEC1C95EAFC11C60B0C137
:1046B0009F6DB1C1185EB2C15B65B3C13881B4C131
:1046C000FE94B5C14B60B6C1BC70B7C1C37EB8C162
:1046D000AE7CB9C1C951BAC18168BBC1B17CBCC192
:1046E0006F82BDC1244EBEC1868FBFC1CF91C0C1F4
:1046F0007E66C1C1AE4EC2C1058CC3C1A964C4C12E
:104700004A80C5C1DA50C6C19775C7C1CE71C8C14C
:10471000E55BC9C1BD8FCAC1666FCBC1864ECCC136
:104720008264CDC16395CEC1D65ECFC19965D0C13B
:104730001752D1C1C288D2C1C870D3C1A352D4C14B
:104740000E73D5C13374D6C19767D7C1F778D8C176
:104750001697D9C1344EDAC1BB90DBC1DE9CDCC1F7
:10476000CB6DDDC1DB51DEC1418DDFC11D54E0C128
:10477000CE62E1C1B273E2C1F183E3C1F696E4C156
:10478000849FE5C1C394E6C1364FE7C19A7FE8C173
:10479000CC51E9C17570EAC17596EBC1AD5CECC155
:1047A0008698EDC1E653EEC1E44EEFC19C6EF0C1B8
:1047B0000974F1C1B469F2C16B78F3C18F99F4C186
:1047C0005975F5C11852F6C12476F7C1416DF8C18B
:1047D000F367F9C16D51FAC1999FFBC14B80FCC1D0
:1047E0009954FDC13C7BFEC1BF7A40C2E47F41C207
:1047F000E77F42C2E87F43C2EA7F44C2EB7F45C203
:10480000EC7F46C2ED7F47C2EF7F48C2F27F49C2CC
:10481000F47F4AC2F57F4BC2F67F4CC2F77F4DC290
:10482000F87F4EC2F97F4FC2FA7F50C2FD7F51C25E
:10483000FE7F52C2FF7F53C2028054C2078055C21E
:10484000088056C2098057C20A8058C20E8059C2D9
:104850000F805AC211805BC213805CC21A805DC295
:104860001B805EC21D805FC21E8060C21F8061C24D
:10487000218062C2238063C2248064C22B8065C20F
:104880002C8066C22D8067C22E8068C22F8069C2CC
:1048900030806AC232806BC234806CC239806DC293
:1048A0003A806EC23C806FC23E8070C2408071C24E
:1048B000418072C2448073C2458074C2478075C211
:1048C000488076C2498077C24E8078C24F8079C2D4
:1048D00050807AC251807BC253807CC255807DC299
:1048E00056807EC2578080C2598081C25B8082C25E
:1048F0005C8083C25D8084C25E8085C25F8086C228
:10490000608087C2618088C2628089C263808AC2F7
:1049100064808BC265808CC266808DC267808EC2C7
:1049200068808FC26B8090C26C8091C26D8092C291
:104930006E8093C26F8094C2708095C2728096C25E
:10494000738097C2748098C2758099C276809AC22B
:1049500077809BC278809CC279809DC27A809EC2FB
:104960007B809FC27C80A0C27D80A1C28696A2C2AD
:104970008457A3C2E262A4C24796A5C27C69A6C2BC
:10498000045AA7C20264A8C2D37BA9C20F6FAAC2ED
:104990004B96ABC2A682ACC26253ADC28598AEC282
:1049A000905EAFC28970B0C2B363B1C26453B2C289
:1049B0004F86B3C2819CB4C2939EB5C28C78B6C2F6
:1049C0003297B7C2EF8DB8C2428DB9C27F9EBAC2CC
:1049D0005E6FBBC28479BCC2555FBDC24696BEC283
:1049E0002E62BFC2749AC0C21554C1C2DD94C2C245
:1049F000A34FC3C2C565C4C2655CC5C2615CC6C203
:104A0000157FC7C25186C8C22F6CC9C28B5FCAC28C
:104A10008773CBC2E46ECCC2FF7ECDC2E65CCEC251
:104A20001B63CFC26A5BD0C2E66ED1C27553D2C2DD
:104A3000714ED3C2A063D4C26575D5C2A162D6C27D
:104A40006E8FD7C2264FD8C2D14ED9C2A66CDAC259
:104A5000B67EDBC2BA8BDCC21D84DDC2BA87DEC281
:104A6000577FDFC23B90E0C22395E1C2A97BE2C23F
:104A7000A19AE3C2F888E4C23D84E5C21B6DE6C298
:104A8000869AE7C2DC7EE8C28859E9C2BB9EEAC2C8
:104A90009B73EBC20178ECC28286EDC26C9AEEC2C7
:104AA000829AEFC21B56F0C21754F1C2CB57F2C222
:104AB000704EF3C2A69EF4C25653F5C2C88FF6C21A
:104AC0000981F7C29277F8C29299F9C2EE86FAC2CA
:104AD000E16EFBC21385FCC2FC66FDC26261FEC2D0
:104AE0002B6F40C37E8041C3818042C3828043C319
:104AF000858044C3888045C38A8046C38D8047C370
:104B00008E8048C38F8049C390804AC391804BC335
:104B100092804CC394804DC395804EC397804FC301
:104B2000998050C39E8051C3A38052C3A68053C3B3
:104B3000A78054C3A88055C3AC8056C3B08057C368
:104B4000B38058C3B58059C3B6805AC3B8805BC31D
:104B5000B9805CC3BB805DC3C5805EC3C7805FC3D3
:104B6000C88060C3C98061C3CA8062C3CB8063C38D
:104B7000CF8064C3D08065C3D18066C3D28067C351
:104B8000D38068C3D48069C3D5806AC3D8806BC31F
:104B9000DF806CC3E0806DC3E2806EC3E3806FC3CF
:104BA000E68070C3EE8071C3F58072C3F78073C373
:104BB000F98074C3FB8075C3FE8076C3FF8077C322
:104BC000008178C3018179C303817AC304817BC3E7
:104BD00005817CC307817DC308817EC30B8180C3AF
:104BE0000C8181C3158182C3178183C3198184C35A
:104BF0001B8185C31C8186C31D8187C31F8188C318
:104C0000208189C321818AC322818BC323818CC3E4
:104C100024818DC325818EC326818FC3278190C3B4
:104C2000288191C3298192C32A8193C32B8194C384
:104C30002D8195C32E8196C3308197C3338198C34C
:104C4000348199C335819AC337819BC339819CC311
:104C50003A819DC33B819EC33C819FC33D81A0C3DC
:104C60003F81A1C3298CA2C39282A3C32B83A4C377
:104C7000F276A5C3136CA6C3D95FA7C3BD83A8C32F
:104C80002B73A9C30583AAC31A95ABC3DB6BACC353
:104C9000DB77ADC3C694AEC36F53AFC30283B0C35B
:104CA0009251B1C33D5EB2C38C8CB3C3388DB4C3D3
:104CB000484EB5C3AB73B6C39A67B7C38568B8C36C
:104CC0007691B9C30997BAC36471BBC3A16CBCC365
:104CD0000977BDC3925ABEC34195BFC3CF6BC0C352
:104CE0008E7FC1C32766C2C3D05BC3C3B959C4C3D7
:104CF0009A5AC5C3E895C6C3F795C7C3EC4EC8C357
:104D00000C84C9C39984CAC3AC6ACBC3DF76CCC355
:104D10003095CDC31B73CEC3A668CFC35F5BD0C332
:104D20002F77D1C39A91D2C36197D3C3DC7CD4C30C
:104D3000F78FD5C31C8CD6C3255FD7C3737CD8C36C
:104D4000D879D9C3C589DAC3CC6CDBC31C87DCC373
:104D5000C65BDDC3425EDEC3C968DFC32077E0C344
:104D6000F57EE1C39551E2C34D51E3C3C952E4C39B
:104D7000295AE5C3057FE6C36297E7C3D782E8C334
:104D8000CF63E9C38477EAC3D085EBC3D279ECC3A0
:104D90003A6EEDC3995EEEC39959EFC31185F0C326
:104DA0006D70F1C3116CF2C3BF62F3C3BF76F4C37D
:104DB0004F65F5C3AF60F6C3FD95F7C30E66F8C344
:104DC0009F87F9C3239EFAC3ED94FBC30D54FCC324
:104DD0007D54FDC32C8CFEC3786440C4408141C423
:104DE000418142C4428143C4438144C4448145C497
:104DF000458146C4478147C4498148C44D8149C45F
:104E00004E814AC44F814BC452814CC456814DC41B
:104E100057814EC458814FC45B8150C45C8151C4DA
:104E20005D8152C45E8153C45F8154C4618155C4A5
:104E3000628156C4638157C4648158C4668159C471
:104E400068815AC46A815BC46B815CC46C815DC437
:104E50006F815EC472815FC4738160C4758161C4F7
:104E6000768162C4778163C4788164C4818165C4BA
:104E7000838166C4848167C4858168C4868169C46E
:104E800087816AC489816BC48B816CC48C816DC439
:104E90008D816EC48E816FC4908170C4928171C403
:104EA000938172C4948173C4958174C4968175C4CE
:104EB000978176C4998177C49A8178C49E8179C498
:104EC0009F817AC4A0817BC4A1817CC4A2817DC45E
:104ED000A4817EC4A58180C4A78181C4A98182C424
:104EE000AB8183C4AC8184C4AD8185C4AE8186C4EA
:104EF000AF8187C4B08188C4B18189C4B2818AC4BA
:104F0000B4818BC4B5818CC4B6818DC4B7818EC485
:104F1000B8818FC4B98190C4BC8191C4BD8192C451
:104F2000BE8193C4BF8194C4C48195C4C58196C415
:104F3000C78197C4C88198C4C98199C4CB819AC4D8
:104F4000CD819BC4CE819CC4CF819DC4D0819EC4A1
:104F5000D1819FC4D281A0C4D381A1C47964A2C4E9
:104F60001186A3C4216AA4C49C81A5C4E878A6C400
:104F70006964A7C4549BA8C4B962A9C42B67AAC416
:104F8000AB83ABC4A858ACC4D89EADC4AB6CAEC4A4
:104F9000206FAFC4DE5BB0C44C96B1C40B8CB2C4FE
:104FA0005F72B3C4D067B4C4C762B5C46172B6C41B
:104FB000A94EB7C4C659B8C4CD6BB9C49358BAC4C6
:104FC000AE66BBC4555EBCC4DF52BDC45561BEC431
:104FD0002867BFC4EE76C0C46677C1C46772C2C416
:104FE000467AC3C4FF62C4C4EA54C5C45054C6C49C
:104FF000A094C7C4A390C8C41C5AC9C4B37ECAC471
:10500000166CCBC4434ECCC47659CDC41080CEC4EC
:105010004859CFC45753D0C43775D1C4BE96D2C4F3
:10502000CA56D3C42063D4C41181D5C47C60D6C40D
:10503000F995D7C4D66DD8C46254D9C48199DAC45D
:105040008551DBC4E95ADCC4FD80DDC4AE59DEC441
:105050001397DFC42A50E0C4E56CE1C43C5CE2C4B1
:10506000DF62E3C4604FE4C43F53E5C47B81E6C420
:105070000690E7C4BA6EE8C42B85E9C4C862EAC4E6
:10508000745EEBC4BE78ECC4B564EDC47B63EEC45F
:10509000F55FEFC4185AF0C47F91F1C41F9EF2C4AB
:1050A0003F5CF3C44F63F4C44280F5C47D5BF6C437
:1050B0006E55F7C44A95F8C44D95F9C4856DFAC488
:1050C000A860FBC4E067FCC4DE72FDC4DD51FEC411
:1050D000815B40C5D48141C5D58142C5D68143C5D8
:1050E000D78144C5D88145C5D98146C5DA8147C530
:1050F000DB8148C5DC8149C5DD814AC5DE814BC500
:10510000DF814CC5E0814DC5E1814EC5E2814FC5CF
:10511000E48150C5E58151C5E68152C5E88153C59A
:10512000E98154C5EB8155C5EE8156C5EF8157C560
:10513000F08158C5F18159C5F2815AC5F5815BC529
:10514000F6815CC5F7815DC5F8815EC5F9815FC5F3
:10515000FA8160C5FD8161C5FF8162C5038263C5B7
:10516000078264C5088265C5098266C50A8267C56B
:105170000B8268C50E8269C50F826AC511826BC534
:1051800013826CC515826DC516826EC517826FC5F8
:10519000188270C5198271C51A8272C51D8273C5C5
:1051A000208274C5248275C5258276C5268277C57E
:1051B000278278C5298279C52E827AC532827BC53D
:1051C0003A827CC53C827DC53D827EC53F8280C5DA
:1051D000408281C5418282C5428283C5438284C5A3
:1051E000458285C5468286C5488287C54A8288C56C
:1051F0004C8289C54D828AC54E828BC550828CC532
:1052000051828DC552828EC553828FC5548290C5FE
:10521000558291C5568292C5578293C5598294C5CD
:105220005B8295C55C8296C55D8297C55E8298C596
:10523000608299C561829AC562829BC563829CC562
:1052400064829DC565829EC566829FC56782A0C532
:105250006982A1C5E762A2C5DE6CA3C55B72A4C565
:105260006D62A5C5AE94A6C5BD7EA7C51381A8C5B0
:10527000536DA9C59C51AAC5045FABC57459ACC593
:10528000AA52ADC51260AEC57359AFC59666B0C51A
:105290005086B1C59F75B2C52A63B3C5E661B4C572
:1052A000EF7CB5C5FA8BB6C5E654B7C5276BB8C554
:1052B000259EB9C5B46BBAC5D585BBC55554BCC50B
:1052C0007650BDC5A46CBEC56A55BFC5B48DC0C5FA
:1052D0002C72C1C5155EC2C51560C3C53674C4C580
:1052E000CD62C5C59263C6C54C72C7C5985FC8C5B7
:1052F000436EC9C53E6DCAC50065CBC5586FCCC5E8
:10530000D876CDC5D078CEC5FC76CFC55475D0C57E
:105310002452D1C5DB53D2C5534ED3C59E5ED4C5EE
:10532000C165D5C52A80D6C5D680D7C59B62D8C5EC
:105330008654D9C52852DAC5AE70DBC58D88DCC568
:10534000D18DDDC5E16CDEC57854DFC5DA80E0C5FE
:10535000F957E1C5F488E2C5548DE3C56A96E4C502
:105360004D91E5C5694FE6C59B6CE7C5B755E8C5E6
:10537000C676E9C53078EAC5A862EBC5F970ECC518
:105380008E6FEDC56D5FEEC5EC84EFC5DA68F0C5D4
:105390007C78F1C5F77BF2C5A881F3C50B67F4C52E
:1053A0004F9EF5C56763F6C5B078F7C56F57F8C56A
:1053B0001278F9C53997FAC57962FBC5AB62FCC5AD
:1053C0008852FDC53574FEC5D76B40C66A8241C69A
:1053D0006B8242C66C8243C66D8244C6718245C6EA
:1053E000758246C6768247C6778248C6788249C6A5
:1053F0007B824AC67C824BC680824CC681824DC667
:1054000083824EC685824FC6868250C6878251C629
:10541000898252C68C8253C6908254C6938255C6E6
:10542000948256C6958257C6968258C69A8259C6A5
:105430009B825AC69E825BC6A0825CC6A2825DC663
:10544000A3825EC6A7825FC6B28260C6B58261C60D
:10545000B68262C6BA8263C6BB8264C6BC8265C6B7
:10546000BF8266C6C08267C6C28268C6C38269C67A
:10547000C5826AC6C6826BC6C9826CC6D0826DC63A
:10548000D6826EC6D9826FC6DA8270C6DD8271C6D8
:10549000E28272C6E78273C6E88274C6E98275C684
:1054A000EA8276C6EC8277C6ED8278C6EE8279C64D
:1054B000F0827AC6F2827BC6F3827CC6F5827DC614
:1054C000F6827EC6F88280C6FA8281C6FC8282C6D7
:1054D000FD8283C6FE8284C6FF8285C6008386C69F
:1054E0000A8387C60B8388C60D8389C610838AC644
:1054F00012838BC613838CC616838DC618838EC603
:1055000019838FC61D8390C61E8391C61F8392C6C2
:10551000208393C6218394C6228395C6238396C68F
:10552000248397C6258398C6268399C629839AC65D
:105530002A839BC62E839CC630839DC632839EC61B
:1055400037839FC63B83A0C63D83A1C66455A2C6D0
:105550003E81A3C6B275A4C6AE76A5C63953A6C60B
:10556000DE75A7C6FB50A8C6415CA9C66C8BAAC64F
:10557000C77BABC64F50ACC64772ADC6979AAEC696
:10558000D898AFC6026FB0C6E274B1C66879B2C629
:105590008764B3C6A577B4C6FC62B5C69198B6C693
:1055A0002B8DB7C6C154B8C65880B9C6524EBAC6BC
:1055B0006A57BBC6F982BCC60D84BDC6735EBEC643
:1055C000ED51BFC6F674C0C6C48BC1C64F5CC2C61F
:1055D0006157C3C6FC6CC4C68798C5C6465AC6C6C2
:1055E0003478C7C6449BC8C6EB8FC9C6957CCAC66B
:1055F0005652CBC65162CCC6FA94CDC6C64ECEC664
:105600008683CFC66184D0C6E983D1C6B284D2C6B0
:10561000D457D3C63467D4C60357D5C66E66D6C62C
:10562000666DD7C6318CD8C6DD66D9C61170DAC6AC
:105630001F67DBC63A6BDCC61668DDC61A62DEC6BB
:10564000BB59DFC6034EE0C6C451E1C6066FE2C6D1
:10565000D267E3C68F6CE4C67651E5C6CB68E6C672
:105660004759E7C6676BE8C66675E9C60E5DEAC6C8
:105670001081EBC6509FECC6D765EDC64879EEC6E3
:105680004179EFC6919AF0C6778DF1C6825CF2C679
:105690005E4EF3C6014FF4C62F54F5C65159F6C6F7
:1056A0000C78F7C66856F8C6146CF9C6C48FFAC6EB
:1056B000035FFBC67D6CFCC6E36CFDC6AB8BFEC610
:1056C000906340C73E8341C73F8342C7418343C77E
:1056D000428344C7448345C7458346C7488347C779
:1056E0004A8348C74B8349C74C834AC74D834BC73E
:1056F0004E834CC753834DC755834EC756834FC700
:10570000578350C7588351C7598352C75D8353C7C6
:10571000628354C7708355C7718356C7728357C756
:10572000738358C7748359C775835AC776835BC719
:1057300079835CC77A835DC77E835EC77F835FC7DB
:10574000808360C7818361C7828362C7838363C7A5
:10575000848364C7878365C7888366C78A8367C76E
:105760008B8368C78C8369C78D836AC78F836BC738
:1057700090836CC791836DC794836EC795836FC701
:10578000968370C7978371C7998372C79A8373C7CB
:105790009D8374C79F8375C7A18376C7A28377C78C
:1057A000A38378C7A48379C7A5837AC7A6837BC759
:1057B000A7837CC7AC837DC7AD837EC7AE8380C71C
:1057C000AF8381C7B58382C7BB8383C7BE8384C7CA
:1057D000BF8385C7C28386C7C38387C7C48388C77F
:1057E000C68389C7C8838AC7C9838BC7CB838CC745
:1057F000CD838DC7CE838EC7D0838FC7D18390C70B
:10580000D28391C7D38392C7D58393C7D78394C7D5
:10581000D98395C7DA8396C7DB8397C7DE8398C79A
:10582000E28399C7E3839AC7E4839BC7E6839CC757
:10583000E7839DC7E8839EC7EB839FC7EC83A0C720
:10584000ED83A1C77060A2C73D6DA3C77572A4C7E1
:105850006662A5C78E94A6C7C594A7C74353A8C7B9
:10586000C18FA9C77E7BAAC7DF4EABC7268CACC74A
:105870007E4EADC7D49EAEC7B194AFC7B394B0C788
:105880004D52B1C75C6FB2C76390B3C7456DB4C723
:10589000348CB5C71158B6C74C5DB7C7206BB8C7B5
:1058A000496BB9C7AA67BAC75B54BBC75481BCC7A9
:1058B0008C7FBDC79958BEC73785BFC73A5FC0C781
:1058C000A262C1C7476AC2C73995C3C77265C4C758
:1058D0008460C5C76568C6C7A777C7C7544EC8C721
:1058E000A84FC9C7E75DCAC79897CBC7AC64CCC7F8
:1058F000D87FCDC7ED5CCEC7CF4FCFC78D7AD0C78D
:105900000752D1C70483D2C7144ED3C72F60D4C760
:10591000837AD5C7A694D6C7B54FD7C7B24ED8C7D6
:10592000E679D9C73474DAC7E452DBC7B982DCC779
:10593000D264DDC7BD79DEC7DD5BDFC7816CE0C740
:105940005297E1C77B8FE2C7226CE3C73E50E4C7A2
:105950007F53E5C7056EE6C7CE64E7C77466E8C740
:10596000306CE9C7C560EAC77798EBC7F78BECC71F
:10597000865EEDC73C74EEC7777AEFC7CB79F0C788
:10598000184EF1C7B190F2C70374F3C7426CF4C765
:10599000DA56F5C74B91F6C7C56CF7C78B8DF8C7BC
:1059A0003A53F9C7C686FAC7F266FBC7AF8EFCC783
:1059B000485CFDC7719AFEC7206E40C8EE8341C89F
:1059C000EF8342C8F38343C8F48344C8F58345C8D2
:1059D000F68346C8F78347C8FA8348C8FB8349C89B
:1059E000FC834AC8FE834BC8FF834CC800844DC863
:1059F00002844EC805844FC8078450C8088451C823
:105A0000098452C80A8453C8108454C8128455C8E3
:105A1000138456C8148457C8158458C8168459C8A6
:105A200017845AC819845BC81A845CC81B845DC873
:105A30001E845EC81F845FC8208460C8218461C83A
:105A4000228462C8238463C8298464C82A8465C800
:105A50002B8466C82C8467C82D8468C82E8469C8C6
:105A60002F846AC830846BC832846CC833846DC894
:105A700034846EC835846FC8368470C8378471C862
:105A8000398472C83A8473C83B8474C83E8475C82C
:105A90003F8476C8408477C8418478C8428479C8F6
:105AA00043847AC844847BC845847CC847847DC8C5
:105AB00048847EC8498480C84A8481C84B8482C88F
:105AC0004C8483C84D8484C84E8485C84F8486C85E
:105AD000508487C8528488C8538489C854848AC82B
:105AE00055848BC856848CC858848DC85D848EC8F4
:105AF0005E848FC85F8490C8608491C8628492C8B5
:105B0000648493C8658494C8668495C8678496C87D
:105B1000688497C86A8498C86E8499C86F849AC844
:105B200070849BC872849CC874849DC877849EC806
:105B300079849FC87B84A0C87C84A1C8D653A2C89E
:105B4000365AA3C88B9FA4C8A38DA5C8BB53A6C8AB
:105B50000857A7C8A798A8C84367A9C89B91AAC80F
:105B6000C96CABC86851ACC8CA75ADC8F362AEC8E1
:105B7000AC72AFC83852B0C89D52B1C83A7FB2C8F3
:105B80009470B3C83876B4C87453B5C84A9EB6C8C2
:105B9000B769B7C86E78B8C8C096B9C8D988BAC846
:105BA000A47FBBC83671BCC8C371BDC88951BEC80B
:105BB000D367BFC8E474C0C8E458C1C81865C2C878
:105BC000B756C3C8A98BC4C87699C5C87062C6C881
:105BD000D57EC7C8F960C8C8ED70C9C8EC58CAC836
:105BE000C14ECBC8BA4ECCC8CD5FCDC8E797CEC8A2
:105BF000FB4ECFC8A48BD0C80352D1C88A59D2C893
:105C0000AB7ED3C85462D4C8CD4ED5C8E565D6C8DE
:105C10000E62D7C83883D8C8C984D9C86383DAC8A4
:105C20008D87DBC89471DCC8B66EDDC8B95BDEC891
:105C3000D27EDFC89751E0C8C963E1C8D467E2C823
:105C40008980E3C83983E4C81588E5C81251E6C8DD
:105C50007A5BE7C88259E8C8B18FE9C8734EEAC8D1
:105C60005D6CEBC86551ECC82589EDC86F8FEEC837
:105C70002E96EFC84A85F0C85E74F1C81095F2C838
:105C8000F095F3C8A66DF4C8E582F5C8315FF6C893
:105C90009264F7C8126DF8C82884F9C86E81FAC8F2
:105CA000C39CFBC85E58FCC85B8DFDC8094EFEC88E
:105CB000C15340C97D8441C97E8442C97F8443C9A0
:105CC000808444C9818445C9838446C9848447C982
:105CD000858448C9868449C98A844AC98D844BC948
:105CE0008F844CC990844DC991844EC992844FC908
:105CF000938450C9948451C9958452C9968453C9D8
:105D0000988454C99A8455C99B8456C99D8457C99F
:105D10009E8458C99F8459C9A0845AC9A2845BC96A
:105D2000A3845CC9A4845DC9A5845EC9A6845FC937
:105D3000A78460C9A88461C9A98462C9AA8463C907
:105D4000AB8464C9AC8465C9AD8466C9AE8467C9D7
:105D5000B08468C9B18469C9B3846AC9B5846BC9A0
:105D6000B6846CC9B7846DC9BB846EC9BC846FC965
:105D7000BE8470C9C08471C9C28472C9C38473C926
:105D8000C58474C9C68475C9C78476C9C88477C9EF
:105D9000CB8478C9CC8479C9CE847AC9CF847BC9B5
:105DA000D2847CC9D4847DC9D5847EC9D78480C976
:105DB000D88481C9D98482C9DA8483C9DB8484C93F
:105DC000DC8485C9DE8486C9E18487C9E28488C908
:105DD000E48489C9E7848AC9E8848BC9E9848CC9C9
:105DE000EA848DC9EB848EC9ED848FC9EE8490C995
:105DF000EF8491C9F18492C9F28493C9F38494C960
:105E0000F48495C9F58496C9F68497C9F78498C92E
:105E1000F88499C9F9849AC9FA849BC9FB849CC9FE
:105E2000FD849DC9FE849EC900859FC90185A0C9C6
:105E30000285A1C91E4FA2C96365A3C95168A4C93F
:105E4000D355A5C9274EA6C91464A7C99A9AA8C94B
:105E50006B62A9C9C25AAAC95F74ABC97282ACC9C4
:105E6000A96DADC9EE68AEC9E750AFC98E83B0C9A0
:105E70000278B1C94067B2C93952B3C9996CB4C983
:105E8000B17EB5C9BB50B6C96555B7C95E71B8C951
:105E90005B7BB9C95266BAC9CA73BBC9EB82BCC9BC
:105EA0004967BDC9715CBEC92052BFC97D71C0C9F7
:105EB0006B88C1C9EA95C2C95596C3C9C564C4C92E
:105EC000618DC5C9B381C6C98455C7C9556CC8C9D8
:105ED0004762C9C92E7FCAC99258CBC9244FCCC9C1
:105EE0004655CDC94F8DCEC94C66CFC90A4ED0C9D3
:105EF0001A5CD1C9F388D2C9A268D3C94E63D4C988
:105F00000D7AD5C9E770D6C98D82D7C9FA52D8C9DA
:105F1000F697D9C9115CDAC9E854DBC9B590DCC978
:105F2000CD7EDDC96259DEC94A8DDFC9C786E0C9A9
:105F30000C82E1C90D82E2C9668DE3C94464E4C9FB
:105F4000045CE5C95161E6C9896DE7C93E79E8C9D4
:105F5000BE8BE9C93778EAC93375EBC97B54ECC904
:105F6000384FEDC9AB8EEEC9F16DEFC9205AF0C9BB
:105F7000C57EF1C95E79F2C9886CF3C9A15BF4C929
:105F8000765AF5C91A75F6C9BE80F7C94E61F8C9C7
:105F9000176EF9C9F058FAC91F75FBC92575FCC9F8
:105FA0007272FDC94753FEC9F37E40CA038541CAD8
:105FB000048542CA058543CA068544CA078545CA81
:105FC000088546CA098547CA0A8548CA0B8549CA51
:105FD0000D854ACA0E854BCA0F854CCA10854DCA1D
:105FE00012854ECA14854FCA158550CA168551CAE6
:105FF000188552CA198553CA1B8554CA1C8555CAAF
:106000001D8556CA1E8557CA208558CA228559CA79
:1060100023855ACA24855BCA25855CCA26855DCA44
:1060200027855ECA28855FCA298560CA2A8561CA14
:106030002D8562CA2E8563CA2F8564CA308565CADC
:10604000318566CA328567CA338568CA348569CAAC
:1060500035856ACA36856BCA3E856CCA3F856DCA6E
:1060600040856ECA41856FCA428570CA448571CA2F
:10607000458572CA468573CA478574CA4B8575CAF9
:106080004C8576CA4D8577CA4E8578CA4F8579CAC0
:1060900050857ACA51857BCA52857CCA53857DCA90
:1060A00054857ECA558580CA578581CA588582CA5B
:1060B0005A8583CA5B8584CA5C8585CA5D8586CA24
:1060C0005F8587CA608588CA618589CA62858ACAF0
:1060D00063858BCA65858CCA66858DCA67858ECABD
:1060E00069858FCA6A8590CA6B8591CA6C8592CA88
:1060F0006D8593CA6E8594CA6F8595CA708596CA58
:10610000718597CA738598CA758599CA76859ACA22
:1061100077859BCA78859CCA7C859DCA7D859ECAE9
:106120007F859FCA8085A0CA8185A1CA0177A2CA3E
:10613000DB76A3CA6952A4CADC80A5CA2357A6CAC3
:10614000085EA7CA3159A8CAEE72A9CABD65AACA13
:106150007F6EABCAD78BACCA385CADCA7186AECA8B
:106160004153AFCAF377B0CAFE62B1CAF665B2CA8C
:10617000C04EB3CADF98B4CA8086B5CA9E5BB6CAA1
:10618000C68BB7CAF253B8CAE277B9CA7F4FBACA48
:106190004E5CBBCA769ABCCACB59BDCA0F5FBECA99
:1061A0003A79BFCAEB58C0CA164EC1CAFF67C2CA05
:1061B0008B4EC3CAED62C4CA938AC5CA1D90C6CAB3
:1061C000BF52C7CA2F66C8CADC55C9CA6C56CACAEC
:1061D0000290CBCAD54ECCCA8D4FCDCACA91CECA79
:1061E0007099CFCA0F6CD0CA025ED1CA4360D2CABE
:1061F000A45BD3CAC689D4CAD58BD5CA3665D6CADC
:106200004B62D7CA9699D8CA885BD9CAFF5BDACAEB
:106210008863DBCA2E55DCCAD753DDCA2676DECAB0
:106220007D51DFCA2C85E0CAA267E1CAB368E2CA21
:106230008A6BE3CA9262E4CA938FE5CAD453E6CA72
:106240001282E7CAD16DE8CA8F75E9CA664EEACAFA
:106250004E8DEBCA705BECCA9F71EDCAAF85EECA7A
:106260009166EFCAD966F0CA727FF1CA0087F2CA96
:10627000CD9EF3CA209FF4CA5E5CF5CA2F67F6CAAA
:10628000F08FF7CA1168F8CA5F67F9CA0D62FACAD7
:10629000D67AFBCA8558FCCAB65EFDCA7065FECACE
:1062A000316F40CB828541CB838542CB868543CB02
:1062B000888544CB898545CB8A8546CB8B8547CB62
:1062C0008C8548CB8D8549CB8E854ACB90854BCB31
:1062D00091854CCB92854DCB93854ECB94854FCBFE
:1062E000958550CB968551CB978552CB988553CBCE
:1062F000998554CB9A8555CB9D8556CB9E8557CB9A
:106300009F8558CBA08559CBA1855ACBA2855BCB65
:10631000A3855CCBA5855DCBA6855ECBA7855FCB32
:10632000A98560CBAB8561CBAC8562CBAD8563CBFA
:10633000B18564CBB28565CBB38566CBB48567CBBD
:10634000B58568CBB68569CBB8856ACBBA856BCB8A
:10635000BB856CCBBC856DCBBD856ECBBE856FCB55
:10636000BF8570CBC08571CBC28572CBC38573CB23
:10637000C48574CBC58575CBC68576CBC78577CBF1
:10638000C88578CBCA8579CBCB857ACBCC857BCBBE
:10639000CD857CCBCE857DCBD1857ECBD28580CB88
:1063A000D48581CBD68582CBD78583CBD88584CB4A
:1063B000D98585CBDA8586CBDB8587CBDD8588CB18
:1063C000DE8589CBDF858ACBE0858BCBE1858CCBE5
:1063D000E2858DCBE3858ECBE5858FCBE68590CBB3
:1063E000E78591CBE88592CBEA8593CBEB8594CB7F
:1063F000EC8595CBED8596CBEE8597CBEF8598CB4D
:10640000F08599CBF1859ACBF2859BCBF3859CCB1C
:10641000F4859DCBF5859ECBF6859FCBF785A0CBEC
:10642000F885A1CB5560A2CB3752A3CB0D80A4CB6E
:106430005464A5CB7088A6CB2975A7CB055EA8CBE5
:106440001368A9CBF462AACB1C97ABCBCC53ACCBD3
:106450003D72ADCB018CAECB346CAFCB6177B0CBA2
:106460000E7AB1CB2E54B2CBAC77B3CB7A98B4CBF7
:106470001C82B5CBF48BB6CB5578B7CB1467B8CBB1
:10648000C170B9CBAF65BACB9564BBCB3656BCCB2C
:106490001D60BDCBC179BECBF853BFCB1D4EC0CB69
:1064A0007B6BC1CB8680C2CBFA5BC3CBE355C4CB3D
:1064B000DB56C5CB3A4FC6CB3C4FC7CB7299C8CB46
:1064C000F35DC9CB7E67CACB3880CBCB0260CCCB27
:1064D0008298CDCB0190CECB8B5BCFCBBC8BD0CB7E
:1064E000F58BD1CB1C64D2CB5882D3CBDE64D4CB1A
:1064F000FD55D5CBCF82D6CB6591D7CBD74FD8CB57
:10650000207DD9CB1F90DACB9F7CDBCBF350DCCB4B
:106510005158DDCBAF6EDECBBF5BDFCBC98BE0CBA1
:106520008380E1CB7891E2CB9C84E3CB977BE4CB77
:106530007D86E5CB8B96E6CB8F96E7CBE57EE8CBE9
:10654000D39AE9CB8E78EACB815CEBCB577AECCB54
:106550004290EDCBA796EECB5F79EFCB595BF0CBBA
:106560005F63F1CB0B7BF2CBD184F3CBAD68F4CB83
:106570000655F5CB297FF6CB1074F7CB227DF8CBEF
:106580000195F9CB4062FACB4C58FBCBD64EFCCBF5
:10659000835BFDCB7959FECB545840CCF98541CC77
:1065A000FA8542CCFC8543CCFD8544CCFE8545CCA8
:1065B000008646CC018647CC028648CC038649CC6F
:1065C00004864ACC06864BCC07864CCC08864DCC3C
:1065D00009864ECC0A864FCC0B8650CC0C8651CC0B
:1065E0000D8652CC0E8653CC0F8654CC108655CCDB
:1065F000128656CC138657CC148658CC158659CCA7
:1066000017865ACC18865BCC19865CCC1A865DCC72
:106610001B865ECC1C865FCC1D8660CC1E8661CC42
:106620001F8662CC208663CC218664CC228665CC12
:10663000238666CC248667CC258668CC268669CCE2
:1066400028866ACC2A866BCC2B866CCC2C866DCCAB
:106650002D866ECC2E866FCC2F8670CC308671CC7A
:10666000318672CC328673CC338674CC348675CC4A
:10667000358676CC368677CC378678CC398679CC19
:106680003A867ACC3B867BCC3D867CCC3E867DCCE4
:106690003F867ECC408680CC418681CC428682CCAF
:1066A000438683CC448684CC458685CC468686CC7E
:1066B000478687CC488688CC498689CC4A868ACC4E
:1066C0004B868BCC4C868CCC52868DCC53868ECC14
:1066D00055868FCC568690CC578691CC588692CCD6
:1066E000598693CC5B8694CC5C8695CC5D8696CCA3
:1066F0005F8697CC608698CC618699CC63869ACC6D
:1067000064869BCC65869CCC66869DCC67869ECC39
:1067100068869FCC6986A0CC6A86A1CC6D73A2CC1A
:106720001E63A3CC4B8EA4CC0F8EA5CCCE80A6CC62
:10673000D482A7CCAC62A8CCF053A9CCF06CAACC84
:106740005E91ABCC2A59ACCC0160ADCC706CAECCB8
:106750004D57AFCC4A64B0CC2A8DB1CC2B76B2CC9D
:10676000E96EB3CC5B57B4CC806AB5CCF075B6CCCF
:106770006D6FB7CC2D8CB8CC088CB9CC6657BACC21
:10678000EF6BBBCC9288BCCCB378BDCCA263BECC43
:10679000F953BFCCAD70C0CC646CC1CC5858C2CCDE
:1067A0002A64C3CC0258C4CCE068C5CC9B81C6CC5B
:1067B0001055C7CCD67CC8CC1850C9CCBA8ECACC20
:1067C000CC6DCBCC9F8DCCCCEB70CDCC8F63CECCB5
:1067D0009B6DCFCCD46ED0CCE67ED1CC0484D2CC11
:1067E0004368D3CC0390D4CCD86DD5CC7696D6CC98
:1067F000A88BD7CC5759D8CC7972D9CCE485DACCD0
:106800007E81DBCCBC75DCCC8A8ADDCCAF68DECC8B
:106810005452DFCC228EE0CC1195E1CCD063E2CC97
:106820009898E3CC448EE4CC7C55E5CC534FE6CC31
:10683000FF66E7CC8F56E8CCD560E9CC956DEACC05
:106840004352EBCC495CECCC2959EDCCFB6DEECC42
:106850006B58EFCC3075F0CC1C75F1CC6C60F2CC81
:106860001482F3CC4681F4CC1163F5CC6167F6CC8D
:10687000E28FF7CC3A77F8CCF38DF9CC348DFACCA3
:10688000C194FBCC165EFCCC8553FDCC2C54FECCC5
:10689000C37040CD6D8641CD6F8642CD708643CDAD
:1068A000728644CD738645CD748646CD758647CDB8
:1068B000768648CD778649CD78864ACD83864BCD7E
:1068C00084864CCD85864DCD86864ECD87864FCD30
:1068D000888650CD898651CD8E8652CD8F8653CDF8
:1068E000908654CD918655CD928656CD948657CDBF
:1068F000968658CD978659CD98865ACD99865BCD88
:106900009A865CCD9B865DCD9E865ECD9F865FCD53
:10691000A08660CDA18661CDA28662CDA58663CD1D
:10692000A68664CDAB8665CDAD8666CDAE8667CDD9
:10693000B28668CDB38669CDB7866ACDB8866BCD91
:10694000B9866CCDBB866DCDBC866ECDBD866FCD58
:10695000BE8670CDBF8671CDC18672CDC28673CD25
:10696000C38674CDC58675CDC88676CDCC8677CDE9
:10697000CD8678CDD28679CDD3867ACDD5867BCD9E
:10698000D6867CCDD7867DCDDA867ECDDC8680CD61
:10699000DD8681CDE08682CDE18683CDE28684CD21
:1069A000E38685CDE58686CDE68687CDE78688CDEC
:1069B000E88689CDEA868ACDEB868BCDEC868CCDB8
:1069C000EF868DCDF5868ECDF6868FCDF78690CD70
:1069D000FA8691CDFB8692CDFC8693CDFD8694CD33
:1069E000FF8695CD018796CD048797CD058798CDF5
:1069F000068799CD0B879ACD0C879BCD0E879CCDB2
:106A00000F879DCD10879ECD11879FCD1487A0CD78
:106A10001687A1CD406CA2CDF75EA3CD5C50A4CD6E
:106A2000AD4EA5CDAD5EA6CD3A63A7CD4782A8CD2C
:106A30001A90A9CD5068AACD6E91ABCDB377ACCDED
:106A40000C54ADCDDC94AECD645FAFCDE57AB0CD66
:106A50007668B1CD4563B2CD527BB3CDDF7EB4CD88
:106A6000DB75B5CD7750B6CD9562B7CD3459B8CD7D
:106A70000F90B9CDF851BACDC379BBCD817ABCCDD9
:106A8000FE56BDCD925FBECD1490BFCD826DC0CD00
:106A9000605CC1CD1F57C2CD1054C3CD5451C4CD7D
:106AA0004D6EC5CDE256C6CDA863C7CD9398C8CD6F
:106AB0007F81C9CD1587CACD2A89CBCD0090CCCD99
:106AC0001E54CDCD6F5CCECDC081CFCDD662D0CDA2
:106AD0005862D1CD3181D2CD359ED3CD4096D4CD23
:106AE0006E9AD5CD7C9AD6CD2D69D7CDA559D8CD66
:106AF000D362D9CD3E55DACD1663DBCDC754DCCD9C
:106B0000D986DDCD3C6DDECD035ADFCDE674E0CD18
:106B10009C88E1CD6A6BE2CD1659E3CD4C8CE4CD77
:106B20002F5FE5CD7E6EE6CDA973E7CD7D98E8CDEC
:106B3000384EE9CDF770EACD8C5BEBCD9778ECCD94
:106B40003D63EDCD5A66EECD9676EFCDCB60F0CDC0
:106B50009B5BF1CD495AF2CD074EF3CD5581F4CD73
:106B60006A6CF5CD8B73F6CDA14EF7CD8967F8CD64
:106B7000517FF9CD805FFACDFA65FBCD1B67FCCD67
:106B8000D85FFDCD8459FECD015A40CE198741CE44
:106B90001B8742CE1D8743CE1F8744CE208745CE1C
:106BA000248746CE268747CE278748CE288749CEDA
:106BB0002A874ACE2B874BCE2C874CCE2D874DCEA5
:106BC0002F874ECE30874FCE328750CE338751CE6F
:106BD000358752CE368753CE388754CE398755CE37
:106BE0003A8756CE3C8757CE3D8758CE408759CE00
:106BF00041875ACE42875BCE43875CCE44875DCEC9
:106C000045875ECE46875FCE4A8760CE4B8761CE92
:106C10004D8762CE4F8763CE508764CE518765CE55
:106C2000528766CE548767CE558768CE568769CE21
:106C300058876ACE5A876BCE5B876CCE5C876DCEE9
:106C40005D876ECE5E876FCE5F8770CE618771CEB7
:106C5000628772CE668773CE678774CE688775CE7B
:106C6000698776CE6A8777CE6B8778CE6C8779CE48
:106C70006D877ACE6F877BCE71877CCE72877DCE13
:106C800073877ECE758780CE778781CE788782CED8
:106C9000798783CE7A8784CE7F8785CE808786CE9C
:106CA000818787CE848788CE868789CE87878ACE5C
:106CB00089878BCE8A878CCE8C878DCE8E878ECE21
:106CC0008F878FCE908790CE918791CE928792CEEC
:106CD000948793CE958794CE968795CE988796CEB7
:106CE000998797CE9A8798CE9B8799CE9C879ACE84
:106CF0009D879BCE9E879CCEA0879DCEA1879ECE52
:106D0000A2879FCEA387A0CEA487A1CECD5DA2CE21
:106D1000AE5FA3CE7153A4CEE697A5CEDD8FA6CEEF
:106D20004568A7CEF456A8CE2F55A9CEDF60AACECF
:106D30003A4EABCE4D6FACCEF47EADCEC782AECE6A
:106D40000E84AFCED459B0CE1F4FB1CE2A4FB2CEA3
:106D50003E5CB3CEAC7EB4CE2A67B5CE1A85B6CE35
:106D60007354B7CE4F75B8CEC380B9CE8255BACE64
:106D70004F9BBBCE4D4FBCCE2D6EBDCE138CBECE29
:106D8000095CBFCE7061C0CE6B53C1CE1F76C2CE40
:106D9000296EC3CE8A86C4CE8765C5CEFB95C6CE86
:106DA000B97EC7CE3B54C8CE337AC9CE0A7DCACE8F
:106DB000EE95CBCEE155CCCEC17FCDCEEE74CECE0E
:106DC0001D63CFCE1787D0CEA16DD1CE9D7AD2CE06
:106DD0001162D3CEA165D4CE6753D5CEE163D6CEB2
:106DE000836CD7CEEB5DD8CE5C54D9CEA894DACEE6
:106DF0004C4EDBCE616CDCCEEC8BDDCE4B5CDECE64
:106E0000E065DFCE9C82E0CEA768E1CE3E54E2CEC4
:106E10003454E3CECB6BE4CE666BE5CE944EE6CE37
:106E20004263E7CE4853E8CE1E82E9CE0D4FEACE4C
:106E3000AE4FEBCE5E57ECCE0A62EDCEFE96EECEB6
:106E40006466EFCE6972F0CEFF52F1CEA152F2CE5F
:106E50009F60F3CEEF8BF4CE1466F5CE9971F6CE2B
:106E60009067F7CE7F89F8CE5278F9CEFD77FACECB
:106E70007066FBCE3B56FCCE3854FDCE2195FECE3F
:106E80007A7240CFA58741CFA68742CFA78743CF4D
:106E9000A98744CFAA8745CFAE8746CFB08747CFD3
:106EA000B18748CFB28749CFB4874ACFB6874BCF97
:106EB000B7874CCFB8874DCFB9874ECFBB874FCF61
:106EC000BC8750CFBE8751CFBF8752CFC18753CF2A
:106ED000C28754CFC38755CFC48756CFC58757CFF6
:106EE000C78758CFC88759CFC9875ACFCC875BCFC0
:106EF000CD875CCFCE875DCFCF875ECFD0875FCF8A
:106F0000D48760CFD58761CFD68762CFD78763CF4D
:106F1000D88764CFD98765CFDA8766CFDC8767CF1C
:106F2000DD8768CFDE8769CFDF876ACFE1876BCFE8
:106F3000E2876CCFE3876DCFE4876ECFE6876FCFB4
:106F4000E78770CFE88771CFE98772CFEB8773CF80
:106F5000EC8774CFED8775CFEF8776CFF08777CF4B
:106F6000F18778CFF28779CFF3877ACFF4877BCF19
:106F7000F5877CCFF6877DCFF7877ECFF88780CFE8
:106F8000FA8781CFFB8782CFFC8783CFFD8784CFB1
:106F9000FF8785CF008886CF018887CF028888CF7A
:106FA000048889CF05888ACF06888BCF07888CCF45
:106FB00008888DCF09888ECF0B888FCF0C8890CF13
:106FC0000D8891CF0E8892CF0F8893CF108894CFE1
:106FD000118895CF128896CF148897CF178898CFAD
:106FE000188899CF19889ACF1A889BCF1C889CCF74
:106FF0001D889DCF1E889ECF1F889FCF2088A0CF41
:107000002388A1CF007AA2CF6F60A3CF0C5EA4CF5C
:107010008960A5CF9D81A6CF1559A7CFDC60A8CFE9
:107020008471A9CFEF70AACFAA6EABCF506CACCF52
:107030008072ADCF846AAECFAD88AFCF2D5EB0CFBA
:10704000604EB1CFB35AB2CF9C55B3CFE394B4CF17
:10705000176DB5CFFB7CB6CF9996B7CF0F62B8CF7F
:10706000C67EB9CF8E77BACF7E86BBCF2353BCCF37
:107070001E97BDCF968FBECF8766BFCFE15CC0CFD6
:10708000A04FC1CFED72C2CF0B4EC3CFA653C4CF1A
:107090000F59C5CF1354C6CF8063C7CF2895C8CF2B
:1070A0004851C9CFD94ECACF9C9CCBCFA47ECCCF60
:1070B000B854CDCF248DCECF5488CFCF3782D0CF08
:1070C000F295D1CF8E6DD2CF265FD3CFCC5AD4CF0D
:1070D0003E66D5CF6996D6CFB073D7CF2E73D8CFB3
:1070E000BF53D9CF7A81DACF8599DBCFA17FDCCFAF
:1070F000AA5BDDCF7796DECF5096DFCFBF7EE0CFA5
:10710000F876E1CFA253E2CF7695E3CF9999E4CF19
:10711000B17BE5CF4489E6CF586EE7CF614EE8CF2B
:10712000D47FE9CF6579EACFE68BEBCFF360ECCF84
:10713000CD54EDCFAB4EEECF7998EFCFF75DF0CFDA
:10714000616AF1CFCF50F2CF1154F3CF618CF4CFFD
:107150002784F5CF5D78F6CF0497F7CF4A52F8CF62
:10716000EE54F9CFA356FACF0095FBCF886DFCCF34
:10717000B55BFDCFC66DFECF536640D0248841D0AD
:10718000258842D0268843D0278844D0288845D0F7
:10719000298846D02A8847D02B8848D02C8849D0C7
:1071A0002D884AD02E884BD02F884CD030884DD097
:1071B00031884ED033884FD0348850D0358851D064
:1071C000368852D0378853D0388854D03A8855D032
:1071D0003B8856D03D8857D03E8858D03F8859D0FC
:1071E00041885AD042885BD043885CD046885DD0C5
:1071F00047885ED048885FD0498860D04A8861D08F
:107200004B8862D04E8863D04F8864D0508865D058
:10721000518866D0528867D0538868D0558869D025
:1072200056886AD058886BD05A886CD05B886DD0ED
:107230005C886ED05D886FD05E8870D05F8871D0BA
:10724000608872D0668873D0678874D06A8875D079
:107250006D8876D06F8877D0718878D0738879D030
:1072600074887AD075887BD076887CD078887DD0F9
:1072700079887ED07A8880D07B8881D07C8882D0C3
:10728000808883D0838884D0868885D0878886D07C
:10729000898887D08A8888D08C8889D08E888AD03F
:1072A0008F888BD090888CD091888DD093888ED009
:1072B00094888FD0958890D0978891D0988892D0D4
:1072C000998893D09A8894D09B8895D09D8896D0A1
:1072D0009E8897D09F8898D0A08899D0A1889AD06E
:1072E000A3889BD0A5889CD0A6889DD0A7889ED037
:1072F000A8889FD0A988A0D0AA88A1D00F5CA2D0CE
:107300005D5BA3D02168A4D09680A5D07855A6D087
:10731000117BA7D04865A8D05469A9D09B4EAAD0AC
:10732000476BABD04E87ACD08B97ADD04F53AED020
:107330001F63AFD03A64B0D0AA90B1D09C65B2D0F0
:10734000C180B3D0108CB4D09951B5D0B068B6D04C
:107350007853B7D0F987B8D0C861B9D0C46CBAD067
:10736000FB6CBBD0228CBCD0515CBDD0AA85BED0FA
:10737000AF82BFD00C95C0D0236BC1D09B8FC2D041
:10738000B065C3D0FB5FC4D0C35FC5D0E14FC6D0EA
:107390004588C7D01F66C8D06581C9D02973CAD0B7
:1073A000FA60CBD07451CCD01152CDD08B57CED007
:1073B000625FCFD0A290D0D04C88D1D09291D2D061
:1073C000785ED3D04F67D4D02760D5D0D359D6D0EC
:1073D0004451D7D0F651D8D0F880D9D00853DAD05C
:1073E000796CDBD0C496DCD08A71DDD0114FDED051
:1073F000EE4FDFD09E7FE0D03D67E1D0C555E2D0B3
:107400000895E3D0C079E4D09688E5D0E37EE6D055
:107410009F58E7D00C62E8D00097E9D05A86EAD0AE
:107420001856EBD07B98ECD0905FEDD0B88BEED0B7
:10743000C484EFD05791F0D0D953F1D0ED65F2D09C
:107440008F5EF3D05C75F4D06460F5D06E7DF6D0BD
:107450007F5AF7D0EA7EF8D0ED7EF9D0698FFAD066
:10746000A755FBD0A35BFCD0AC60FDD0CB65FED0B4
:10747000847340D1AC8841D1AE8842D1AF8843D12A
:10748000B08844D1B28845D1B38846D1B48847D1B9
:10749000B58848D1B68849D1B8884AD1B9884BD186
:1074A000BA884CD1BB884DD1BD884ED1BE884FD152
:1074B000BF8850D1C08851D1C38852D1C48853D11C
:1074C000C78854D1C88855D1CA8856D1CB8857D1DE
:1074D000CC8858D1CD8859D1CF885AD1D0885BD1AA
:1074E000D1885CD1D3885DD1D6885ED1D7885FD171
:1074F000DA8860D1DB8861D1DC8862D1DD8863D134
:10750000DE8864D1E08865D1E18866D1E68867D1FC
:10751000E78868D1E98869D1EA886AD1EB886BD1BC
:10752000EC886CD1ED886DD1EE886ED1EF886FD18B
:10753000F28870D1F58871D1F68872D1F78873D14D
:10754000FA8874D1FB8875D1FD8876D1FF8877D110
:10755000008978D1018979D103897AD104897BD1D5
:1075600005897CD106897DD107897ED1088980D1A2
:10757000098981D10B8982D10C8983D10D8984D16C
:107580000E8985D10F8986D1118987D1148988D137
:10759000158989D116898AD117898BD118898CD1FF
:1075A0001C898DD11D898ED11E898FD11F8990D1C3
:1075B000208991D1228992D1238993D1248994D190
:1075C000268995D1278996D1288997D1298998D15B
:1075D0002C8999D12D899AD12E899BD12F899CD123
:1075E00031899DD132899ED133899FD13589A0D1EE
:1075F0003789A1D10990A2D16376A3D12977A4D1EB
:10760000DA7EA5D17497A6D19B85A7D1665BA8D158
:10761000747AA9D1EA96AAD14088ABD1CB52ACD129
:107620008F71ADD1AA5FAED1EC65AFD1E28BB0D195
:10763000FB5BB1D16F9AB2D1E15DB3D1896BB4D1AB
:107640005B6CB5D1AD8BB6D1AF8BB7D10A90B8D149
:10765000C58FB9D18B53BAD1BC62BBD1269EBCD1E8
:107660002D9EBDD14054BED12B4EBFD1BD82C0D1C5
:107670005972C1D19C86C2D1165DC3D15988C4D17B
:10768000AF6DC5D1C596C6D1D154C7D19A4EC8D118
:10769000B68BC9D10971CAD1BD54CBD10996CCD111
:1076A000DF70CDD1F96DCED1D076CFD1254ED0D1EE
:1076B0001478D1D11287D2D1A95CD3D1F65ED4D1BE
:1076C000008AD5D19C98D6D10E96D7D18E70D8D1BC
:1076D000BF6CD9D14459DAD1A963DBD13C77DCD175
:1076E0004D88DDD1146FDED17382DFD13058E0D107
:1076F000D571E1D18C53E2D11A78E3D1C196E4D1AE
:107700000155E5D1665FE6D13071E7D1B45BE8D1D0
:107710001A8CE9D18C9AEAD1836BEBD12E59ECD13A
:107720002F9EEDD1E779EED16867EFD16C62F0D191
:107730006F4FF1D1A175F2D18A7FF3D10B6DF4D1E6
:107740003396F5D1276CF6D1F04EF7D1D275F8D13A
:107750007B51F9D13768FAD13E6FFBD18090FCD1D3
:107760007081FDD19659FED1767440D2388941D2CC
:10777000398942D23A8943D23B8944D23C8945D2A5
:107780003D8946D23E8947D23F8948D2408949D275
:1077900042894AD243894BD245894CD246894DD23F
:1077A00047894ED248894FD2498950D24A8951D20D
:1077B0004B8952D24C8953D24D8954D24E8955D2DD
:1077C0004F8956D2508957D2518958D2528959D2AD
:1077D00053895AD254895BD255895CD256895DD27D
:1077E00057895ED258895FD2598960D25A8961D24D
:1077F0005B8962D25C8963D25D8964D2608965D21B
:10780000618966D2628967D2638968D2648969D2E4
:1078100065896AD267896BD268896CD269896DD2B1
:107820006A896ED26B896FD26C8970D26D8971D280
:107830006E8972D26F8973D2708974D2718975D250
:10784000728976D2738977D2748978D2758979D220
:1078500076897AD277897BD278897CD279897DD2F0
:107860007A897ED27C8980D27D8981D27E8982D2BA
:10787000808983D2828984D2848985D2858986D27F
:10788000878987D2888988D2898989D28A898AD248
:107890008B898BD28C898CD28D898DD28E898ED218
:1078A0008F898FD2908990D2918991D2928992D2E8
:1078B000938993D2948994D2958995D2968996D2B8
:1078C000978997D2988998D2998999D29A899AD288
:1078D0009B899BD29C899CD29D899DD29E899ED258
:1078E0009F899FD2A089A0D2A189A1D24764A2D2A8
:1078F000275CA3D26590A4D2917AA5D2238CA6D27C
:10790000DA59A7D2AC54A8D20082A9D26F83AAD2E6
:107910008189ABD20080ACD23069ADD24E56AED2A6
:107920003680AFD23772B0D2CE91B1D2B651B2D288
:107930005F4EB3D27598B4D29663B5D21A4EB6D212
:10794000F653B7D2F366B8D24B81B9D21C59BAD22A
:10795000B26DBBD2004EBCD2F958BDD23B53BED2A1
:10796000D663BFD2F194C0D29D4FC1D20A4FC2D2CA
:107970006388C3D29098C4D23759C5D25790C6D223
:10798000FB79C7D2EA4EC8D2F080C9D29175CAD26B
:10799000826CCBD29C5BCCD2E859CDD25D5FCED28B
:1079A0000569CFD28186D0D21A50D1D2F25DD2D21F
:1079B000594ED3D2E377D4D2E54ED5D27A82D6D2FD
:1079C0009162D7D21366D8D29190D9D2795CDAD2AB
:1079D000BF4EDBD2795FDCD2C681DDD23890DED2F9
:1079E0008480DFD2AB75E0D2A64EE1D2D488E2D259
:1079F0000F61E3D2C56BE4D2C65FE5D2494EE6D251
:107A0000CA76E7D2A26EE8D2E38BE9D2AE8BEAD295
:107A10000A8CEBD2D18BECD2025FEDD2FC7FEED29E
:107A2000CC7FEFD2CE7EF0D23583F1D26B83F2D20F
:107A3000E056F3D2B76BF4D2F397F5D23496F6D280
:107A4000FB59F7D21F54F8D2F694F9D2EB6DFAD263
:107A5000C55BFBD26E99FCD2395CFDD2155FFED2BC
:107A6000909640D3A28941D3A38942D3A48943D31A
:107A7000A58944D3A68945D3A78946D3A88947D3E6
:107A8000A98948D3AA8949D3AB894AD3AC894BD3B6
:107A9000AD894CD3AE894DD3AF894ED3B0894FD386
:107AA000B18950D3B28951D3B38952D3B48953D356
:107AB000B58954D3B68955D3B78956D3B88957D326
:107AC000B98958D3BA8959D3BB895AD3BC895BD3F6
:107AD000BD895CD3BE895DD3BF895ED3C0895FD3C6
:107AE000C38960D3CD8961D3D38962D3D48963D369
:107AF000D58964D3D78965D3D88966D3D98967D323
:107B0000DB8968D3DD8969D3DF896AD3E0896BD3E8
:107B1000E1896CD3E2896DD3E4896ED3E7896FD3B1
:107B2000E88970D3E98971D3EA8972D3EC8973D378
:107B3000ED8974D3EE8975D3F08976D3F18977D343
:107B4000F28978D3F48979D3F5897AD3F6897BD30E
:107B5000F7897CD3F8897DD3F9897ED3FA8980D3DC
:107B6000FB8981D3FC8982D3FD8983D3FE8984D3A9
:107B7000FF8985D3018A86D3028A87D3038A88D373
:107B8000048A89D3058A8AD3068A8BD3088A8CD340
:107B9000098A8DD30A8A8ED30B8A8FD30C8A90D30D
:107BA0000D8A91D30E8A92D30F8A93D3108A94D3DD
:107BB000118A95D3128A96D3138A97D3148A98D3AD
:107BC000158A99D3168A9AD3178A9BD3188A9CD37D
:107BD000198A9DD31A8A9ED31B8A9FD31C8AA0D34D
:107BE0001D8AA1D37053A2D3F182A3D3316AA4D347
:107BF000745AA5D3709EA6D3945EA7D3287FA8D32A
:107C0000B983A9D32484AAD32584ABD36783ACD307
:107C10004787ADD3CE8FAED3628DAFD3C876B0D306
:107C2000715FB1D39698B2D36C78B3D32066B4D3D6
:107C3000DF54B5D3E562B6D3634FB7D3C381B8D3AE
:107C4000C875B9D3B85EBAD3CD96BBD30A8EBCD3B0
:107C5000F986BDD38F54BED3F36CBFD38C6DC0D324
:107C6000386CC1D37F60C2D3C752C3D32875C4D385
:107C70007D5EC5D3184FC6D3A060C7D3E75FC8D316
:107C8000245CC9D33175CAD3AE90CBD3C094CCD3C6
:107C9000B972CDD3B96CCED3386ECFD34991D0D38E
:107CA0000967D1D3CB53D2D3F353D3D3514FD4D3CA
:107CB000C991D5D3F18BD6D3C853D7D37C5ED8D353
:107CC000C28FD9D3E46DDAD38E4EDBD3C276DCD348
:107CD0008669DDD35E86DED31A61DFD30682E0D308
:107CE000594FE1D3DE4FE2D33E90E3D37C9CE4D303
:107CF0000961E5D31D6EE6D3146EE7D38596E8D30C
:107D0000884EE9D3315AEAD3E896EBD30E4EECD342
:107D10007F5CEDD3B979EED3875BEFD3ED8BF0D3F6
:107D2000BD7FF1D38973F2D3DF57F3D38B82F4D3C2
:107D3000C190F5D30154F6D34790F7D3BB55F8D390
:107D4000EA5CF9D3A15FFAD30861FBD3326BFCD3B1
:107D5000F172FDD3B280FED3898A40D41E8A41D409
:107D60001F8A42D4208A43D4218A44D4228A45D40B
:107D7000238A46D4248A47D4258A48D4268A49D4DB
:107D8000278A4AD4288A4BD4298A4CD42A8A4DD4AB
:107D90002B8A4ED42C8A4FD42D8A50D42E8A51D47B
:107DA0002F8A52D4308A53D4318A54D4328A55D44B
:107DB000338A56D4348A57D4358A58D4368A59D41B
:107DC000378A5AD4388A5BD4398A5CD43A8A5DD4EB
:107DD0003B8A5ED43C8A5FD43D8A60D43F8A61D4BA
:107DE000408A62D4418A63D4428A64D4438A65D487
:107DF000448A66D4458A67D4468A68D4478A69D457
:107E0000498A6AD44A8A6BD44B8A6CD44C8A6DD422
:107E10004D8A6ED44E8A6FD44F8A70D4508A71D4F2
:107E2000518A72D4528A73D4538A74D4548A75D4C2
:107E3000558A76D4568A77D4578A78D4588A79D492
:107E4000598A7AD45A8A7BD45B8A7CD45C8A7DD462
:107E50005D8A7ED45E8A80D45F8A81D4608A82D42F
:107E6000618A83D4628A84D4638A85D4648A86D4FE
:107E7000658A87D4668A88D4678A89D4688A8AD4CE
:107E8000698A8BD46A8A8CD46B8A8DD46C8A8ED49E
:107E90006D8A8FD46E8A90D46F8A91D4708A92D46E
:107EA000718A93D4728A94D4738A95D4748A96D43E
:107EB000758A97D4768A98D4778A99D4788A9AD40E
:107EC0007A8A9BD47B8A9CD47C8A9DD47D8A9ED4DA
:107ED0007E8A9FD47F8AA0D4808AA1D4746DA2D4D4
:107EE000D35BA3D4D588A4D48498A5D46B8CA6D412
:107EF0006D9AA7D4339EA8D40A6EA9D4A451AAD44B
:107F00004351ABD4A357ACD48188ADD49F53AED4E6
:107F1000F463AFD4958FB0D4ED56B1D45854B2D4E5
:107F20000657B3D43F73B4D4906EB5D4187FB6D48B
:107F3000DC8FB7D4D182B8D43F61B9D42860BAD429
:107F40006296BBD4F066BCD4A67EBDD48A8DBED466
:107F5000C38DBFD4A594C0D4B35CC1D4A47CC2D417
:107F60000867C3D4A660C4D40596C5D41880C6D407
:107F7000914EC7D4E790C8D40053C9D46896CAD4E8
:107F80004151CBD4D08FCCD47485CDD45D91CED497
:107F90005566CFD4F597D0D4555BD1D41D53D2D4E8
:107FA0003878D3D44267D4D43D68D5D4C954D6D414
:107FB0007E70D7D4B05BD8D47D8FD9D48D51DAD42C
:107FC0002857DBD4B154DCD41265DDD48266DED40C
:107FD0005E8DDFD4438DE0D40F81E1D46C84E2D494
:107FE0006D90E3D4DF7CE4D4FF51E5D4FB85E6D487
:107FF000A367E7D4E965E8D4A16FE9D4A486EAD4FD
:10800000818EEBD46A56ECD42090EDD48276EED4F7
:108010007670EFD4E571F0D4238DF1D4E962F2D417
:108020001952F3D4FD6CF4D43C8DF5D40E60F6D423
:108030009E58F7D48E61F8D4FE66F9D4608DFAD4D8
:108040004E62FBD4B355FCD4236EFDD42D67FED411
:10805000678F40D5818A41D5828A42D5838A43D5AC
:10806000848A44D5858A45D5868A46D5878A47D568
:10807000888A48D58B8A49D58C8A4AD58D8A4BD532
:108080008E8A4CD58F8A4DD5908A4ED5918A4FD500
:10809000928A50D5948A51D5958A52D5968A53D5CD
:1080A000978A54D5988A55D5998A56D59A8A57D59C
:1080B0009B8A58D59C8A59D59D8A5AD59E8A5BD56C
:1080C0009F8A5CD5A08A5DD5A18A5ED5A28A5FD53C
:1080D000A38A60D5A48A61D5A58A62D5A68A63D50C
:1080E000A78A64D5A88A65D5A98A66D5AA8A67D5DC
:1080F000AB8A68D5AC8A69D5AD8A6AD5AE8A6BD5AC
:10810000AF8A6CD5B08A6DD5B18A6ED5B28A6FD57B
:10811000B38A70D5B48A71D5B58A72D5B68A73D54B
:10812000B78A74D5B88A75D5B98A76D5BA8A77D51B
:10813000BB8A78D5BC8A79D5BD8A7AD5BE8A7BD5EB
:10814000BF8A7CD5C08A7DD5C18A7ED5C28A80D5BA
:10815000C38A81D5C48A82D5C58A83D5C68A84D587
:10816000C78A85D5C88A86D5C98A87D5CA8A88D557
:10817000CB8A89D5CC8A8AD5CD8A8BD5CE8A8CD527
:10818000CF8A8DD5D08A8ED5D18A8FD5D28A90D5F7
:10819000D38A91D5D48A92D5D58A93D5D68A94D5C7
:1081A000D78A95D5D88A96D5D98A97D5DA8A98D597
:1081B000DB8A99D5DC8A9AD5DD8A9BD5DE8A9CD567
:1081C000DF8A9DD5E08A9ED5E18A9FD5E28AA0D537
:1081D000E38AA1D5E194A2D5F895A3D52877A4D5B3
:1081E0000568A5D5A869A6D58B54A7D54D4EA8D5A9
:1081F000B870A9D5C88BAAD55864ABD58B65ACD55A
:10820000855BADD5847AAED53A50AFD5E85BB0D5B5
:10821000BB77B1D5E16BB2D5798AB3D5987CB4D5AB
:10822000BE6CB5D5CF76B6D5A965B7D5978FB8D57D
:108230002D5DB9D5555CBAD53886BBD50868BCD597
:108240006053BDD51862BED5D97ABFD55B6EC0D597
:10825000FD7EC1D51F6AC2D5E07AC3D5705FC4D593
:10826000336FC5D5205FC6D58C63C7D5A86DC8D57B
:108270005667C9D5084ECAD5105ECBD5268DCCD54C
:10828000D74ECDD5C080CED53476CFD59C96D0D51F
:10829000DB62D1D52D66D2D57E62D3D5BC6CD4D568
:1082A000758DD5D56771D6D5697FD7D54651D8D5C7
:1082B0008780D9D5EC53DAD56E90DBD59862DCD5C2
:1082C000F254DDD5F086DED5998FDFD50580E0D577
:1082D0001795E1D51785E2D5D98FE3D5596DE4D54A
:1082E000CD73E5D59F65E6D51F77E7D50475E8D54D
:1082F0002778E9D5FB81EAD51E8DEBD58894ECD59E
:10830000A64FEDD59567EED5B975EFD5CA8BF0D5EB
:108310000797F1D52F63F2D54795F3D53596F4D568
:10832000B884F5D52363F6D54177F7D5815FF8D5C5
:10833000F072F9D5894EFAD51460FBD57465FCD579
:10834000EF62FDD5636BFED53F6540D6E48A41D62A
:10835000E58A42D6E68A43D6E78A44D6E88A45D6F5
:10836000E98A46D6EA8A47D6EB8A48D6EC8A49D6C5
:10837000ED8A4AD6EE8A4BD6EF8A4CD6F08A4DD695
:10838000F18A4ED6F28A4FD6F38A50D6F48A51D665
:10839000F58A52D6F68A53D6F78A54D6F88A55D635
:1083A000F98A56D6FA8A57D6FB8A58D6FC8A59D605
:1083B000FD8A5AD6FE8A5BD6FF8A5CD6008B5DD6D4
:1083C000018B5ED6028B5FD6038B60D6048B61D6A1
:1083D000058B62D6068B63D6088B64D6098B65D66F
:1083E0000A8B66D60B8B67D60C8B68D60D8B69D63D
:1083F0000E8B6AD60F8B6BD6108B6CD6118B6DD60D
:10840000128B6ED6138B6FD6148B70D6158B71D6DC
:10841000168B72D6178B73D6188B74D6198B75D6AC
:108420001A8B76D61B8B77D61C8B78D61D8B79D67C
:108430001E8B7AD61F8B7BD6208B7CD6218B7DD64C
:10844000228B7ED6238B80D6248B81D6258B82D619
:10845000278B83D6288B84D6298B85D62A8B86D6E4
:108460002B8B87D62C8B88D62D8B89D62E8B8AD6B4
:108470002F8B8BD6308B8CD6318B8DD6328B8ED684
:10848000338B8FD6348B90D6358B91D6368B92D654
:10849000378B93D6388B94D6398B95D63A8B96D624
:1084A0003B8B97D63C8B98D63D8B99D63E8B9AD6F4
:1084B0003F8B9BD6408B9CD6418B9DD6428B9ED6C4
:1084C000438B9FD6448BA0D6458BA1D6275EA2D6E0
:1084D000C775A3D6D190A4D6C18BA5D69D82A6D6AA
:1084E0009D67A7D62F65A8D63154A9D61887AAD6D6
:1084F000E577ABD6A280ACD60281ADD6416CAED6C4
:108500004B4EAFD6C77EB0D64C80B1D6F476B2D63D
:108510000D69B3D6966BB4D66762B5D63C50B6D665
:10852000844FB7D64057B8D60763B9D6626BBAD670
:10853000BE8DBBD6EA53BCD6E865BDD6B87EBED6E6
:10854000D75FBFD61A63C0D6B763C1D6F381C2D690
:10855000F481C3D66E7FC4D61C5EC5D6D95CC6D6A0
:108560003652C7D67A66C8D6E979C9D61A7ACAD633
:10857000288DCBD69970CCD6D475CDD6DE6ECED61E
:10858000BB6CCFD6927AD0D62D4ED1D6C576D2D668
:10859000E05FD3D69F94D4D67788D5D6C87ED6D67A
:1085A000CD79D7D6BF80D8D6CD91D9D6F24EDAD6EE
:1085B000174FDBD61F82DCD66854DDD6DE5DDED6F3
:1085C000326DDFD6CC8BE0D6A57CE1D6748FE2D6B7
:1085D0009880E3D61A5EE4D69254E5D6B176E6D614
:1085E000995BE7D63C66E8D6A49AE9D6E073EAD66A
:1085F0002A68EBD6DB86ECD63167EDD62A73EED649
:10860000F88BEFD6DB8BF0D61090F1D6F97AF2D654
:10861000DB70F3D66E71F4D6C462F5D6A977F6D6C0
:108620003156F7D63B4EF8D65784F9D6F167FAD6CD
:10863000A952FBD6C086FCD62E8DFDD6F894FED668
:10864000517B40D7468B41D7478B42D7488B43D786
:10865000498B44D74A8B45D74B8B46D74C8B47D752
:108660004D8B48D74E8B49D74F8B4AD7508B4BD722
:10867000518B4CD7528B4DD7538B4ED7548B4FD7F2
:10868000558B50D7568B51D7578B52D7588B53D7C2
:10869000598B54D75A8B55D75B8B56D75C8B57D792
:1086A0005D8B58D75E8B59D75F8B5AD7608B5BD762
:1086B000618B5CD7628B5DD7638B5ED7648B5FD732
:1086C000658B60D7678B61D7688B62D7698B63D7FF
:1086D0006A8B64D76B8B65D76D8B66D76E8B67D7CC
:1086E0006F8B68D7708B69D7718B6AD7728B6BD79A
:1086F000738B6CD7748B6DD7758B6ED7768B6FD76A
:10870000778B70D7788B71D7798B72D77A8B73D739
:108710007B8B74D77C8B75D77D8B76D77E8B77D709
:108720007F8B78D7808B79D7818B7AD7828B7BD7D9
:10873000838B7CD7848B7DD7858B7ED7868B80D7A8
:10874000878B81D7888B82D7898B83D78A8B84D775
:108750008B8B85D78C8B86D78D8B87D78E8B88D745
:108760008F8B89D7908B8AD7918B8BD7928B8CD715
:10877000938B8DD7948B8ED7958B8FD7968B90D7E5
:10878000978B91D7988B92D7998B93D79A8B94D7B5
:108790009B8B95D79C8B96D79D8B97D79E8B98D785
:1087A0009F8B99D7AC8B9AD7B18B9BD7BB8B9CD720
:1087B000C78B9DD7D08B9ED7EA8B9FD7098CA0D72C
:1087C0001E8CA1D74F4FA2D7E86CA3D75D79A4D751
:1087D0007B9AA5D79362A6D72A72A7D7FD62A8D79E
:1087E000134EA9D71678AAD76C8FABD7B064ACD785
:1087F0005A8DADD7C67BAED76968AFD7845EB0D788
:10880000C588B1D78659B2D79E64B3D7EE58B4D7CE
:10881000B672B5D70E69B6D72595B7D7FD8FB8D73D
:10882000588DB9D76057BAD7007FBBD7068CBCD755
:10883000C651BDD74963BED7D962BFD75353C0D73E
:108840004C68C1D72274C2D70183C3D74C91C4D717
:108850004455C5D74077C6D77C70C7D74A6DC8D7AF
:108860007951C9D7A854CAD7448DCBD7FF59CCD793
:10887000CB6ECDD7C46DCED75C5BCFD72B7DD0D799
:10888000D44ED1D77D7CD2D7D36ED3D7505BD4D73B
:10889000EA81D5D70D6ED6D7575BD7D7039BD8D7EC
:1088A000D568D9D72A8EDAD7975BDBD7FC7EDCD7A1
:1088B0003B60DDD7B57EDED7B990DFD7708DE0D7CE
:1088C0004F59E1D7CD63E2D7DF79E3D7B38DE4D752
:1088D0005253E5D7CF65E6D75679E7D7C58BE8D7AA
:1088E0003B96E9D7C47EEAD7BB94EBD7827EECD720
:1088F0003456EDD78991EED70067EFD76A7FF0D76E
:108900000A5CF1D77590F2D72866F3D7E65DF4D705
:10891000504FF5D7DE67F6D75A50F7D75C4FF8D7E8
:108920005057F9D7A75E40D8388C41D8398C42D8F7
:108930003A8C43D83B8C44D83C8C45D83D8C46D8A7
:108940003E8C47D83F8C48D8408C49D8428C4AD876
:10895000438C4BD8448C4CD8458C4DD8488C4ED841
:108960004A8C4FD84B8C50D84D8C51D84E8C52D805
:108970004F8C53D8508C54D8518C55D8528C56D8D3
:10898000538C57D8548C58D8568C59D8578C5AD8A1
:10899000588C5BD8598C5CD85B8C5DD85C8C5ED86D
:1089A0005D8C5FD85E8C60D85F8C61D8608C62D83B
:1089B000638C63D8648C64D8658C65D8668C66D803
:1089C000678C67D8688C68D8698C69D86C8C6AD8D1
:1089D0006D8C6BD86E8C6CD86F8C6DD8708C6ED89B
:1089E000718C6FD8728C70D8748C71D8758C72D869
:1089F000768C73D8778C74D87B8C75D87C8C76D831
:108A00007D8C77D87E8C78D87F8C79D8808C7AD8FA
:108A1000818C7BD8838C7CD8848C7DD8868C7ED8C6
:108A2000878C80D8888C81D88B8C82D88D8C83D889
:108A30008E8C84D88F8C85D8908C86D8918C87D852
:108A4000928C88D8938C89D8958C8AD8968C8BD820
:108A5000978C8CD8998C8DD89A8C8ED89B8C8FD8EB
:108A60009C8C90D89D8C91D89E8C92D89F8C93D8BA
:108A7000A08C94D8A18C95D8A28C96D8A38C97D88A
:108A8000A48C98D8A58C99D8A68C9AD8A78C9BD85A
:108A9000A88C9CD8A98C9DD8AA8C9ED8AB8C9FD82A
:108AA000AC8CA0D8AD8CA1D88D4EA2D80C4EA3D83A
:108AB0004051A4D8104EA5D8FF5EA6D84553A7D8DC
:108AC000154EA8D8984EA9D81E4EAAD8329BABD81E
:108AD0006C5BACD86956ADD8284EAED8BA79AFD851
:108AE0003F4EB0D81553B1D8474EB2D82D59B3D850
:108AF0003B72B4D86E53B5D8106CB6D8DF56B7D821
:108B0000E480B8D89799B9D8D36BBAD87E77BBD858
:108B1000179FBCD8364EBDD89F4EBED8109FBFD829
:108B20005C4EC0D8694EC1D8934EC2D88882C3D893
:108B30005B5BC4D86C55C5D80F56C6D8C44EC7D8D1
:108B40008D53C8D89D53C9D8A353CAD8A553CBD8E1
:108B5000AE53CCD86597CDD85D8DCED81A53CFD82B
:108B6000F553D0D82653D1D82E53D2D83E53D3D88C
:108B70005C8DD4D86653D5D86353D6D80252D7D893
:108B80000852D8D80E52D9D82D52DAD83352DBD861
:108B90003F52DCD84052DDD84C52DED85E52DFD88E
:108BA0006152E0D85C52E1D8AF84E2D87D52E3D87C
:108BB0008252E4D88152E5D89052E6D89352E7D851
:108BC0008251E8D8547FE9D8BB4EEAD8C34EEBD8DF
:108BD000C94EECD8C24EEDD8E84EEED8E14EEFD8F3
:108BE000EB4EF0D8DE4EF1D81B4FF2D8F34EF3D84F
:108BF000224FF4D8644FF5D8F54EF6D8254FF7D864
:108C0000274FF8D8094FF9D82B4FFAD85E4FFBD829
:108C1000674FFCD83865FDD85A4FFED85D4F40D914
:108C2000AE8C41D9AF8C42D9B08C43D9B18C44D9E8
:108C3000B28C45D9B38C46D9B48C47D9B58C48D9B8
:108C4000B68C49D9B78C4AD9B88C4BD9B98C4CD988
:108C5000BA8C4DD9BB8C4ED9BC8C4FD9BD8C50D958
:108C6000BE8C51D9BF8C52D9C08C53D9C18C54D928
:108C7000C28C55D9C38C56D9C48C57D9C58C58D9F8
:108C8000C68C59D9C78C5AD9C88C5BD9C98C5CD9C8
:108C9000CA8C5DD9CB8C5ED9CC8C5FD9CD8C60D998
:108CA000CE8C61D9CF8C62D9D08C63D9D18C64D968
:108CB000D28C65D9D38C66D9D48C67D9D58C68D938
:108CC000D68C69D9D78C6AD9D88C6BD9D98C6CD908
:108CD000DA8C6DD9DB8C6ED9DC8C6FD9DD8C70D9D8
:108CE000DE8C71D9DF8C72D9E08C73D9E18C74D9A8
:108CF000E28C75D9E38C76D9E48C77D9E58C78D978
:108D0000E68C79D9E78C7AD9E88C7BD9E98C7CD947
:108D1000EA8C7DD9EB8C7ED9EC8C80D9ED8C81D915
:108D2000EE8C82D9EF8C83D9F08C84D9F18C85D9E3
:108D3000F28C86D9F38C87D9F48C88D9F58C89D9B3
:108D4000F68C8AD9F78C8BD9F88C8CD9F98C8DD983
:108D5000FA8C8ED9FB8C8FD9FC8C90D9FD8C91D953
:108D6000FE8C92D9FF8C93D9008D94D9018D95D921
:108D7000028D96D9038D97D9048D98D9058D99D9EF
:108D8000068D9AD9078D9BD9088D9CD9098D9DD9BF
:108D90000A8D9ED90B8D9FD90C8DA0D90D8DA1D98F
:108DA0005F4FA2D9574FA3D9324FA4D93D4FA5D970
:108DB000764FA6D9744FA7D9914FA8D9894FA9D971
:108DC000834FAAD98F4FABD97E4FACD97B4FADD94A
:108DD000AA4FAED97C4FAFD9AC4FB0D9944FB1D9CF
:108DE000E64FB2D9E84FB3D9EA4FB4D9C54FB5D998
:108DF000DA4FB6D9E34FB7D9DC4FB8D9D14FB9D98B
:108E0000DF4FBAD9F84FBBD92950BCD94C50BDD986
:108E1000F34FBED92C50BFD90F50C0D92E50C1D955
:108E20002D50C2D9FE4FC3D91C50C4D90C50C5D93E
:108E30002550C6D92850C7D97E50C8D94350C9D962
:108E40005550CAD94850CBD94E50CCD96C50CDD9F9
:108E50007B50CED9A550CFD9A750D0D9A950D1D9C0
:108E6000BA50D2D9D650D3D90651D4D9ED50D5D98C
:108E7000EC50D6D9E650D7D9EE50D8D90751D9D928
:108E80000B51DAD9DD4EDBD93D6CDCD9584FDDD939
:108E9000654FDED9CE4FDFD9A09FE0D9466CE1D92E
:108EA000747CE2D96E51E3D9FD5DE4D9C99EE5D960
:108EB0009899E6D98151E7D91459E8D9F952E9D9F5
:108EC0000D53EAD9078AEBD91053ECD9EB51EDD900
:108ED0001959EED95551EFD9A04EF0D95651F1D9C3
:108EE000B34EF2D96E88F3D9A488F4D9B54EF5D92A
:108EF0001481F6D9D288F7D98079F8D9345BF9D9B9
:108F00000388FAD9B87FFBD9AB51FCD9B151FDD94F
:108F1000BD51FED9BC5140DA0E8D41DA0F8D42DAD7
:108F2000108D43DA118D44DA128D45DA138D46DA4D
:108F3000148D47DA158D48DA168D49DA178D4ADA1D
:108F4000188D4BDA198D4CDA1A8D4DDA1B8D4EDAED
:108F50001C8D4FDA208D50DA518D51DA528D52DA54
:108F6000578D53DA5F8D54DA658D55DA688D56DA90
:108F7000698D57DA6A8D58DA6C8D59DA6E8D5ADA46
:108F80006F8D5BDA718D5CDA728D5DDA788D5EDA09
:108F9000798D5FDA7A8D60DA7B8D61DA7C8D62DAC9
:108FA0007D8D63DA7E8D64DA7F8D65DA808D66DA99
:108FB000828D67DA838D68DA868D69DA878D6ADA61
:108FC000888D6BDA898D6CDA8C8D6DDA8D8D6EDA29
:108FD0008E8D6FDA8F8D70DA908D71DA928D72DAF4
:108FE000938D73DA958D74DA968D75DA978D76DABE
:108FF000988D77DA998D78DA9A8D79DA9B8D7ADA8D
:109000009C8D7BDA9D8D7CDA9E8D7DDAA08D7EDA5B
:10901000A18D80DAA28D81DAA48D82DAA58D83DA22
:10902000A68D84DAA78D85DAA88D86DAA98D87DAF0
:10903000AA8D88DAAB8D89DAAC8D8ADAAD8D8BDAC0
:10904000AE8D8CDAAF8D8DDAB08D8EDAB28D8FDA8F
:10905000B68D90DAB78D91DAB98D92DABB8D93DA4D
:10906000BD8D94DAC08D95DAC18D96DAC28D97DA0E
:10907000C58D98DAC78D99DAC88D9ADAC98D9BDAD1
:10908000CA8D9CDACD8D9DDAD08D9EDAD28D9FDA95
:10909000D38DA0DAD48DA1DAC751A2DA9651A3DA22
:1090A000A251A4DAA551A5DAA08BA6DAA68BA7DA7D
:1090B000A78BA8DAAA8BA9DAB48BAADAB58BABDABC
:1090C000B78BACDAC28BADDAC38BAEDACB8BAFDA4F
:1090D000CF8BB0DACE8BB1DAD28BB2DAD38BB3DAF4
:1090E000D48BB4DAD68BB5DAD88BB6DAD98BB7DABB
:1090F000DC8BB8DADF8BB9DAE08BBADAE48BBBDA77
:10910000E88BBCDAE98BBDDAEE8BBEDAF08BBFDA26
:10911000F38BC0DAF68BC1DAF98BC2DAFC8BC3DAD7
:10912000FF8BC4DA008CC5DA028CC6DA048CC7DA8D
:10913000078CC8DA0C8CC9DA0F8CCADA118CCBDA3E
:10914000128CCCDA148CCDDA158CCEDA168CCFDA00
:10915000198CD0DA1B8CD1DA188CD2DA1D8CD3DAC8
:109160001F8CD4DA208CD5DA218CD6DA258CD7DA8C
:10917000278CD8DA2A8CD9DA2B8CDADA2E8CDBDA47
:109180002F8CDCDA328CDDDA338CDEDA358CDFDA08
:10919000368CE0DA6953E1DA7A53E2DA1D96E3DAE3
:1091A0002296E4DA2196E5DA3196E6DA2A96E7DACB
:1091B0003D96E8DA3C96E9DA4296EADA4996EBDA45
:1091C0005496ECDA5F96EDDA6796EEDA6C96EFDAA3
:1091D0007296F0DA7496F1DA8896F2DA8D96F3DA0E
:1091E0009796F4DAB096F5DA9790F6DA9B90F7DA7C
:1091F0009D90F8DA9990F9DAAC90FADAA190FBDA5E
:10920000B490FCDAB390FDDAB690FEDABA9040DBA7
:10921000D58D41DBD88D42DBD98D43DBDC8D44DB42
:10922000E08D45DBE18D46DBE28D47DBE58D48DBFC
:10923000E68D49DBE78D4ADBE98D4BDBED8D4CDBC1
:10924000EE8D4DDBF08D4EDBF18D4FDBF28D50DB83
:10925000F48D51DBF68D52DBFC8D53DBFE8D54DB40
:10926000FF8D55DB008E56DB018E57DB028E58DBFF
:10927000038E59DB048E5ADB068E5BDB078E5CDBCC
:10928000088E5DDB0B8E5EDB0D8E5FDB0E8E60DB92
:10929000108E61DB118E62DB128E63DB138E64DB5A
:1092A000158E65DB168E66DB178E67DB188E68DB26
:1092B000198E69DB1A8E6ADB1B8E6BDB1C8E6CDBF6
:1092C000208E6DDB218E6EDB248E6FDB258E70DBB6
:1092D000268E71DB278E72DB288E73DB2B8E74DB80
:1092E0002D8E75DB308E76DB328E77DB338E78DB3E
:1092F000348E79DB368E7ADB378E7BDB388E7CDB07
:109300003B8E7DDB3C8E7EDB3E8E80DB3F8E81DBC9
:10931000438E82DB458E83DB468E84DB4C8E85DB81
:109320004D8E86DB4E8E87DB4F8E88DB508E89DB41
:10933000538E8ADB548E8BDB558E8CDB568E8DDB09
:10934000578E8EDB588E8FDB5A8E90DB5B8E91DBD7
:109350005C8E92DB5D8E93DB5E8E94DB5F8E95DBA5
:10936000608E96DB618E97DB628E98DB638E99DB75
:10937000648E9ADB658E9BDB678E9CDB688E9DDB43
:109380006A8E9EDB6B8E9FDB6E8EA0DB718EA1DB07
:10939000B890A2DBB090A3DBCF90A4DBC590A5DB97
:1093A000BE90A6DBD090A7DBC490A8DBC790A9DB5A
:1093B000D390AADBE690ABDBE290ACDBDC90ADDBDC
:1093C000D790AEDBDB90AFDBEB90B0DBEF90B1DBA7
:1093D000FE90B2DB0491B3DB2291B4DB1E91B5DBCE
:1093E0002391B6DB3191B7DB2F91B8DB3991B9DB33
:1093F0004391BADB4691BBDB0D52BCDB4259BDDB6E
:10940000A252BEDBAC52BFDBAD52C0DBBE52C1DBF1
:10941000FF54C2DBD052C3DBD652C4DBF052C5DBF3
:10942000DF53C6DBEE71C7DBCD77C8DBF45EC9DB8B
:10943000F551CADBFC51CBDB2F9BCCDBB653CDDB2C
:10944000015FCEDB5A75CFDBEF5DD0DB4C57D1DB54
:10945000A957D2DBA157D3DB7E58D4DBBC58D5DB70
:10946000C558D6DBD158D7DB2957D8DB2C57D9DBE9
:109470002A57DADB3357DBDB3957DCDB2E57DDDBF2
:109480002F57DEDB5C57DFDB3B57E0DB4257E1DB8E
:109490006957E2DB8557E3DB6B57E4DB8657E5DB97
:1094A0007C57E6DB7B57E7DB6857E8DB6D57E9DB8A
:1094B0007657EADB7357EBDBAD57ECDBA457EDDBFC
:1094C0008C57EEDBB257EFDBCF57F0DBA757F1DB62
:1094D000B457F2DB9357F3DBA057F4DBD557F5DB3A
:1094E000D857F6DBDA57F7DBD957F8DBD257F9DB79
:1094F000B857FADBF457FBDBEF57FCDBF857FDDB23
:10950000E457FEDBDD5740DC738E41DC758E42DCB8
:10951000778E43DC788E44DC798E45DC7A8E46DCAF
:109520007B8E47DC7D8E48DC7E8E49DC808E4ADC7B
:10953000828E4BDC838E4CDC848E4DDC868E4EDC42
:10954000888E4FDC898E50DC8A8E51DC8B8E52DC0B
:109550008C8E53DC8D8E54DC8E8E55DC918E56DCD9
:10956000928E57DC938E58DC958E59DC968E5ADCA1
:10957000978E5BDC988E5CDC998E5DDC9A8E5EDC6F
:109580009B8E5FDC9D8E60DC9F8E61DCA08E62DC3A
:10959000A18E63DCA28E64DCA38E65DCA48E66DC07
:1095A000A58E67DCA68E68DCA78E69DCA88E6ADCD7
:1095B000A98E6BDCAA8E6CDCAD8E6DDCAE8E6EDCA3
:1095C000B08E6FDCB18E70DCB38E71DCB48E72DC69
:1095D000B58E73DCB68E74DCB78E75DCB88E76DC37
:1095E000B98E77DCBB8E78DCBC8E79DCBD8E7ADC04
:1095F000BE8E7BDCBF8E7CDCC08E7DDCC18E7EDCD3
:10960000C28E80DCC38E81DCC48E82DCC58E83DC9E
:10961000C68E84DCC78E85DCC88E86DCC98E87DC6E
:10962000CA8E88DCCB8E89DCCC8E8ADCCD8E8BDC3E
:10963000CF8E8CDCD08E8DDCD18E8EDCD28E8FDC0A
:10964000D38E90DCD48E91DCD58E92DCD68E93DCDA
:10965000D78E94DCD88E95DCD98E96DCDA8E97DCAA
:10966000DB8E98DCDC8E99DCDD8E9ADCDE8E9BDC7A
:10967000DF8E9CDCE08E9DDCE18E9EDCE28E9FDC4A
:10968000E38EA0DCE48EA1DC0B58A2DC0D58A3DC39
:10969000FD57A4DCED57A5DC0058A6DC1E58A7DC5E
:1096A0001958A8DC4458A9DC2058AADC6558ABDC62
:1096B0006C58ACDC8158ADDC8958AEDC9A58AFDC14
:1096C0008058B0DCA899B1DC199FB2DCFF61B3DC33
:1096D0007982B4DC7D82B5DC7F82B6DC8F82B7DC38
:1096E0008A82B8DCA882B9DC8482BADC8E82BBDCD8
:1096F0009182BCDC9782BDDC9982BEDCAB82BFDC90
:10970000B882C0DCBE82C1DCB082C2DCC882C3DCED
:10971000CA82C4DCE382C5DC9882C6DCB782C7DCBF
:10972000AE82C8DCCB82C9DCCC82CADCC182CBDC95
:10973000A982CCDCB482CDDCA182CEDCAA82CFDCD3
:109740009F82D0DCC482D1DCCE82D2DCA482D3DC86
:10975000E182D4DC0983D5DCF782D6DCE482D7DC75
:109760000F83D8DC0783D9DCDC82DADCF482DBDC33
:10977000D282DCDCD882DDDC0C83DEDCFB82DFDC49
:10978000D382E0DC1183E1DC1A83E2DC0683E3DCD4
:109790001483E4DC1583E5DCE082E6DCD582E7DCDB
:1097A0001C83E8DC5183E9DC5B83EADC5C83EBDC73
:1097B0000883ECDC9283EDDC3C83EEDC3483EFDC6D
:1097C0003183F0DC9B83F1DC5E83F2DC2F83F3DCFE
:1097D0004F83F4DC4783F5DC4383F6DC5F83F7DCFF
:1097E0004083F8DC1783F9DC6083FADC2D83FBDC33
:1097F0003A83FCDC3383FDDC6683FEDC658340DD7D
:10980000E58E41DDE68E42DDE78E43DDE88E44DD08
:10981000E98E45DDEA8E46DDEB8E47DDEC8E48DDD8
:10982000ED8E49DDEE8E4ADDEF8E4BDDF08E4CDDA8
:10983000F18E4DDDF28E4EDDF38E4FDDF48E50DD78
:10984000F58E51DDF68E52DDF78E53DDF88E54DD48
:10985000F98E55DDFA8E56DDFB8E57DDFC8E58DD18
:10986000FD8E59DDFE8E5ADDFF8E5BDD008F5CDDE7
:10987000018F5DDD028F5EDD038F5FDD048F60DDB4
:10988000058F61DD068F62DD078F63DD088F64DD84
:10989000098F65DD0A8F66DD0B8F67DD0C8F68DD54
:1098A0000D8F69DD0E8F6ADD0F8F6BDD108F6CDD24
:1098B000118F6DDD128F6EDD138F6FDD148F70DDF4
:1098C000158F71DD168F72DD178F73DD188F74DDC4
:1098D000198F75DD1A8F76DD1B8F77DD1C8F78DD94
:1098E0001D8F79DD1E8F7ADD1F8F7BDD208F7CDD64
:1098F000218F7DDD228F7EDD238F80DD248F81DD32
:10990000258F82DD268F83DD278F84DD288F85DDFF
:10991000298F86DD2A8F87DD2B8F88DD2C8F89DDCF
:109920002D8F8ADD2E8F8BDD2F8F8CDD308F8DDD9F
:10993000318F8EDD328F8FDD338F90DD348F91DD6F
:10994000358F92DD368F93DD378F94DD388F95DD3F
:10995000398F96DD3A8F97DD3B8F98DD3C8F99DD0F
:109960003D8F9ADD3E8F9BDD3F8F9CDD408F9DDDDF
:10997000418F9EDD428F9FDD438FA0DD448FA1DDAF
:109980006883A2DD1B83A3DD6983A4DD6C83A5DD71
:109990006A83A6DD6D83A7DD6E83A8DDB083A9DDB4
:1099A0007883AADDB383ABDDB483ACDDA083ADDD0A
:1099B000AA83AEDD9383AFDD9C83B0DD8583B1DD0B
:1099C0007C83B2DDB683B3DDA983B4DD7D83B5DDF1
:1099D000B883B6DD7B83B7DD9883B8DD9E83B9DDC0
:1099E000A883BADDBA83BBDDBC83BCDDC183BDDD2A
:1099F0000184BEDDE583BFDDD883C0DD0758C1DD4E
:109A00001884C2DD0B84C3DDDD83C4DDFD83C5DDC9
:109A1000D683C6DD1C84C7DD3884C8DD1184C9DD6A
:109A20000684CADDD483CBDDDF83CCDD0F84CDDDBE
:109A30000384CEDDF883CFDDF983D0DDEA83D1DD89
:109A4000C583D2DDC083D3DD2684D4DDF083D5DDAC
:109A5000E183D6DD5C84D7DD5184D8DD5A84D9DD3D
:109A60005984DADD7384DBDD8784DCDD8884DDDD29
:109A70007A84DEDD8984DFDD7884E0DD3C84E1DD2D
:109A80004684E2DD6984E3DD7684E4DD8C84E5DD13
:109A90008E84E6DD3184E7DD6D84E8DDC184E9DDB7
:109AA000CD84EADDD084EBDDE684ECDDBD84EDDD44
:109AB000D384EEDDCA84EFDDBF84F0DDBA84F1DD4E
:109AC000E084F2DDA184F3DDB984F4DDB484F5DD56
:109AD0009784F6DDE584F7DDE384F8DD0C85F9DDB8
:109AE0000D75FADD3885FBDDF084FCDD3985FDDDA3
:109AF0001F85FEDD3A8540DE458F41DE468F42DE22
:109B0000478F43DE488F44DE498F45DE4A8F46DE6D
:109B10004B8F47DE4C8F48DE4D8F49DE4E8F4ADE3D
:109B20004F8F4BDE508F4CDE518F4DDE528F4EDE0D
:109B3000538F4FDE548F50DE558F51DE568F52DEDD
:109B4000578F53DE588F54DE598F55DE5A8F56DEAD
:109B50005B8F57DE5C8F58DE5D8F59DE5E8F5ADE7D
:109B60005F8F5BDE608F5CDE618F5DDE628F5EDE4D
:109B7000638F5FDE648F60DE658F61DE6A8F62DE19
:109B8000808F63DE8C8F64DE928F65DE9D8F66DE54
:109B9000A08F67DEA18F68DEA28F69DEA48F6ADEE8
:109BA000A58F6BDEA68F6CDEA78F6DDEAA8F6EDEB3
:109BB000AC8F6FDEAD8F70DEAE8F71DEAF8F72DE79
:109BC000B28F73DEB38F74DEB48F75DEB58F76DE41
:109BD000B78F77DEB88F78DEBA8F79DEBB8F7ADE0B
:109BE000BC8F7BDEBF8F7CDEC08F7DDEC38F7EDED1
:109BF000C68F80DEC98F81DECA8F82DECB8F83DE87
:109C0000CC8F84DECD8F85DECF8F86DED28F87DE50
:109C1000D68F88DED78F89DEDA8F8ADEE08F8BDE03
:109C2000E18F8CDEE38F8DDEE78F8EDEEC8F8FDEB3
:109C3000EF8F90DEF18F91DEF28F92DEF48F93DE64
:109C4000F58F94DEF68F95DEFA8F96DEFB8F97DE2A
:109C5000FC8F98DEFE8F99DEFF8F9ADE07909BDEE9
:109C600008909CDE0C909DDE0E909EDE13909FDE91
:109C70001590A0DE1890A1DE5685A2DE3B85A3DEFE
:109C8000FF84A4DEFC84A5DE5985A6DE4885A7DE18
:109C90006885A8DE6485A9DE5E85AADE7A85ABDEEE
:109CA000A277ACDE4385ADDE7285AEDE7B85AFDEAE
:109CB000A485B0DEA885B1DE8785B2DE8F85B3DEF0
:109CC0007985B4DEAE85B5DE9C85B6DE8585B7DEEA
:109CD000B985B8DEB785B9DEB085BADED385BBDE1F
:109CE000C185BCDEDC85BDDEFF85BEDE2786BFDE2E
:109CF0000586C0DE2986C1DE1686C2DE3C86C3DE4E
:109D0000FE5EC4DE085FC5DE3C59C6DE4159C7DED3
:109D10003780C8DE5559C9DE5A59CADE5859CBDEDC
:109D20000F53CCDE225CCDDE255CCEDE2C5CCFDE9C
:109D3000345CD0DE4C62D1DE6A62D2DE9F62D3DE5A
:109D4000BB62D4DECA62D5DEDA62D6DED762D7DE87
:109D5000EE62D8DE2263D9DEF662DADE3963DBDE5C
:109D60004B63DCDE4363DDDEAD63DEDEF663DFDE48
:109D70007163E0DE7A63E1DE8E63E2DEB463E3DE2C
:109D80006D63E4DEAC63E5DE8A63E6DE6963E7DE2D
:109D9000AE63E8DEBC63E9DEF263EADEF863EBDEC5
:109DA000E063ECDEFF63EDDEC463EEDEDE63EFDE78
:109DB000CE63F0DE5264F1DEC663F2DEBE63F3DE34
:109DC0004564F4DE4164F5DE0B64F6DE1B64F7DE09
:109DD0002064F8DE0C64F9DE2664FADE2164FBDE22
:109DE0005E64FCDE8464FDDE6D64FEDE966440DF4E
:109DF000199041DF1C9042DF239043DF249044DF21
:109E0000259045DF279046DF289047DF299048DFDF
:109E10002A9049DF2B904ADF2C904BDF30904CDFAB
:109E200031904DDF32904EDF33904FDF349050DF72
:109E3000379051DF399052DF3A9053DF3D9054DF35
:109E40003F9055DF409056DF439057DF459058DFF5
:109E5000469059DF48905ADF49905BDF4A905CDFBB
:109E60004B905DDF4C905EDF4E905FDF549060DF83
:109E7000559061DF569062DF599063DF5A9064DF3E
:109E80005C9065DF5D9066DF5E9067DF5F9068DF06
:109E9000609069DF61906ADF64906BDF66906CDFD1
:109EA00067906DDF69906EDF6A906FDF6B9070DF97
:109EB0006C9071DF6F9072DF709073DF719074DF60
:109EC000729075DF739076DF769077DF779078DF2A
:109ED000789079DF79907ADF7A907BDF7B907CDFF6
:109EE0007C907DDF7E907EDF819080DF849081DFBB
:109EF000859082DF869083DF879084DF899085DF7D
:109F00008A9086DF8C9087DF8D9088DF8E9089DF46
:109F10008F908ADF90908BDF92908CDF94908DDF12
:109F200096908EDF98908FDF9A9090DF9C9091DFD3
:109F30009E9092DF9F9093DFA09094DFA49095DF96
:109F4000A59096DFA79097DFA89098DFA99099DF5A
:109F5000AB909ADFAD909BDFB2909CDFB7909DDF16
:109F6000BC909EDFBD909FDFBF90A0DFC090A1DFBF
:109F70007A64A2DFB764A3DFB864A4DF9964A5DFC5
:109F8000BA64A6DFC064A7DFD064A8DFD764A9DF06
:109F9000E464AADFE264ABDF0965ACDF2565ADDF11
:109FA0002E65AEDF0B5FAFDFD25FB0DF1975B1DFBB
:109FB000115FB2DF5F53B3DFF153B4DFFD53B5DFA1
:109FC000E953B6DFE853B7DFFB53B8DF1254B9DF0C
:109FD0001654BADF0654BBDF4B54BCDF5254BDDF0E
:109FE0005354BEDF5454BFDF5654C0DF4354C1DF67
:109FF0002154C2DF5754C3DF5954C4DF2354C5DF93
:10A000003254C6DF8254C7DF9454C8DF7754C9DFA7
:10A010007154CADF6454CBDF9A54CCDF9B54CDDF3C
:10A020008454CEDF7654CFDF6654D0DF9D54D1DF29
:10A03000D054D2DFAD54D3DFC254D4DFB454D5DF13
:10A04000D254D6DFA754D7DFA654D8DFD354D9DFF4
:10A05000D454DADF7254DBDFA354DCDFD554DDDF08
:10A06000BB54DEDFBF54DFDFCC54E0DFD954E1DF87
:10A07000DA54E2DFDC54E3DFA954E4DFAA54E5DF7D
:10A08000A454E6DFDD54E7DFCF54E8DFDE54E9DF38
:10A090001B55EADFE754EBDF2055ECDFFD54EDDF25
:10A0A0001455EEDFF354EFDF2255F0DF2355F1DFD7
:10A0B0000F55F2DF1155F3DF2755F4DF2A55F5DF91
:10A0C0006755F6DF8F55F7DFB555F8DF4955F9DFEE
:10A0D0006D55FADF4155FBDF5555FCDF3F55FDDF80
:10A0E0005055FEDF3C5540E0C29041E0C39042E055
:10A0F000C69043E0C89044E0C99045E0CB9046E06C
:10A10000CC9047E0CD9048E0D29049E0D4904AE02E
:10A11000D5904BE0D6904CE0D8904DE0D9904EE0F1
:10A12000DA904FE0DE9050E0DF9051E0E09052E0B6
:10A13000E39053E0E49054E0E59055E0E99056E078
:10A14000EA9057E0EC9058E0EE9059E0F0905AE039
:10A15000F1905BE0F2905CE0F3905DE0F5905EE002
:10A16000F6905FE0F79060E0F99061E0FA9062E0CD
:10A17000FB9063E0FC9064E0FF9065E0009166E096
:10A18000019167E0039168E0059169E006916AE05A
:10A1900007916BE008916CE009916DE00A916EE027
:10A1A0000B916FE00C9170E00D9171E00E9172E0F7
:10A1B0000F9173E0109174E0119175E0129176E0C7
:10A1C000139177E0149178E0159179E016917AE097
:10A1D00017917BE018917CE01A917DE01B917EE065
:10A1E0001C9180E01D9181E01F9182E0209183E02D
:10A1F000219184E0249185E0259186E0269187E0F5
:10A20000279188E0289189E029918AE02A918BE0C2
:10A210002B918CE02C918DE02D918EE02E918FE092
:10A22000309190E0329191E0339192E0349193E05B
:10A23000359194E0369195E0379196E0389197E02A
:10A240003A9198E03B9199E03C919AE03D919BE0F6
:10A250003E919CE03F919DE040919EE041919FE0C6
:10A260004291A0E04491A1E03755A2E05655A3E009
:10A270007555A4E07655A5E07755A6E03355A7E0DF
:10A280003055A8E05C55A9E08B55AAE0D255ABE06B
:10A290008355ACE0B155ADE0B955AEE08855AFE0BF
:10A2A0008155B0E09F55B1E07E55B2E0D655B3E0A0
:10A2B0009155B4E07B55B5E0DF55B6E0BD55B7E04C
:10A2C000BE55B8E09455B9E09955BAE0EA55BBE0FF
:10A2D000F755BCE0C955BDE01F56BEE0D155BFE003
:10A2E000EB55C0E0EC55C1E0D455C2E0E655C3E003
:10A2F000DD55C4E0C455C5E0EF55C6E0E555C7E0FF
:10A30000F255C8E0F355C9E0CC55CAE0CD55CBE0D5
:10A31000E855CCE0F555CDE0E455CEE0948FCFE0A4
:10A320001E56D0E00856D1E00C56D2E00156D3E0DC
:10A330002456D4E02356D5E0FE55D6E00056D7E0AB
:10A340002756D8E02D56D9E05856DAE03956DBE0EA
:10A350005756DCE02C56DDE04D56DEE06256DFE07D
:10A360005956E0E05C56E1E04C56E2E05456E3E03A
:10A370008656E4E06456E5E07156E6E06B56E7E0A9
:10A380007B56E8E07C56E9E08556EAE09356EBE040
:10A39000AF56ECE0D456EDE0D756EEE0DD56EFE0F8
:10A3A000E156F0E0F556F1E0EB56F2E0F956F3E055
:10A3B000FF56F4E00457F5E00A57F6E00957F7E0D6
:10A3C0001C57F8E00F5EF9E0195EFAE0145EFBE05E
:10A3D000115EFCE0315EFDE03B5EFEE03C5E40E194
:10A3E000459141E1479142E1489143E1519144E176
:10A3F000539145E1549146E1559147E1569148E129
:10A40000589149E159914AE15B914BE15C914CE1F2
:10A410005F914DE160914EE166914FE1679150E1AE
:10A42000689151E16B9152E16D9153E1739154E167
:10A430007A9155E17B9156E17C9157E1809158E109
:10A44000819159E182915AE183915BE184915CE1D0
:10A4500086915DE188915EE18A915FE18E9160E194
:10A460008F9161E1939162E1949163E1959164E14F
:10A47000969165E1979166E1989167E1999168E11C
:10A480009C9169E19D916AE19E916BE19F916CE1E4
:10A49000A0916DE1A1916EE1A4916FE1A59170E1B0
:10A4A000A69171E1A79172E1A89173E1A99174E17C
:10A4B000AB9175E1AC9176E1B09177E1B19178E142
:10A4C000B29179E1B3917AE1B6917BE1B7917CE108
:10A4D000B8917DE1B9917EE1BB9180E1BC9181E1D0
:10A4E000BD9182E1BE9183E1BF9184E1C09185E19C
:10A4F000C19186E1C29187E1C39188E1C49189E16C
:10A50000C5918AE1C6918BE1C8918CE1CB918DE137
:10A51000D0918EE1D2918FE1D39190E1D49191E1EC
:10A52000D59192E1D69193E1D79194E1D89195E1BB
:10A53000D99196E1DA9197E1DB9198E1DD9199E18A
:10A54000DE919AE1DF919BE1E0919CE1E1919DE157
:10A55000E2919EE1E3919FE1E491A0E1E591A1E127
:10A56000375EA2E1445EA3E1545EA4E15B5EA5E137
:10A570005E5EA6E1615EA7E18C5CA8E17A5CA9E180
:10A580008D5CAAE1905CABE1965CACE1885CADE1EE
:10A59000985CAEE1995CAFE1915CB0E19A5CB1E1AD
:10A5A0009C5CB2E1B55CB3E1A25CB4E1BD5CB5E139
:10A5B000AC5CB6E1AB5CB7E1B15CB8E1A35CB9E11E
:10A5C000C15CBAE1B75CBBE1C45CBCE1D25CBDE19B
:10A5D000E45CBEE1CB5CBFE1E55CC0E1025DC1E1F2
:10A5E000035DC2E1275DC3E1265DC4E12E5DC5E1E7
:10A5F000245DC6E11E5DC7E1065DC8E11B5DC9E1E2
:10A60000585DCAE13E5DCBE1345DCCE13D5DCDE11D
:10A610006C5DCEE15B5DCFE16F5DD0E15D5DD1E171
:10A620006B5DD2E14B5DD3E14A5DD4E1695DD5E17B
:10A63000745DD6E1825DD7E1995DD8E19D5DD9E198
:10A64000738CDAE1B75DDBE1C55DDCE1735FDDE111
:10A65000775FDEE1825FDFE1875FE0E1895FE1E173
:10A660008C5FE2E1955FE3E1995FE4E19C5FE5E106
:10A67000A85FE6E1AD5FE7E1B55FE8E1BC5FE9E176
:10A680006288EAE1615FEBE1AD72ECE1B072EDE1AD
:10A69000B472EEE1B772EFE1B872F0E1C372F1E1CA
:10A6A000C172F2E1CE72F3E1CD72F4E1D272F5E162
:10A6B000E872F6E1EF72F7E1E972F8E1F272F9E1BE
:10A6C000F472FAE1F772FBE10173FCE1F372FDE170
:10A6D0000373FEE1FA7240E2E69141E2E79142E261
:10A6E000E89143E2E99144E2EA9145E2EB9146E2E6
:10A6F000EC9147E2ED9148E2EE9149E2EF914AE2B6
:10A70000F0914BE2F1914CE2F2914DE2F3914EE285
:10A71000F4914FE2F59150E2F69151E2F79152E255
:10A72000F89153E2F99154E2FA9155E2FB9156E225
:10A73000FC9157E2FD9158E2FE9159E2FF915AE2F5
:10A7400000925BE201925CE202925DE203925EE2C1
:10A7500004925FE2059260E2069261E2079262E291
:10A76000089263E2099264E20A9265E20B9266E261
:10A770000C9267E20D9268E20E9269E20F926AE231
:10A7800010926BE211926CE212926DE213926EE201
:10A7900014926FE2159270E2169271E2179272E2D1
:10A7A000189273E2199274E21A9275E21B9276E2A1
:10A7B0001C9277E21D9278E21E9279E21F927AE271
:10A7C00020927BE221927CE222927DE223927EE241
:10A7D000249280E2259281E2269282E2279283E20D
:10A7E000289284E2299285E22A9286E22B9287E2DD
:10A7F0002C9288E22D9289E22E928AE22F928BE2AD
:10A8000030928CE231928DE232928EE233928FE27C
:10A81000349290E2359291E2369292E2379293E24C
:10A82000389294E2399295E23A9296E23B9297E21C
:10A830003C9298E23D9299E23E929AE23F929BE2EC
:10A8400040929CE241929DE242929EE243929FE2BC
:10A850004492A0E24592A1E2FB72A2E21773A3E246
:10A860001373A4E22173A5E20A73A6E21E73A7E2A2
:10A870001D73A8E21573A9E22273AAE23973ABE251
:10A880002573ACE22C73ADE23873AEE23173AFE204
:10A890005073B0E24D73B1E25773B2E26073B3E24A
:10A8A0006C73B4E26F73B5E27E73B6E21B82B7E2FB
:10A8B0002559B8E2E798B9E22459BAE20259BBE255
:10A8C0006399BCE26799BDE26899BEE26999BFE20B
:10A8D0006A99C0E26B99C1E26C99C2E27499C3E2D1
:10A8E0007799C4E27D99C5E28099C6E28499C7E26E
:10A8F0008799C8E28A99C9E28D99CAE29099CBE218
:10A900009199CCE29399CDE29499CEE29599CFE2D8
:10A91000805ED0E2915ED1E28B5ED2E2965ED3E2BF
:10A92000A55ED4E2A05ED5E2B95ED6E2B55ED7E21E
:10A93000BE5ED8E2B35ED9E2538DDAE2D25EDBE2EC
:10A94000D15EDCE2DB5EDDE2E85EDEE2EA5EDFE213
:10A95000BA81E0E2C45FE1E2C95FE2E2D65FE3E22E
:10A96000CF5FE4E20360E5E2EE5FE6E20460E7E287
:10A97000E15FE8E2E45FE9E2FE5FEAE20560EBE264
:10A980000660ECE2EA5FEDE2ED5FEEE2F85FEFE237
:10A990001960F0E23560F1E22660F2E21B60F3E25A
:10A9A0000F60F4E20D60F5E22960F6E22B60F7E259
:10A9B0000A60F8E23F60F9E22160FAE27860FBE2C7
:10A9C0007960FCE27B60FDE27A60FEE2426040E397
:10A9D000469241E3479242E3489243E3499244E37B
:10A9E0004A9245E34B9246E34C9247E34D9248E34B
:10A9F0004E9249E34F924AE350924BE351924CE31B
:10AA000052924DE353924EE354924FE3559250E3EA
:10AA1000569251E3579252E3589253E3599254E3BA
:10AA20005A9255E35B9256E35C9257E35D9258E38A
:10AA30005E9259E35F925AE360925BE361925CE35A
:10AA400062925DE363925EE364925FE3659260E32A
:10AA5000669261E3679262E3689263E3699264E3FA
:10AA60006A9265E36B9266E36C9267E36D9268E3CA
:10AA70006E9269E36F926AE370926BE371926CE39A
:10AA800072926DE373926EE375926FE3769270E368
:10AA9000779271E3789272E3799273E37A9274E336
:10AAA0007B9275E37C9276E37D9277E37E9278E306
:10AAB0007F9279E380927AE381927BE382927CE3D6
:10AAC00083927DE384927EE3859280E3869281E3A4
:10AAD000879282E3889283E3899284E38A9285E372
:10AAE0008B9286E38C9287E38D9288E38F9289E341
:10AAF00090928AE391928BE392928CE393928DE30E
:10AB000094928EE395928FE3969290E3979291E3DD
:10AB1000989292E3999293E39A9294E39B9295E3AD
:10AB20009C9296E39D9297E39E9298E39F9299E37D
:10AB3000A0929AE3A1929BE3A2929CE3A3929DE34D
:10AB4000A4929EE3A5929FE3A692A0E3A792A1E31D
:10AB50006A60A2E37D60A3E39660A4E39A60A5E344
:10AB6000AD60A6E39D60A7E38360A8E39260A9E3DC
:10AB70008C60AAE39B60ABE3EC60ACE3BB60ADE34D
:10AB8000B160AEE3DD60AFE3D860B0E3C660B1E3CF
:10AB9000DA60B2E3B460B3E32061B4E32661B5E305
:10ABA0001561B6E32361B7E3F460B8E30061B9E38C
:10ABB0000E61BAE32B61BBE34A61BCE37561BDE39F
:10ABC000AC61BEE39461BFE3A761C0E3B761C1E3D9
:10ABD000D461C2E3F561C3E3DD5FC4E3B396C5E3CB
:10ABE000E995C6E3EB95C7E3F195C8E3F395C9E3AF
:10ABF000F595CAE3F695CBE3FC95CCE3FE95CDE362
:10AC00000396CEE30496CFE30696D0E30896D1E30D
:10AC10000A96D2E30B96D3E30C96D4E30D96D5E3D4
:10AC20000F96D6E31296D7E31596D8E31696D9E396
:10AC30001796DAE31996DBE31A96DCE32C4EDDE394
:10AC40003F72DEE31562DFE3356CE0E3546CE1E371
:10AC50005C6CE2E34A6CE3E3A36CE4E3856CE5E35C
:10AC6000906CE6E3946CE7E38C6CE8E3686CE9E3F2
:10AC7000696CEAE3746CEBE3766CECE3866CEDE311
:10AC8000A96CEEE3D06CEFE3D46CF0E3AD6CF1E3D0
:10AC9000F76CF2E3F86CF3E3F16CF4E3D76CF5E3F3
:10ACA000B26CF6E3E06CF7E3D66CF8E3FA6CF9E328
:10ACB000EB6CFAE3EE6CFBE3B16CFCE3D36CFDE30D
:10ACC000EF6CFEE3FE6C40E4A89241E4A99242E4FA
:10ACD000AA9243E4AB9244E4AC9245E4AD9246E4DC
:10ACE000AF9247E4B09248E4B19249E4B2924AE4A8
:10ACF000B3924BE4B4924CE4B5924DE4B6924EE478
:10AD0000B7924FE4B89250E4B99251E4BA9252E447
:10AD1000BB9253E4BC9254E4BD9255E4BE9256E417
:10AD2000BF9257E4C09258E4C19259E4C2925AE4E7
:10AD3000C3925BE4C4925CE4C5925DE4C6925EE4B7
:10AD4000C7925FE4C99260E4CA9261E4CB9262E484
:10AD5000CC9263E4CD9264E4CE9265E4CF9266E453
:10AD6000D09267E4D19268E4D29269E4D3926AE423
:10AD7000D4926BE4D5926CE4D6926DE4D7926EE4F3
:10AD8000D8926FE4D99270E4DA9271E4DB9272E4C3
:10AD9000DC9273E4DD9274E4DE9275E4DF9276E493
:10ADA000E09277E4E19278E4E29279E4E3927AE463
:10ADB000E4927BE4E5927CE4E6927DE4E7927EE433
:10ADC000E89280E4E99281E4EA9282E4EB9283E4FF
:10ADD000EC9284E4ED9285E4EE9286E4EF9287E4CF
:10ADE000F09288E4F19289E4F2928AE4F3928BE49F
:10ADF000F4928CE4F5928DE4F6928EE4F7928FE46F
:10AE0000F89290E4F99291E4FA9292E4FB9293E43E
:10AE1000FC9294E4FD9295E4FE9296E4FF9297E40E
:10AE2000009398E4019399E402939AE403939BE4DA
:10AE300004939CE405939DE406939EE407939FE4AA
:10AE40000893A0E40993A1E4396DA2E4276DA3E47B
:10AE50000C6DA4E4436DA5E4486DA6E4076DA7E47A
:10AE6000046DA8E4196DA9E40E6DAAE42B6DABE4A2
:10AE70004D6DACE42E6DADE4356DAEE41A6DAFE40E
:10AE80004F6DB0E4526DB1E4546DB2E4336DB3E490
:10AE9000916DB4E46F6DB5E49E6DB6E4A06DB7E45A
:10AEA0005E6DB8E4936DB9E4946DBAE45C6DBBE497
:10AEB000606DBCE47C6DBDE4636DBEE41A6EBFE4FE
:10AEC000C76DC0E4C56DC1E4DE6DC2E40E6EC3E4BF
:10AED000BF6DC4E4E06DC5E4116EC6E4E66DC7E481
:10AEE000DD6DC8E4D96DC9E4166ECAE4AB6DCBE480
:10AEF0000C6ECCE4AE6DCDE42B6ECEE46E6ECFE482
:10AF00004E6ED0E46B6ED1E4B26ED2E45F6ED3E4E9
:10AF1000866ED4E4536ED5E4546ED6E4326ED7E434
:10AF2000256ED8E4446ED9E4DF6EDAE4B16EDBE47A
:10AF3000986EDCE4E06EDDE42D6FDEE4E26EDFE4CB
:10AF4000A56EE0E4A76EE1E4BD6EE2E4BB6EE3E46F
:10AF5000B76EE4E4D76EE5E4B46EE6E4CF6EE7E402
:10AF60008F6EE8E4C26EE9E49F6EEAE4626FEBE4A0
:10AF7000466FECE4476FEDE4246FEEE4156FEFE409
:10AF8000F96EF0E42F6FF1E4366FF2E44B6FF3E407
:10AF9000746FF4E42A6FF5E4096FF6E4296FF7E4BF
:10AFA000896FF8E48D6FF9E48C6FFAE4786FFBE455
:10AFB000726FFCE47C6FFDE47A6FFEE4D16F40E5D4
:10AFC0000A9341E50B9342E50C9343E50D9344E569
:10AFD0000E9345E50F9346E5109347E5119348E539
:10AFE000129349E513934AE514934BE515934CE509
:10AFF00016934DE517934EE518934FE5199350E5D9
:10B000001A9351E51B9352E51C9353E51D9354E5A8
:10B010001E9355E51F9356E5209357E5219358E578
:10B02000229359E523935AE524935BE525935CE548
:10B0300026935DE527935EE528935FE5299360E518
:10B040002A9361E52B9362E52C9363E52D9364E5E8
:10B050002E9365E52F9366E5309367E5319368E5B8
:10B06000329369E533936AE534936BE535936CE588
:10B0700036936DE537936EE538936FE5399370E558
:10B080003A9371E53B9372E53C9373E53D9374E528
:10B090003F9375E5409376E5419377E5429378E5F4
:10B0A000439379E544937AE545937BE546937CE5C4
:10B0B00047937DE548937EE5499380E54A9381E592
:10B0C0004B9382E54C9383E54D9384E54E9385E560
:10B0D0004F9386E5509387E5519388E5529389E530
:10B0E00053938AE554938BE555938CE556938DE500
:10B0F00057938EE558938FE5599390E55A9391E5D0
:10B100005B9392E55C9393E55D9394E55E9395E59F
:10B110005F9396E5609397E5619398E5629399E56F
:10B1200063939AE564939BE565939CE566939DE53F
:10B1300067939EE568939FE56993A0E56B93A1E50E
:10B14000C96FA2E5A76FA3E5B96FA4E5B66FA5E542
:10B15000C26FA6E5E16FA7E5EE6FA8E5DE6FA9E592
:10B16000E06FAAE5EF6FABE51A70ACE52370ADE5D3
:10B170001B70AEE53970AFE53570B0E54F70B1E5E5
:10B180005E70B2E5805BB3E5845BB4E5955BB5E5E5
:10B19000935BB6E5A55BB7E5B85BB8E52F75B9E598
:10B1A0009E9ABAE53464BBE5E45BBCE5EE5BBDE5C5
:10B1B0003089BEE5F05BBFE5478EC0E5078BC1E592
:10B1C000B68FC2E5D38FC3E5D58FC4E5E58FC5E55E
:10B1D000EE8FC6E5E48FC7E5E98FC8E5E68FC9E5E0
:10B1E000F38FCAE5E88FCBE50590CCE50490CDE57B
:10B1F0000B90CEE52690CFE51190D0E50D90D1E5EE
:10B200001690D2E52190D3E53590D4E53690D5E57A
:10B210002D90D6E52F90D7E54490D8E55190D9E50B
:10B220005290DAE55090DBE56890DCE55890DDE57A
:10B230006290DEE55B90DFE5B966E0E57490E1E5FC
:10B240007D90E2E58290E3E58890E4E58390E5E592
:10B250008B90E6E5505FE7E5575FE8E5565FE9E587
:10B26000585FEAE53B5CEBE5AB54ECE5505CEDE5A3
:10B27000595CEEE5715BEFE5635CF0E5665CF1E57A
:10B28000BC7FF2E52A5FF3E5295FF4E52D5FF5E584
:10B290007482F6E53C5FF7E53B9BF8E56E5CF9E50B
:10B2A0008159FAE58359FBE58D59FCE5A959FDE57E
:10B2B000AA59FEE5A35940E66C9341E66D9342E638
:10B2C0006E9343E66F9344E6709345E6719346E6CA
:10B2D000729347E6739348E6749349E675934AE69A
:10B2E00076934BE677934CE678934DE679934EE66A
:10B2F0007A934FE67B9350E67C9351E67D9352E63A
:10B300007E9353E67F9354E6809355E6819356E609
:10B31000829357E6839358E6849359E685935AE6D9
:10B3200086935BE687935CE688935DE689935EE6A9
:10B330008A935FE68B9360E68C9361E68D9362E679
:10B340008E9363E6909364E6919365E6929366E646
:10B35000939367E6949368E6959369E696936AE615
:10B3600097936BE698936CE699936DE69A936EE6E5
:10B370009B936FE69C9370E69D9371E69E9372E6B5
:10B380009F9373E6A09374E6A19375E6A29376E685
:10B39000A39377E6A49378E6A59379E6A6937AE655
:10B3A000A7937BE6A8937CE6A9937DE6AA937EE625
:10B3B000AB9380E6AC9381E6AD9382E6AE9383E6F1
:10B3C000AF9384E6B09385E6B19386E6B29387E6C1
:10B3D000B39388E6B49389E6B5938AE6B6938BE691
:10B3E000B7938CE6B8938DE6B9938EE6BA938FE661
:10B3F000BB9390E6BC9391E6BD9392E6BE9393E631
:10B40000BF9394E6C09395E6C19396E6C29397E600
:10B41000C39398E6C49399E6C5939AE6C6939BE6D0
:10B42000C7939CE6C8939DE6C9939EE6CB939FE69F
:10B43000CC93A0E6CD93A1E69759A2E6CA59A3E61C
:10B44000AB59A4E69E59A5E6A459A6E6D259A7E6AB
:10B45000B259A8E6AF59A9E6D759AAE6BE59ABE654
:10B46000055AACE6065AADE6DD59AEE6085AAFE637
:10B47000E359B0E6D859B1E6F959B2E60C5AB3E649
:10B48000095AB4E6325AB5E6345AB6E6115AB7E666
:10B49000235AB8E6135AB9E6405ABAE6675ABBE6E9
:10B4A0004A5ABCE6555ABDE63C5ABEE6625ABFE669
:10B4B000755AC0E6EC80C1E6AA5AC2E69B5AC3E6BA
:10B4C000775AC4E67A5AC5E6BE5AC6E6EB5AC7E6CC
:10B4D000B25AC8E6D25AC9E6D45ACAE6B85ACBE636
:10B4E000E05ACCE6E35ACDE6F15ACEE6D65ACFE69C
:10B4F000E65AD0E6D85AD1E6DC5AD2E6095BD3E662
:10B50000175BD4E6165BD5E6325BD6E6375BD7E64B
:10B51000405BD8E6155CD9E61C5CDAE65A5BDBE6F4
:10B52000655BDCE6735BDDE6515BDEE6535BDFE625
:10B53000625BE0E6759AE1E6779AE2E6789AE3E6FE
:10B540007A9AE4E67F9AE5E67D9AE6E6809AE7E66F
:10B55000819AE8E6859AE9E6889AEAE68A9AEBE62D
:10B56000909AECE6929AEDE6939AEEE6969AEFE6DA
:10B57000989AF0E69B9AF1E69C9AF2E69D9AF3E699
:10B580009F9AF4E6A09AF5E6A29AF6E6A39AF7E661
:10B59000A59AF8E6A79AF9E69F7EFAE6A17EFBE671
:10B5A000A37EFCE6A57EFDE6A87EFEE6A97E40E73A
:10B5B000CE9341E7CF9342E7D09343E7D19344E75B
:10B5C000D29345E7D39346E7D49347E7D59348E72B
:10B5D000D79349E7D8934AE7D9934BE7DA934CE7F7
:10B5E000DB934DE7DC934EE7DD934FE7DE9350E7C7
:10B5F000DF9351E7E09352E7E19353E7E29354E797
:10B60000E39355E7E49356E7E59357E7E69358E766
:10B61000E79359E7E8935AE7E9935BE7EA935CE736
:10B62000EB935DE7EC935EE7ED935FE7EE9360E706
:10B63000EF9361E7F09362E7F19363E7F29364E7D6
:10B64000F39365E7F49366E7F59367E7F69368E7A6
:10B65000F79369E7F8936AE7F9936BE7FA936CE776
:10B66000FB936DE7FC936EE7FD936FE7FE9370E746
:10B67000FF9371E7009472E7019473E7029474E713
:10B68000039475E7049476E7059477E7069478E7E2
:10B69000079479E708947AE709947BE70A947CE7B2
:10B6A0000B947DE70C947EE70D9480E70E9481E780
:10B6B0000F9482E7109483E7119484E7129485E74E
:10B6C000139486E7149487E7159488E7169489E71E
:10B6D00017948AE718948BE719948CE71A948DE7EE
:10B6E0001B948EE71C948FE71D9490E71E9491E7BE
:10B6F0001F9492E7209493E7219494E7229495E78E
:10B70000239496E7249497E7259498E7269499E75D
:10B7100027949AE728949BE729949CE72A949DE72D
:10B720002B949EE72C949FE72D94A0E72E94A1E7FD
:10B73000AD7EA2E7B07EA3E7BE7EA4E7C07EA5E70C
:10B74000C17EA6E7C27EA7E7C97EA8E7CB7EA9E7B0
:10B75000CC7EAAE7D07EABE7D47EACE7D77EADE760
:10B76000DB7EAEE7E07EAFE7E17EB0E7E87EB1E703
:10B77000EB7EB2E7EE7EB3E7EF7EB4E7F17EB5E7AE
:10B78000F27EB6E70D7FB7E7F67EB8E7FA7EB9E757
:10B79000FB7EBAE7FE7EBBE7017FBCE7027FBDE729
:10B7A000037FBEE7077FBFE7087FC0E70B7FC1E7E6
:10B7B0000C7FC2E70F7FC3E7117FC4E7127FC5E7A5
:10B7C000177FC6E7197FC7E71C7FC8E71B7FC9E75C
:10B7D0001F7FCAE7217FCBE7227FCCE7237FCDE71E
:10B7E000247FCEE7257FCFE7267FD0E7277FD1E7ED
:10B7F0002A7FD2E72B7FD3E72C7FD4E72D7FD5E7B5
:10B800002F7FD6E7307FD7E7317FD8E7327FD9E780
:10B81000337FDAE7357FDBE77A5EDCE77F75DDE7EC
:10B82000DB5DDEE73E75DFE79590E0E78E73E1E7ED
:10B830009173E2E7AE73E3E7A273E4E79F73E5E792
:10B84000CF73E6E7C273E7E7D173E8E7B773E9E7D9
:10B85000B373EAE7C073EBE7C973ECE7C873EDE7CE
:10B86000E573EEE7D973EFE77C98F0E70A74F1E748
:10B87000E973F2E7E773F3E7DE73F4E7BA73F5E72A
:10B88000F273F6E70F74F7E72A74F8E75B74F9E7E9
:10B890002674FAE72574FBE72874FCE73074FDE7AB
:10B8A0002E74FEE72C7440E82F9441E8309442E86F
:10B8B000319443E8329444E8339445E8349446E8BC
:10B8C000359447E8369448E8379449E838944AE88C
:10B8D00039944BE83A944CE83B944DE83C944EE85C
:10B8E0003D944FE83F9450E8409451E8419452E829
:10B8F000429453E8439454E8449455E8459456E8F8
:10B90000469457E8479458E8489459E849945AE8C7
:10B910004A945BE84B945CE84C945DE84D945EE897
:10B920004E945FE84F9460E8509461E8519462E867
:10B93000529463E8539464E8549465E8559466E837
:10B94000569467E8579468E8589469E859946AE807
:10B950005A946BE85B946CE85C946DE85D946EE8D7
:10B960005E946FE85F9470E8609471E8619472E8A7
:10B97000629473E8639474E8649475E8659476E877
:10B98000669477E8679478E8689479E869947AE847
:10B990006A947BE86C947CE86D947DE86E947EE814
:10B9A0006F9480E8709481E8719482E8729483E8DF
:10B9B000739484E8749485E8759486E8769487E8AF
:10B9C000779488E8789489E879948AE87A948BE87F
:10B9D0007B948CE87C948DE87D948EE87E948FE84F
:10B9E0007F9490E8809491E8819492E8829493E81F
:10B9F000839494E8849495E8919496E8969497E8D3
:10BA0000989498E8C79499E8CF949AE8D3949BE8DF
:10BA1000D4949CE8DA949DE8E6949EE8FB949FE831
:10BA20001C95A0E82095A1E81B74A2E81A74A3E86D
:10BA30004174A4E85C74A5E85774A6E85574A7E8B7
:10BA40005974A8E87774A9E86D74AAE87E74ABE825
:10BA50009C74ACE88E74ADE88074AEE88174AFE895
:10BA60008774B0E88B74B1E89E74B2E8A874B3E848
:10BA7000A974B4E89074B5E8A774B6E8D274B7E8CE
:10BA8000BA74B8E8EA97B9E8EB97BAE8EC97BBE87C
:10BA90004C67BCE85367BDE85E67BEE84867BFE82F
:10BAA0006967C0E8A567C1E88767C2E86A67C3E855
:10BAB0007367C4E89867C5E8A767C6E87567C7E80D
:10BAC000A867C8E89E67C9E8AD67CAE88B67CBE896
:10BAD0007767CCE87C67CDE8F067CEE80968CFE807
:10BAE000D867D0E80A68D1E8E967D2E8B067D3E858
:10BAF0000C68D4E8D967D5E8B567D6E8DA67D7E83F
:10BB0000B367D8E8DD67D9E80068DAE8C367DBE83F
:10BB1000B867DCE8E267DDE80E68DEE8C167DFE809
:10BB2000FD67E0E83268E1E83368E2E86068E3E88E
:10BB30006168E4E84E68E5E86268E6E84468E7E8DA
:10BB40006468E8E88368E9E81D68EAE85568EBE8B6
:10BB50006668ECE84168EDE86768EEE84068EFE8A1
:10BB60003E68F0E84A68F1E84968F2E82968F3E8D5
:10BB7000B568F4E88F68F5E87468F6E87768F7E880
:10BB80009368F8E86B68F9E8C268FAE86E69FBE860
:10BB9000FC68FCE81F69FDE82069FEE8F96840E9F7
:10BBA000279541E9339542E93D9543E9439544E9B9
:10BBB000489545E94B9546E9559547E95A9548E931
:10BBC000609549E96E954AE974954BE975954CE99C
:10BBD00077954DE978954EE979954FE97A9550E951
:10BBE0007B9551E97C9552E97D9553E97E9554E921
:10BBF000809555E9819556E9829557E9839558E9ED
:10BC0000849559E985955AE986955BE987955CE9BC
:10BC100088955DE989955EE98A955FE98B9560E98C
:10BC20008C9561E98D9562E98E9563E98F9564E95C
:10BC3000909565E9919566E9929567E9939568E92C
:10BC4000949569E995956AE996956BE997956CE9FC
:10BC500098956DE999956EE99A956FE99B9570E9CC
:10BC60009C9571E99D9572E99E9573E99F9574E99C
:10BC7000A09575E9A19576E9A29577E9A39578E96C
:10BC8000A49579E9A5957AE9A6957BE9A7957CE93C
:10BC9000A8957DE9A9957EE9AA9580E9AB9581E90A
:10BCA000AC9582E9AD9583E9AE9584E9AF9585E9D8
:10BCB000B09586E9B19587E9B29588E9B39589E9A8
:10BCC000B4958AE9B5958BE9B6958CE9B7958DE978
:10BCD000B8958EE9B9958FE9BA9590E9BB9591E948
:10BCE000BC9592E9BD9593E9BE9594E9BF9595E918
:10BCF000C09596E9C19597E9C29598E9C39599E9E8
:10BD0000C4959AE9C5959BE9C6959CE9C7959DE9B7
:10BD1000C8959EE9C9959FE9CA95A0E9CB95A1E987
:10BD20002469A2E9F068A3E90B69A4E90169A5E91E
:10BD30005769A6E9E368A7E91069A8E97169A9E963
:10BD40003969AAE96069ABE94269ACE95D69ADE9C5
:10BD50008469AEE96B69AFE98069B0E99869B1E9D6
:10BD60007869B2E93469B3E9CC69B4E98769B5E9BE
:10BD70008869B6E9CE69B7E98969B8E96669B9E958
:10BD80006369BAE97969BBE99B69BCE9A769BDE95F
:10BD9000BB69BEE9AB69BFE9AD69C0E9D469C1E976
:10BDA000B169C2E9C169C3E9CA69C4E9DF69C5E922
:10BDB0009569C6E9E069C7E98D69C8E9FF69C9E91C
:10BDC0002F6ACAE9ED69CBE9176ACCE9186ACDE9AF
:10BDD000656ACEE9F269CFE9446AD0E93E6AD1E901
:10BDE000A06AD2E9506AD3E95B6AD4E9356AD5E939
:10BDF0008E6AD6E9796AD7E93D6AD8E9286AD9E92D
:10BE0000586ADAE97C6ADBE9916ADCE9906ADDE983
:10BE1000A96ADEE9976ADFE9AB6AE0E93773E1E92D
:10BE20005273E2E9816BE3E9826BE4E9876BE5E950
:10BE3000846BE6E9926BE7E9936BE8E98D6BE9E9DE
:10BE40009A6BEAE99B6BEBE9A16BECE9AA6BEDE974
:10BE50006B8FEEE96D8FEFE9718FF0E9728FF1E989
:10BE6000738FF2E9758FF3E9768FF4E9788FF5E94E
:10BE7000778FF6E9798FF7E97A8FF8E97C8FF9E91E
:10BE80007E8FFAE9818FFBE9828FFCE9848FFDE9DF
:10BE9000878FFEE98B8F40EACC9541EACD9542EA47
:10BEA000CE9543EACF9544EAD09545EAD19546EA46
:10BEB000D29547EAD39548EAD49549EAD5954AEA16
:10BEC000D6954BEAD7954CEAD8954DEAD9954EEAE6
:10BED000DA954FEADB9550EADC9551EADD9552EAB6
:10BEE000DE9553EADF9554EAE09555EAE19556EA86
:10BEF000E29557EAE39558EAE49559EAE5955AEA56
:10BF0000E6955BEAE7955CEAEC955DEAFF955EEA0B
:10BF100007965FEA139660EA189661EA1B9662EA52
:10BF20001E9663EA209664EA239665EA249666EAFA
:10BF3000259667EA269668EA279669EA28966AEAC5
:10BF400029966BEA2B966CEA2C966DEA2D966EEA92
:10BF50002F966FEA309670EA379671EA389672EA51
:10BF6000399673EA3A9674EA3E9675EA419676EA0D
:10BF7000439677EA4A9678EA4E9679EA4F967AEAB5
:10BF800051967BEA52967CEA53967DEA56967EEA73
:10BF9000579680EA589681EA599682EA5A9683EA39
:10BFA0005C9684EA5D9685EA5E9686EA609687EA04
:10BFB000639688EA659689EA66968AEA6B968BEAC2
:10BFC0006D968CEA6E968DEA6F968EEA70968FEA81
:10BFD000719690EA739691EA789692EA799693EA46
:10BFE0007A9694EA7B9695EA7C9696EA7D9697EA0D
:10BFF0007E9698EA7F9699EA80969AEA81969BEADD
:10C0000082969CEA83969DEA84969EEA87969FEAAA
:10C010008996A0EA8A96A1EA8D8FA2EA8E8FA3EA7A
:10C020008F8FA4EA988FA5EA9A8FA6EACE8EA7EA08
:10C030000B62A8EA1762A9EA1B62AAEA1F62ABEACE
:10C040002262ACEA2162ADEA2562AEEA2462AFEA7E
:10C050002C62B0EAE781B1EAEF74B2EAF474B3EAB1
:10C06000FF74B4EA0F75B5EA1175B6EA1375B7EA4D
:10C070003465B8EAEE65B9EAEF65BAEAF065BBEA9D
:10C080000A66BCEA1966BDEA7267BEEA0366BFEAE1
:10C090001566C0EA0066C1EA8570C2EAF766C3EABF
:10C0A0001D66C4EA3466C5EA3166C6EA3666C7EA82
:10C0B0003566C8EA0680C9EA5F66CAEA5466CBEA12
:10C0C0004166CCEA4F66CDEA5666CEEA6166CFEAB3
:10C0D0005766D0EA7766D1EA8466D2EA8C66D3EAFC
:10C0E000A766D4EA9D66D5EABE66D6EADB66D7EADD
:10C0F000DC66D8EAE666D9EAE966DAEA328DDBEA96
:10C10000338DDCEA368DDDEA3B8DDEEA3D8DDFEAFC
:10C11000408DE0EA458DE1EA468DE2EA488DE3EAAA
:10C12000498DE4EA478DE5EA4D8DE6EA558DE7EA6B
:10C13000598DE8EAC789E9EACA89EAEACB89EBEAD4
:10C14000CC89ECEACE89EDEACF89EEEAD089EFEA34
:10C15000D189F0EA6E72F1EA9F72F2EA5D72F3EA57
:10C160006672F4EA6F72F5EA7E72F6EA7F72F7EAB7
:10C170008472F8EA8B72F9EA8D72FAEA8F72FBEA3E
:10C180009272FCEA0863FDEA3263FEEAB06340EBB8
:10C190008C9641EB8E9642EB919643EB929644EB54
:10C1A000939645EB959646EB969647EB9A9648EB19
:10C1B0009B9649EB9D964AEB9E964BEB9F964CEBDC
:10C1C000A0964DEBA1964EEBA2964FEBA39650EBAB
:10C1D000A49651EBA59652EBA69653EBA89654EB7A
:10C1E000A99655EBAA9656EBAB9657EBAC9658EB47
:10C1F000AD9659EBAE965AEBAF965BEBB1965CEB16
:10C20000B2965DEBB4965EEBB5965FEBB79660EBDE
:10C21000B89661EBBA9662EBBB9663EBBF9664EBA4
:10C22000C29665EBC39666EBC89667EBCA9668EB59
:10C23000CB9669EBD0966AEBD1966BEBD3966CEB11
:10C24000D4966DEBD6966EEBD7966FEBD89670EBD7
:10C25000D99671EBDA9672EBDB9673EBDC9674EBA6
:10C26000DD9675EBDE9676EBDF9677EBE19678EB75
:10C27000E29679EBE3967AEBE4967BEBE5967CEB42
:10C28000E6967DEBE7967EEBEB9680EBEC9681EB0A
:10C29000ED9682EBEE9683EBF09684EBF19685EBD0
:10C2A000F29686EBF49687EBF59688EBF89689EB99
:10C2B000FA968AEBFB968BEBFC968CEBFD968DEB5E
:10C2C000FF968EEB02978FEB039790EB059791EB20
:10C2D0000A9792EB0B9793EB0C9794EB109795EBD7
:10C2E000119796EB129797EB149798EB159799EB9C
:10C2F00017979AEB18979BEB19979CEB1A979DEB66
:10C300001B979EEB1D979FEB1F97A0EB2097A1EB30
:10C310003F64A2EBD864A3EB0480A4EBEA6BA5EB2B
:10C32000F36BA6EBFD6BA7EBF56BA8EBF96BA9EB39
:10C33000056CAAEB076CABEB066CACEB0D6CADEBD4
:10C34000156CAEEB186CAFEB196CB0EB1A6CB1EB73
:10C35000216CB2EB296CB3EB246CB4EB2A6CB5EB1B
:10C36000326CB6EB3565B7EB5565B8EB6B65B9EB81
:10C370004D72BAEB5272BBEB5672BCEB3072BDEB36
:10C380006286BEEB1652BFEB9F80C0EB9C80C1EB78
:10C390009380C2EBBC80C3EB0A67C4EBBD80C5EBE6
:10C3A000B180C6EBAB80C7EBAD80C8EBB480C9EB06
:10C3B000B780CAEBE780CBEBE880CCEBE980CDEB34
:10C3C000EA80CEEBDB80CFEBC280D0EBC480D1EB38
:10C3D000D980D2EBCD80D3EBD780D4EB1067D5EBEF
:10C3E000DD80D6EBEB80D7EBF180D8EBF480D9EB96
:10C3F000ED80DAEB0D81DBEB0E81DCEBF280DDEB27
:10C40000FC80DEEB1567DFEB1281E0EB5A8CE1EB91
:10C410003681E2EB1E81E3EB2C81E4EB1881E5EB46
:10C420003281E6EB4881E7EB4C81E8EB5381E9EBA5
:10C430007481EAEB5981EBEB5A81ECEB7181EDEB06
:10C440006081EEEB6981EFEB7C81F0EB7D81F1EBBC
:10C450006D81F2EB6781F3EB4D58F4EBB55AF5EBD8
:10C460008881F6EB8281F7EB9181F8EBD56EF9EBE1
:10C47000A381FAEBAA81FBEBCC81FCEB2667FDEBF9
:10C48000CA81FEEBBB8140EC219741EC229742EC44
:10C49000239743EC249744EC259745EC269746ECEC
:10C4A000279747EC289748EC299749EC2B974AECBB
:10C4B0002C974BEC2E974CEC2F974DEC31974EEC84
:10C4C00033974FEC349750EC359751EC369752EC4C
:10C4D000379753EC3A9754EC3B9755EC3C9756EC16
:10C4E0003D9757EC3F9758EC409759EC41975AECE1
:10C4F00042975BEC43975CEC44975DEC45975EECB0
:10C5000046975FEC479760EC489761EC499762EC7F
:10C510004A9763EC4B9764EC4C9765EC4D9766EC4F
:10C520004E9767EC4F9768EC509769EC51976AEC1F
:10C5300054976BEC55976CEC57976DEC58976EECE5
:10C540005A976FEC5C9770EC5D9771EC5F9772ECAB
:10C55000639773EC649774EC669775EC679776EC69
:10C56000689777EC6A9778EC6B9779EC6C977AEC34
:10C570006D977BEC6E977CEC6F977DEC70977EEC03
:10C58000719780EC729781EC759782EC779783ECCA
:10C59000789784EC799785EC7A9786EC7B9787EC93
:10C5A0007D9788EC7E9789EC7F978AEC80978BEC5F
:10C5B00081978CEC82978DEC83978EEC84978FEC2F
:10C5C000869790EC879791EC889792EC899793ECFB
:10C5D0008A9794EC8C9795EC8E9796EC8F9797ECC6
:10C5E000909798EC939799EC95979AEC96979BEC8B
:10C5F00097979CEC99979DEC9A979EEC9B979FEC54
:10C600009C97A0EC9D97A1ECC181A2ECA681A3EC24
:10C61000246BA4EC376BA5EC396BA6EC436BA7EC51
:10C62000466BA8EC596BA9ECD198AAECD298ABEC6C
:10C63000D398ACECD598ADECD998AEECDA98AFECD9
:10C64000B36BB0EC405FB1ECC26BB2ECF389B3EC0E
:10C650009065B4EC519FB5EC9365B6ECBC65B7EC56
:10C66000C665B8ECC465B9ECC365BAECCC65BBEC87
:10C67000CE65BCECD265BDECD665BEEC8070BFEC7F
:10C680009C70C0EC9670C1EC9D70C2ECBB70C3ECAA
:10C69000C070C4ECB770C5ECAB70C6ECB170C7EC41
:10C6A000E870C8ECCA70C9EC1071CAEC1371CBEC1D
:10C6B0001671CCEC2F71CDEC3171CEEC7371CFECE7
:10C6C0005C71D0EC6871D1EC4571D2EC7271D3EC35
:10C6D0004A71D4EC7871D5EC7A71D6EC9871D7ECBC
:10C6E000B371D8ECB571D9ECA871DAECA071DBECC0
:10C6F000E071DCECD471DDECE771DEECF971DFECBC
:10C700001D72E0EC2872E1EC6C70E2EC1871E3EC65
:10C710006671E4ECB971E5EC3E62E6EC3D62E7EC93
:10C720004362E8EC4862E9EC4962EAEC3B79EBEC05
:10C730004079ECEC4679EDEC4979EEEC5B79EFEC85
:10C740005C79F0EC5379F1EC5A79F2EC6279F3EC24
:10C750005779F4EC6079F5EC6F79F6EC6779F7ECE2
:10C760007A79F8EC8579F9EC8A79FAEC9A79FBEC2C
:10C77000A779FCECB379FDECD15FFEECD05F40ED26
:10C780009E9741ED9F9742EDA19743EDA29744ED0F
:10C79000A49745EDA59746EDA69747EDA79748EDD9
:10C7A000A89749EDA9974AEDAA974BEDAC974CEDA8
:10C7B000AE974DEDB0974EEDB1974FEDB39750ED6D
:10C7C000B59751EDB69752EDB79753EDB89754ED35
:10C7D000B99755EDBA9756EDBB9757EDBC9758ED05
:10C7E000BD9759EDBE975AEDBF975BEDC0975CEDD5
:10C7F000C1975DEDC2975EEDC3975FEDC49760EDA5
:10C80000C59761EDC69762EDC79763EDC89764ED74
:10C81000C99765EDCA9766EDCB9767EDCC9768ED44
:10C82000CD9769EDCE976AEDCF976BEDD0976CED14
:10C83000D1976DEDD2976EEDD3976FEDD49770EDE4
:10C84000D59771EDD69772EDD79773EDD89774EDB4
:10C85000D99775EDDA9776EDDB9777EDDC9778ED84
:10C86000DD9779EDDE977AEDDF977BEDE0977CED54
:10C87000E1977DEDE2977EEDE39780EDE49781ED22
:10C88000E59782EDE89783EDEE9784EDEF9785EDE0
:10C89000F09786EDF19787EDF29788EDF49789EDA3
:10C8A000F7978AEDF8978BEDF9978CEDFA978DED68
:10C8B000FB978EEDFC978FEDFD9790EDFE9791ED38
:10C8C000FF9792ED009893ED019894ED029895ED05
:10C8D000039896ED049897ED059898ED069899EDD4
:10C8E00007989AED08989BED09989CED0A989DEDA4
:10C8F0000B989EED0C989FED0D98A0ED0E98A1ED74
:10C900003C60A2ED5D60A3ED5A60A4ED6760A5ED0B
:10C910004160A6ED5960A7ED6360A8EDAB60A9ED9D
:10C920000661AAED0D61ABED5D61ACEDA961ADED08
:10C930009D61AEEDCB61AFEDD161B0ED0662B1EDC1
:10C940008080B2ED7F80B3ED936CB4EDF66CB5ED05
:10C95000FC6DB6EDF677B7EDF877B8ED0078B9ED88
:10C960000978BAED1778BBED1878BCED1178BDEDFC
:10C97000AB65BEED2D78BFED1C78C0ED1D78C1ED27
:10C980003978C2ED3A78C3ED3B78C4ED1F78C5ED38
:10C990003C78C6ED2578C7ED2C78C8ED2378C9ED35
:10C9A0002978CAED4E78CBED6D78CCED5678CDED8B
:10C9B0005778CEED2678CFED5078D0ED4778D1ED91
:10C9C0004C78D2ED6A78D3ED9B78D4ED9378D5EDA1
:10C9D0009A78D6ED8778D7ED9C78D8EDA178D9ED07
:10C9E000A378DAEDB278DBEDB978DCEDA578DDED92
:10C9F000D478DEEDD978DFEDC978E0EDEC78E1EDC3
:10CA0000F278E2ED0579E3EDF478E4ED1379E5ED04
:10CA10002479E6ED1E79E7ED3479E8ED9B9FE9EDA9
:10CA2000F99EEAEDFB9EEBEDFC9EECEDF176EDED73
:10CA30000477EEED0D77EFEDF976F0ED0777F1ED98
:10CA40000877F2ED1A77F3ED2277F4ED1977F5ED2B
:10CA50002D77F6ED2677F7ED3577F8ED3877F9EDA8
:10CA60005077FAED5177FBED4777FCED4377FDED1D
:10CA70005A77FEED687740EE0F9841EE109842EE3F
:10CA8000119843EE129844EE139845EE149846EE32
:10CA9000159847EE169848EE179849EE18984AEE02
:10CAA00019984BEE1A984CEE1B984DEE1C984EEED2
:10CAB0001D984FEE1E9850EE1F9851EE209852EEA2
:10CAC000219853EE229854EE239855EE249856EE72
:10CAD000259857EE269858EE279859EE28985AEE42
:10CAE00029985BEE2A985CEE2B985DEE2C985EEE12
:10CAF0002D985FEE2E9860EE2F9861EE309862EEE2
:10CB0000319863EE329864EE339865EE349866EEB1
:10CB1000359867EE369868EE379869EE38986AEE81
:10CB200039986BEE3A986CEE3B986DEE3C986EEE51
:10CB30003D986FEE3E9870EE3F9871EE409872EE21
:10CB4000419873EE429874EE439875EE449876EEF1
:10CB5000459877EE469878EE479879EE48987AEEC1
:10CB600049987BEE4A987CEE4B987DEE4C987EEE91
:10CB70004D9880EE4E9881EE4F9882EE509883EE5D
:10CB8000519884EE529885EE539886EE549887EE2D
:10CB9000559888EE569889EE57988AEE58988BEEFD
:10CBA00059988CEE5A988DEE5B988EEE5C988FEECD
:10CBB0005D9890EE5E9891EE5F9892EE609893EE9D
:10CBC000619894EE629895EE639896EE649897EE6D
:10CBD000659898EE669899EE67989AEE68989BEE3D
:10CBE00069989CEE6A989DEE6B989EEE6C989FEE0D
:10CBF0006D98A0EE6E98A1EE6277A2EE6577A3EE37
:10CC00007F77A4EE8D77A5EE7D77A6EE8077A7EEF1
:10CC10008C77A8EE9177A9EE9F77AAEEA077ABEE7E
:10CC2000B077ACEEB577ADEEBD77AEEE3A75AFEE60
:10CC30004075B0EE4E75B1EE4B75B2EE4875B3EE81
:10CC40005B75B4EE7275B5EE7975B6EE8375B7EEB9
:10CC5000587FB8EE617FB9EE5F7FBAEE488ABBEECF
:10CC6000687FBCEE747FBDEE717FBEEE797FBFEE54
:10CC7000817FC0EE7E7FC1EECD76C2EEE576C3EE5B
:10CC80003288C4EE8594C5EE8694C6EE8794C7EECE
:10CC90008B94C8EE8A94C9EE8C94CAEE8D94CBEE38
:10CCA0008F94CCEE9094CDEE9494CEEE9794CFEEFC
:10CCB0009594D0EE9A94D1EE9B94D2EE9C94D3EEC0
:10CCC000A394D4EEA494D5EEAB94D6EEAA94D7EE6A
:10CCD000AD94D8EEAC94D9EEAF94DAEEB094DBEE2E
:10CCE000B294DCEEB494DDEEB694DEEEB794DFEEF3
:10CCF000B894E0EEB994E1EEBA94E2EEBC94E3EEBF
:10CD0000BD94E4EEBF94E5EEC494E6EEC894E7EE7D
:10CD1000C994E8EECA94E9EECB94EAEECC94EBEE3B
:10CD2000CD94ECEECE94EDEED094EEEED194EFEE09
:10CD3000D294F0EED594F1EED694F2EED794F3EED1
:10CD4000D994F4EED894F5EEDB94F6EEDE94F7EE9B
:10CD5000DF94F8EEE094F9EEE294FAEEE494FBEE60
:10CD6000E594FCEEE794FDEEE894FEEEEA9440EFE5
:10CD70006F9841EF709842EF719843EF729844EFCB
:10CD8000739845EF749846EF8B9847EF8E9848EF6D
:10CD9000929849EF95984AEF99984BEFA3984CEFEA
:10CDA000A8984DEFA9984EEFAA984FEFAB9850EF87
:10CDB000AC9851EFAD9852EFAE9853EFAF9854EF57
:10CDC000B09855EFB19856EFB29857EFB39858EF27
:10CDD000B49859EFB5985AEFB6985BEFB7985CEFF7
:10CDE000B8985DEFB9985EEFBA985FEFBB9860EFC7
:10CDF000BC9861EFBD9862EFBE9863EFBF9864EF97
:10CE0000C09865EFC19866EFC29867EFC39868EF66
:10CE1000C49869EFC5986AEFC6986BEFC7986CEF36
:10CE2000C8986DEFC9986EEFCA986FEFCB9870EF06
:10CE3000CC9871EFCD9872EFCF9873EFD09874EFD4
:10CE4000D49875EFD69876EFD79877EFDB9878EF90
:10CE5000DC9879EFDD987AEFE0987BEFE1987CEF52
:10CE6000E2987DEFE3987EEFE49880EFE59881EF1C
:10CE7000E69882EFE99883EFEA9884EFEB9885EFE4
:10CE8000EC9886EFED9887EFEE9888EFEF9889EFB2
:10CE9000F0988AEFF1988BEFF2988CEFF3988DEF82
:10CEA000F4988EEFF5988FEFF69890EFF79891EF52
:10CEB000F89892EFF99893EFFA9894EFFB9895EF22
:10CEC000FC9896EFFD9897EFFE9898EFFF9899EFF2
:10CED00000999AEF01999BEF02999CEF03999DEFBE
:10CEE00004999EEF05999FEF0699A0EF0799A1EF8E
:10CEF000E994A2EFEB94A3EFEE94A4EFEF94A5EFE7
:10CF0000F394A6EFF494A7EFF594A8EFF794A9EFA4
:10CF1000F994AAEFFC94ABEFFD94ACEFFF94ADEF66
:10CF20000395AEEF0295AFEF0695B0EF0795B1EF21
:10CF30000995B2EF0A95B3EF0D95B4EF0E95B5EFE5
:10CF40000F95B6EF1295B7EF1395B8EF1495B9EFAB
:10CF50001595BAEF1695BBEF1895BCEF1B95BDEF75
:10CF60001D95BEEF1E95BFEF1F95C0EF2295C1EF37
:10CF70002A95C2EF2B95C3EF2995C4EF2C95C5EFE9
:10CF80003195C6EF3295C7EF3495C8EF3695C9EFA6
:10CF90003795CAEF3895CBEF3C95CCEF3E95CDEF6A
:10CFA0003F95CEEF4295CFEF3595D0EF4495D1EF39
:10CFB0004595D2EF4695D3EF4995D4EF4C95D5EFF3
:10CFC0004E95D6EF4F95D7EF5295D8EF5395D9EFB1
:10CFD0005495DAEF5695DBEF5795DCEF5895DDEF7A
:10CFE0005995DEEF5B95DFEF5E95E0EF5F95E1EF42
:10CFF0005D95E2EF6195E3EF6295E4EF6495E5EF0F
:10D000006595E6EF6695E7EF6795E8EF6895E9EFD8
:10D010006995EAEF6A95EBEF6B95ECEF6C95EDEFA8
:10D020006F95EEEF7195EFEF7295F0EF7395F1EF6D
:10D030003A95F2EFE777F3EFEC77F4EFC996F5EF77
:10D04000D579F6EFED79F7EFE379F8EFEB79F9EFD2
:10D05000067AFAEF475DFBEF037AFCEF027AFDEF09
:10D060001E7AFEEF147A40F0089941F0099942F0D7
:10D070000A9943F00B9944F00C9945F00E9946F04B
:10D080000F9947F0119948F0129949F013994AF015
:10D0900014994BF015994CF016994DF017994EF0E4
:10D0A00018994FF0199950F01A9951F01B9952F0B4
:10D0B0001C9953F01D9954F01E9955F01F9956F084
:10D0C000209957F0219958F0229959F023995AF054
:10D0D00024995BF025995CF026995DF027995EF024
:10D0E00028995FF0299960F02A9961F02B9962F0F4
:10D0F0002C9963F02D9964F02F9965F0309966F0C2
:10D10000319967F0329968F0339969F034996AF08F
:10D1100035996BF036996CF037996DF038996EF05F
:10D1200039996FF03A9970F03B9971F03C9972F02F
:10D130003D9973F03E9974F03F9975F0409976F0FF
:10D14000419977F0429978F0439979F044997AF0CF
:10D1500045997BF046997CF047997DF048997EF09F
:10D16000499980F04A9981F04B9982F04C9983F06B
:10D170004D9984F04E9985F04F9986F0509987F03B
:10D18000519988F0529989F053998AF056998BF009
:10D1900057998CF058998DF059998EF05A998FF0D3
:10D1A0005B9990F05C9991F05D9992F05E9993F0A3
:10D1B0005F9994F0609995F0619996F0629997F073
:10D1C000649998F0669999F073999AF078999BF020
:10D1D00079999CF07B999DF07E999EF082999FF0C1
:10D1E0008399A0F08999A1F0397AA2F0377AA3F057
:10D1F000517AA4F0CF9EA5F0A599A6F0707AA7F079
:10D200008876A8F08E76A9F09376AAF09976ABF09E
:10D21000A476ACF0DE74ADF0E074AEF02C75AFF037
:10D22000209EB0F0229EB1F0289EB2F0299EB3F06D
:10D230002A9EB4F02B9EB5F02C9EB6F0329EB7F02D
:10D24000319EB8F0369EB9F0389EBAF0379EBBF0EA
:10D25000399EBCF03A9EBDF03E9EBEF0419EBFF0AE
:10D26000429EC0F0449EC1F0469EC2F0479EC3F06D
:10D27000489EC4F0499EC5F04B9EC6F04C9EC7F038
:10D280004E9EC8F0519EC9F0559ECAF0579ECBF0F5
:10D290005A9ECCF05B9ECDF05C9ECEF05E9ECFF0B1
:10D2A000639ED0F0669ED1F0679ED2F0689ED3F068
:10D2B000699ED4F06A9ED5F06B9ED6F06C9ED7F036
:10D2C000719ED8F06D9ED9F0739EDAF09275DBF006
:10D2D0009475DCF09675DDF0A075DEF09D75DFF0DD
:10D2E000AC75E0F0A375E1F0B375E2F0B475E3F06E
:10D2F000B875E4F0C475E5F0B175E6F0B075E7F027
:10D30000C375E8F0C275E9F0D675EAF0CD75EBF0BB
:10D31000E375ECF0E875EDF0E675EEF0E475EFF02E
:10D32000EB75F0F0E775F1F00376F2F0F175F3F0DC
:10D33000FC75F4F0FF75F5F01076F6F00076F7F076
:10D340000576F8F00C76F9F01776FAF00A76FBF02D
:10D350002576FCF01876FDF01576FEF0197640F192
:10D360008C9941F18E9942F19A9943F19B9944F13C
:10D370009C9945F19D9946F19E9947F19F9948F1F5
:10D38000A09949F1A1994AF1A2994BF1A3994CF1C5
:10D39000A4994DF1A6994EF1A7994FF1A99950F191
:10D3A000AA9951F1AB9952F1AC9953F1AD9954F15D
:10D3B000AE9955F1AF9956F1B09957F1B19958F12D
:10D3C000B29959F1B3995AF1B4995BF1B5995CF1FD
:10D3D000B6995DF1B7995EF1B8995FF1B99960F1CD
:10D3E000BA9961F1BB9962F1BC9963F1BD9964F19D
:10D3F000BE9965F1BF9966F1C09967F1C19968F16D
:10D40000C29969F1C3996AF1C4996BF1C5996CF13C
:10D41000C6996DF1C7996EF1C8996FF1C99970F10C
:10D42000CA9971F1CB9972F1CC9973F1CD9974F1DC
:10D43000CE9975F1CF9976F1D09977F1D19978F1AC
:10D44000D29979F1D3997AF1D4997BF1D5997CF17C
:10D45000D6997DF1D7997EF1D89980F1D99981F14A
:10D46000DA9982F1DB9983F1DC9984F1DD9985F118
:10D47000DE9986F1DF9987F1E09988F1E19989F1E8
:10D48000E2998AF1E3998BF1E4998CF1E5998DF1B8
:10D49000E6998EF1E7998FF1E89990F1E99991F188
:10D4A000EA9992F1EB9993F1EC9994F1ED9995F158
:10D4B000EE9996F1EF9997F1F09998F1F19999F128
:10D4C000F2999AF1F3999BF1F4999CF1F5999DF1F8
:10D4D000F6999EF1F7999FF1F899A0F1F999A1F1C8
:10D4E0001B76A2F13C76A3F12276A4F12076A5F179
:10D4F0004076A6F12D76A7F13076A8F13F76A9F116
:10D500003576AAF14376ABF13E76ACF13376ADF1E8
:10D510004D76AEF15E76AFF15476B0F15C76B1F156
:10D520005676B2F16B76B3F16F76B4F1CA7FB5F18E
:10D53000E67AB6F1787AB7F1797AB8F1807AB9F10A
:10D54000867ABAF1887ABBF1957ABCF1A67ABDF1F8
:10D55000A07ABEF1AC7ABFF1A87AC0F1AD7AC1F180
:10D56000B37AC2F16488C3F16988C4F17288C5F1E5
:10D570007D88C6F17F88C7F18288C8F1A288C9F189
:10D58000C688CAF1B788CBF1BC88CCF1C988CDF187
:10D59000E288CEF1CE88CFF1E388D0F1E588D1F1F1
:10D5A000F188D2F11A89D3F1FC88D4F1E888D5F159
:10D5B000FE88D6F1F088D7F12189D8F11989D9F1FF
:10D5C0001389DAF11B89DBF10A89DCF13489DDF199
:10D5D0002B89DEF13689DFF14189E0F16689E1F1DD
:10D5E0007B89E2F18B75E3F1E580E4F1B276E5F158
:10D5F000B476E6F1DC77E7F11280E8F11480E9F126
:10D600001680EAF11C80EBF12080ECF12280EDF134
:10D610002580EEF12680EFF12780F0F12980F1F1ED
:10D620002880F2F13180F3F10B80F4F13580F5F1CF
:10D630004380F6F14680F7F14D80F8F15280F9F120
:10D640006980FAF17180FBF18389FCF17898FDF132
:10D650008098FEF1839840F2FA9941F2FB9942F2E8
:10D66000FC9943F2FD9944F2FE9945F2FF9946F286
:10D67000009A47F2019A48F2029A49F2039A4AF252
:10D68000049A4BF2059A4CF2069A4DF2079A4EF222
:10D69000089A4FF2099A50F20A9A51F20B9A52F2F2
:10D6A0000C9A53F20D9A54F20E9A55F20F9A56F2C2
:10D6B000109A57F2119A58F2129A59F2139A5AF292
:10D6C000149A5BF2159A5CF2169A5DF2179A5EF262
:10D6D000189A5FF2199A60F21A9A61F21B9A62F232
:10D6E0001C9A63F21D9A64F21E9A65F21F9A66F202
:10D6F000209A67F2219A68F2229A69F2239A6AF2D2
:10D70000249A6BF2259A6CF2269A6DF2279A6EF2A1
:10D71000289A6FF2299A70F22A9A71F22B9A72F271
:10D720002C9A73F22D9A74F22E9A75F22F9A76F241
:10D73000309A77F2319A78F2329A79F2339A7AF211
:10D74000349A7BF2359A7CF2369A7DF2379A7EF2E1
:10D75000389A80F2399A81F23A9A82F23B9A83F2AD
:10D760003C9A84F23D9A85F23E9A86F23F9A87F27D
:10D77000409A88F2419A89F2429A8AF2439A8BF24D
:10D78000449A8CF2459A8DF2469A8EF2479A8FF21D
:10D79000489A90F2499A91F24A9A92F24B9A93F2ED
:10D7A0004C9A94F24D9A95F24E9A96F24F9A97F2BD
:10D7B000509A98F2519A99F2529A9AF2539A9BF28D
:10D7C000549A9CF2559A9DF2569A9EF2579A9FF25D
:10D7D000589AA0F2599AA1F28998A2F28C98A3F2D1
:10D7E0008D98A4F28F98A5F29498A6F29A98A7F231
:10D7F0009B98A8F29E98A9F29F98AAF2A198ABF2E2
:10D80000A298ACF2A598ADF2A698AEF24D86AFF212
:10D810005486B0F26C86B1F26E86B2F27F86B3F2B5
:10D820007A86B4F27C86B5F27B86B6F2A886B7F229
:10D830008D86B8F28B86B9F2AC86BAF29D86BBF2C1
:10D84000A786BCF2A386BDF2AA86BEF29386BFF27B
:10D85000A986C0F2B686C1F2C486C2F2B586C3F20A
:10D86000CE86C4F2B086C5F2BA86C6F2B186C7F2D9
:10D87000AF86C8F2C986C9F2CF86CAF2B486CBF2A7
:10D88000E986CCF2F186CDF2F286CEF2ED86CFF2C9
:10D89000F386D0F2D086D1F21387D2F2DE86D3F2AD
:10D8A000F486D4F2DF86D5F2D886D6F2D186D7F2C6
:10D8B0000387D8F20787D9F2F886DAF20887DBF215
:10D8C0000A87DCF20D87DDF20987DEF22387DFF2BB
:10D8D0003B87E0F21E87E1F22587E2F22E87E3F232
:10D8E0001A87E4F23E87E5F24887E6F23487E7F2EA
:10D8F0003187E8F22987E9F23787EAF23F87EBF2CE
:10D900008287ECF22287EDF27D87EEF27E87EFF2DE
:10D910007B87F0F26087F1F27087F2F24C87F3F2C6
:10D920006E87F4F28B87F5F25387F6F26387F7F28E
:10D930007C87F8F26487F9F25987FAF26587FBF27F
:10D940009387FCF2AF87FDF2A887FEF2D28740F3FF
:10D950005A9A41F35B9A42F35C9A43F35D9A44F31B
:10D960005E9A45F35F9A46F3609A47F3619A48F3EB
:10D97000629A49F3639A4AF3649A4BF3659A4CF3BB
:10D98000669A4DF3679A4EF3689A4FF3699A50F38B
:10D990006A9A51F36B9A52F3729A53F3839A54F33F
:10D9A000899A55F38D9A56F38E9A57F3949A58F3B1
:10D9B000959A59F3999A5AF3A69A5BF3A99A5CF34C
:10D9C000AA9A5DF3AB9A5EF3AC9A5FF3AD9A60F3FB
:10D9D000AE9A61F3AF9A62F3B29A63F3B39A64F3C7
:10D9E000B49A65F3B59A66F3B99A67F3BB9A68F38C
:10D9F000BD9A69F3BE9A6AF3BF9A6BF3C39A6CF34C
:10DA0000C49A6DF3C69A6EF3C79A6FF3C89A70F30F
:10DA1000C99A71F3CA9A72F3CD9A73F3CE9A74F3DA
:10DA2000CF9A75F3D09A76F3D29A77F3D49A78F3A3
:10DA3000D59A79F3D69A7AF3D79A7BF3D99A7CF36D
:10DA4000DA9A7DF3DB9A7EF3DC9A80F3DD9A81F338
:10DA5000DE9A82F3E09A83F3E29A84F3E39A85F301
:10DA6000E49A86F3E59A87F3E79A88F3E89A89F3CC
:10DA7000E99A8AF3EA9A8BF3EC9A8CF3EE9A8DF397
:10DA8000F09A8EF3F19A8FF3F29A90F3F39A91F35E
:10DA9000F49A92F3F59A93F3F69A94F3F79A95F32E
:10DAA000F89A96F3FA9A97F3FC9A98F3FD9A99F3F9
:10DAB000FE9A9AF3FF9A9BF3009B9CF3019B9DF3C4
:10DAC000029B9EF3049B9FF3059BA0F3069BA1F38F
:10DAD000C687A2F38887A3F38587A4F3AD87A5F350
:10DAE0009787A6F38387A7F3AB87A8F3E587A9F306
:10DAF000AC87AAF3B587ABF3B387ACF3CB87ADF3B1
:10DB0000D387AEF3BD87AFF3D187B0F3C087B1F34E
:10DB1000CA87B2F3DB87B3F3EA87B4F3E087B5F3E0
:10DB2000EE87B6F31688B7F31388B8F3FE87B9F318
:10DB30000A88BAF31B88BBF32188BCF33988BDF38C
:10DB40003C88BEF3367FBFF3427FC0F3447FC1F30E
:10DB5000457FC2F31082C3F3FA7AC4F3FD7AC5F3AA
:10DB6000087BC6F3037BC7F3047BC8F3157BC9F3BB
:10DB70000A7BCAF32B7BCBF30F7BCCF3477BCDF334
:10DB8000387BCEF32A7BCFF3197BD0F32E7BD1F3F6
:10DB9000317BD2F3207BD3F3257BD4F3247BD5F3E5
:10DBA000337BD6F33E7BD7F31E7BD8F3587BD9F378
:10DBB0005A7BDAF3457BDBF3757BDCF34C7BDDF3DF
:10DBC0005D7BDEF3607BDFF36E7BE0F37B7BE1F379
:10DBD000627BE2F3727BE3F3717BE4F3907BE5F32A
:10DBE000A67BE6F3A77BE7F3B87BE8F3AC7BE9F32E
:10DBF0009D7BEAF3A87BEBF3857BECF3AA7BEDF34B
:10DC00009C7BEEF3A27BEFF3AB7BF0F3B47BF1F301
:10DC1000D17BF2F3C17BF3F3CC7BF4F3DD7BF5F343
:10DC2000DA7BF6F3E57BF7F3E67BF8F3EA7BF9F3CF
:10DC30000C7CFAF3FE7BFBF3FC7BFCF30F7CFDF327
:10DC4000167CFEF30B7C40F4079B41F4099B42F4E5
:10DC50000A9B43F40B9B44F40C9B45F40D9B46F448
:10DC60000E9B47F4109B48F4119B49F4129B4AF415
:10DC7000149B4BF4159B4CF4169B4DF4179B4EF4E0
:10DC8000189B4FF4199B50F41A9B51F41B9B52F4B0
:10DC90001C9B53F41D9B54F41E9B55F4209B56F47F
:10DCA000219B57F4229B58F4249B59F4259B5AF44A
:10DCB000269B5BF4279B5CF4289B5DF4299B5EF418
:10DCC0002A9B5FF42B9B60F42C9B61F42D9B62F4E8
:10DCD0002E9B63F4309B64F4319B65F4339B66F4B4
:10DCE000349B67F4359B68F4369B69F4379B6AF480
:10DCF000389B6BF4399B6CF43A9B6DF43D9B6EF44E
:10DD00003E9B6FF43F9B70F4409B71F4469B72F412
:10DD10004A9B73F44B9B74F44C9B75F44E9B76F4C6
:10DD2000509B77F4529B78F4539B79F4559B7AF48B
:10DD3000569B7BF4579B7CF4589B7DF4599B7EF457
:10DD40005A9B80F45B9B81F45C9B82F45D9B83F423
:10DD50005E9B84F45F9B85F4609B86F4619B87F4F3
:10DD6000629B88F4639B89F4649B8AF4659B8BF4C3
:10DD7000669B8CF4679B8DF4689B8EF4699B8FF493
:10DD80006A9B90F46B9B91F46C9B92F46D9B93F463
:10DD90006E9B94F46F9B95F4709B96F4719B97F433
:10DDA000729B98F4739B99F4749B9AF4759B9BF403
:10DDB000769B9CF4779B9DF4789B9EF4799B9FF4D3
:10DDC0007A9BA0F47B9BA1F41F7CA2F42A7CA3F491
:10DDD000267CA4F4387CA5F4417CA6F4407CA7F40E
:10DDE000FE81A8F40182A9F40282AAF40482ABF4B1
:10DDF000EC81ACF44488ADF42182AEF42282AFF41D
:10DE00002382B0F42D82B1F42F82B2F42882B3F4CD
:10DE10002B82B4F43882B5F43B82B6F43382B7F483
:10DE20003482B8F43E82B9F44482BAF44982BBF435
:10DE30004B82BCF44F82BDF45A82BEF45F82BFF4C1
:10DE40006882C0F47E88C1F48588C2F48888C3F4EF
:10DE5000D888C4F4DF88C5F45E89C6F49D7FC7F412
:10DE60009F7FC8F4A77FC9F4AF7FCAF4B07FCBF41B
:10DE7000B27FCCF47C7CCDF44965CEF4917CCFF4B8
:10DE80009D7CD0F49C7CD1F49E7CD2F4A27CD3F413
:10DE9000B27CD4F4BC7CD5F4BD7CD6F4C17CD7F480
:10DEA000C77CD8F4CC7CD9F4CD7CDAF4C87CDBF424
:10DEB000C57CDCF4D77CDDF4E87CDEF46E82DFF434
:10DEC000A866E0F4BF7FE1F4CE7FE2F4D57FE3F40F
:10DED000E57FE4F4E17FE5F4E67FE6F4E97FE7F44B
:10DEE000EE7FE8F4F37FE9F4F87CEAF4777DEBF475
:10DEF000A67DECF4AE7DEDF4477EEEF49B7EEFF470
:10DF0000B89EF0F4B49EF1F4738DF2F4848DF3F4C2
:10DF1000948DF4F4918DF5F4B18DF6F4678DF7F4EA
:10DF20006D8DF8F4478CF9F4498CFAF44A91FBF4BE
:10DF30005091FCF44E91FDF44F91FEF4649140F544
:10DF40007C9B41F57D9B42F57E9B43F57F9B44F591
:10DF5000809B45F5819B46F5829B47F5839B48F561
:10DF6000849B49F5859B4AF5869B4BF5879B4CF531
:10DF7000889B4DF5899B4EF58A9B4FF58B9B50F501
:10DF80008C9B51F58D9B52F58E9B53F58F9B54F5D1
:10DF9000909B55F5919B56F5929B57F5939B58F5A1
:10DFA000949B59F5959B5AF5969B5BF5979B5CF571
:10DFB000989B5DF5999B5EF59A9B5FF59B9B60F541
:10DFC0009C9B61F59D9B62F59E9B63F59F9B64F511
:10DFD000A09B65F5A19B66F5A29B67F5A39B68F5E1
:10DFE000A49B69F5A59B6AF5A69B6BF5A79B6CF5B1
:10DFF000A89B6DF5A99B6EF5AA9B6FF5AB9B70F581
:10E00000AC9B71F5AD9B72F5AE9B73F5AF9B74F550
:10E01000B09B75F5B19B76F5B29B77F5B39B78F520
:10E02000B49B79F5B59B7AF5B69B7BF5B79B7CF5F0
:10E03000B89B7DF5B99B7EF5BA9B80F5BB9B81F5BE
:10E04000BC9B82F5BD9B83F5BE9B84F5BF9B85F58C
:10E05000C09B86F5C19B87F5C29B88F5C39B89F55C
:10E06000C49B8AF5C59B8BF5C69B8CF5C79B8DF52C
:10E07000C89B8EF5C99B8FF5CA9B90F5CB9B91F5FC
:10E08000CC9B92F5CD9B93F5CE9B94F5CF9B95F5CC
:10E09000D09B96F5D19B97F5D29B98F5D39B99F59C
:10E0A000D49B9AF5D59B9BF5D69B9CF5D79B9DF56C
:10E0B000D89B9EF5D99B9FF5DA9BA0F5DB9BA1F53C
:10E0C0006291A2F56191A3F57091A4F56991A5F50E
:10E0D0006F91A6F57D91A7F57E91A8F57291A9F5AE
:10E0E0007491AAF57991ABF58C91ACF58591ADF56C
:10E0F0009091AEF58D91AFF59191B0F5A291B1F5FA
:10E10000A391B2F5AA91B3F5AD91B4F5AE91B5F581
:10E11000AF91B6F5B591B7F5B491B8F5BA91B9F537
:10E12000558CBAF57E9EBBF5B88DBCF5EB8DBDF573
:10E13000058EBEF5598EBFF5698EC0F5B58DC1F55A
:10E14000BF8DC2F5BC8DC3F5BA8DC4F5C48DC5F5C0
:10E15000D68DC6F5D78DC7F5DA8DC8F5DE8DC9F534
:10E16000CE8DCAF5CF8DCBF5DB8DCCF5C68DCDF53B
:10E17000EC8DCEF5F78DCFF5F88DD0F5E38DD1F59B
:10E18000F98DD2F5FB8DD3F5E48DD4F5098ED5F557
:10E19000FD8DD6F5148ED7F51D8ED8F51F8ED9F5C9
:10E1A0002C8EDAF52E8EDBF5238EDCF52F8EDDF549
:10E1B0003A8EDEF5408EDFF5398EE0F5358EE1F5ED
:10E1C0003D8EE2F5318EE3F5498EE4F5418EE5F5BD
:10E1D000428EE6F5518EE7F5528EE8F54A8EE9F566
:10E1E000708EEAF5768EEBF57C8EECF56F8EEDF5A4
:10E1F000748EEEF5858EEFF58F8EF0F5948EF1F539
:10E20000908EF2F59C8EF3F59E8EF4F5788CF5F5F4
:10E21000828CF6F58A8CF7F5858CF8F5988CF9F5F3
:10E22000948CFAF59B65FBF5D689FCF5DE89FDF546
:10E23000DA89FEF5DC8940F6DC9B41F6DD9B42F68F
:10E24000DE9B43F6DF9B44F6E09B45F6E19B46F6FA
:10E25000E29B47F6E39B48F6E49B49F6E59B4AF6CA
:10E26000E69B4BF6E79B4CF6E89B4DF6E99B4EF69A
:10E27000EA9B4FF6EB9B50F6EC9B51F6ED9B52F66A
:10E28000EE9B53F6EF9B54F6F09B55F6F19B56F63A
:10E29000F29B57F6F39B58F6F49B59F6F59B5AF60A
:10E2A000F69B5BF6F79B5CF6F89B5DF6F99B5EF6DA
:10E2B000FA9B5FF6FB9B60F6FC9B61F6FD9B62F6AA
:10E2C000FE9B63F6FF9B64F6009C65F6019C66F678
:10E2D000029C67F6039C68F6049C69F6059C6AF646
:10E2E000069C6BF6079C6CF6089C6DF6099C6EF616
:10E2F0000A9C6FF60B9C70F60C9C71F60D9C72F6E6
:10E300000E9C73F60F9C74F6109C75F6119C76F6B5
:10E31000129C77F6139C78F6149C79F6159C7AF685
:10E32000169C7BF6179C7CF6189C7DF6199C7EF655
:10E330001A9C80F61B9C81F61C9C82F61D9C83F621
:10E340001E9C84F61F9C85F6209C86F6219C87F6F1
:10E35000229C88F6239C89F6249C8AF6259C8BF6C1
:10E36000269C8CF6279C8DF6289C8EF6299C8FF691
:10E370002A9C90F62B9C91F62C9C92F62D9C93F661
:10E380002E9C94F62F9C95F6309C96F6319C97F631
:10E39000329C98F6339C99F6349C9AF6359C9BF601
:10E3A000369C9CF6379C9DF6389C9EF6399C9FF6D1
:10E3B0003A9CA0F63B9CA1F6E589A2F6EB89A3F670
:10E3C000EF89A4F63E8AA5F6268BA6F65397A7F604
:10E3D000E996A8F6F396A9F6EF96AAF60697ABF695
:10E3E0000197ACF60897ADF60F97AEF60E97AFF61D
:10E3F0002A97B0F62D97B1F63097B2F63E97B3F65E
:10E40000809FB4F6839FB5F6859FB6F6869FB7F6D4
:10E41000879FB8F6889FB9F6899FBAF68A9FBBF6A0
:10E420008C9FBCF6FE9EBDF60B9FBEF60D9FBFF601
:10E43000B996C0F6BC96C1F6BD96C2F6CE96C3F6A6
:10E44000D296C4F6BF77C5F6E096C6F68E92C7F6AA
:10E45000AE92C8F6C892C9F63E93CAF66A93CBF656
:10E46000CA93CCF68F93CDF63E94CEF66B94CFF64E
:10E470007F9CD0F6829CD1F6859CD2F6869CD3F602
:10E48000879CD4F6889CD5F6237AD6F68B9CD7F653
:10E490008E9CD8F6909CD9F6919CDAF6929CDBF68D
:10E4A000949CDCF6959CDDF69A9CDEF69B9CDFF650
:10E4B0009E9CE0F69F9CE1F6A09CE2F6A19CE3F610
:10E4C000A29CE4F6A39CE5F6A59CE6F6A69CE7F6DE
:10E4D000A79CE8F6A89CE9F6A99CEAF6AB9CEBF6AB
:10E4E000AD9CECF6AE9CEDF6B09CEEF6B19CEFF672
:10E4F000B29CF0F6B39CF1F6B49CF2F6B59CF3F640
:10E50000B69CF4F6B79CF5F6BA9CF6F6BB9CF7F60B
:10E51000BC9CF8F6BD9CF9F6C49CFAF6C59CFBF6CB
:10E52000C69CFCF6C79CFDF6CA9CFEF6CB9C40F749
:10E530003C9C41F73D9C42F73E9C43F73F9C44F78F
:10E54000409C45F7419C46F7429C47F7439C48F75F
:10E55000449C49F7459C4AF7469C4BF7479C4CF72F
:10E56000489C4DF7499C4EF74A9C4FF74B9C50F7FF
:10E570004C9C51F74D9C52F74E9C53F74F9C54F7CF
:10E58000509C55F7519C56F7529C57F7539C58F79F
:10E59000549C59F7559C5AF7569C5BF7579C5CF76F
:10E5A000589C5DF7599C5EF75A9C5FF75B9C60F73F
:10E5B0005C9C61F75D9C62F75E9C63F75F9C64F70F
:10E5C000609C65F7619C66F7629C67F7639C68F7DF
:10E5D000649C69F7659C6AF7669C6BF7679C6CF7AF
:10E5E000689C6DF7699C6EF76A9C6FF76B9C70F77F
:10E5F0006C9C71F76D9C72F76E9C73F76F9C74F74F
:10E60000709C75F7719C76F7729C77F7739C78F71E
:10E61000749C79F7759C7AF7769C7BF7779C7CF7EE
:10E62000789C7DF7799C7EF77A9C80F77B9C81F7BC
:10E630007D9C82F77E9C83F7809C84F7839C85F782
:10E64000849C86F7899C87F78A9C88F78C9C89F73D
:10E650008F9C8AF7939C8BF7969C8CF7979C8DF7F1
:10E66000989C8EF7999C8FF79D9C90F7AA9C91F7A8
:10E67000AC9C92F7AF9C93F7B99C94F7BE9C95F72E
:10E68000BF9C96F7C09C97F7C19C98F7C29C99F7DE
:10E69000C89C9AF7C99C9BF7D19C9CF7D29C9DF78C
:10E6A000DA9C9EF7DB9C9FF7E09CA0F7E19CA1F72A
:10E6B000CC9CA2F7CD9CA3F7CE9CA4F7CF9CA5F74A
:10E6C000D09CA6F7D39CA7F7D49CA8F7D59CA9F714
:10E6D000D79CAAF7D89CABF7D99CACF7DC9CADF7DC
:10E6E000DD9CAEF7DF9CAFF7E29CB0F77C97B1F70B
:10E6F0008597B2F79197B3F79297B4F79497B5F7D8
:10E70000AF97B6F7AB97B7F7A397B8F7B297B9F744
:10E71000B497BAF7B19ABBF7B09ABCF7B79ABDF7FE
:10E72000589EBEF7B69ABFF7BA9AC0F7BC9AC1F71F
:10E73000C19AC2F7C09AC3F7C59AC4F7C29AC5F77F
:10E74000CB9AC6F7CC9AC7F7D19AC8F7459BC9F7B9
:10E75000439BCAF7479BCBF7499BCCF7489BCDF728
:10E760004D9BCEF7519BCFF7E898D0F70D99D1F795
:10E770002E99D2F75599D3F75499D4F7DF9AD5F754
:10E78000E19AD6F7E69AD7F7EF9AD8F7EB9AD9F746
:10E79000FB9ADAF7ED9ADBF7F99ADCF7089BDDF7DD
:10E7A0000F9BDEF7139BDFF71F9BE0F7239BE1F73F
:10E7B000BD9EE2F7BE9EE3F73B7EE4F7829EE5F75F
:10E7C000879EE6F7889EE7F78B9EE8F7929EE9F72B
:10E7D000D693EAF79D9EEBF79F9EECF7DB9EEDF755
:10E7E000DC9EEEF7DD9EEFF7E09EF0F7DF9EF1F79F
:10E7F000E29EF2F7E99EF3F7E79EF4F7E59EF5F760
:10E80000EA9EF6F7EF9EF7F7229FF8F72C9FF9F7AD
:10E810002F9FFAF7399FFBF7379FFCF73D9FFDF7D6
:10E820003E9FFEF7449F40F8E39C41F8E49C42F889
:10E83000E59C43F8E69C44F8E79C45F8E89C46F8DC
:10E84000E99C47F8EA9C48F8EB9C49F8EC9C4AF8AC
:10E85000ED9C4BF8EE9C4CF8EF9C4DF8F09C4EF87C
:10E86000F19C4FF8F29C50F8F39C51F8F49C52F84C
:10E87000F59C53F8F69C54F8F79C55F8F89C56F81C
:10E88000F99C57F8FA9C58F8FB9C59F8FC9C5AF8EC
:10E89000FD9C5BF8FE9C5CF8FF9C5DF8009D5EF8BB
:10E8A000019D5FF8029D60F8039D61F8049D62F888
:10E8B000059D63F8069D64F8079D65F8089D66F858
:10E8C000099D67F80A9D68F80B9D69F80C9D6AF828
:10E8D0000D9D6BF80E9D6CF80F9D6DF8109D6EF8F8
:10E8E000119D6FF8129D70F8139D71F8149D72F8C8
:10E8F000159D73F8169D74F8179D75F8189D76F898
:10E90000199D77F81A9D78F81B9D79F81C9D7AF867
:10E910001D9D7BF81E9D7CF81F9D7DF8209D7EF837
:10E92000219D80F8229D81F8239D82F8249D83F803
:10E93000259D84F8269D85F8279D86F8289D87F8D3
:10E94000299D88F82A9D89F82B9D8AF82C9D8BF8A3
:10E950002D9D8CF82E9D8DF82F9D8EF8309D8FF873
:10E96000319D90F8329D91F8339D92F8349D93F843
:10E97000359D94F8369D95F8379D96F8389D97F813
:10E98000399D98F83A9D99F83B9D9AF83C9D9BF8E3
:10E990003D9D9CF83E9D9DF83F9D9EF8409D9FF8B3
:10E9A000419DA0F8429D40F9439D41F9449D42F9A3
:10E9B000459D43F9469D44F9479D45F9489D46F9D3
:10E9C000499D47F94A9D48F94B9D49F94C9D4AF9A3
:10E9D0004D9D4BF94E9D4CF94F9D4DF9509D4EF973
:10E9E000519D4FF9529D50F9539D51F9549D52F943
:10E9F000559D53F9569D54F9579D55F9589D56F913
:10EA0000599D57F95A9D58F95B9D59F95C9D5AF9E2
:10EA10005D9D5BF95E9D5CF95F9D5DF9609D5EF9B2
:10EA2000619D5FF9629D60F9639D61F9649D62F982
:10EA3000659D63F9669D64F9679D65F9689D66F952
:10EA4000699D67F96A9D68F96B9D69F96C9D6AF922
:10EA50006D9D6BF96E9D6CF96F9D6DF9709D6EF9F2
:10EA6000719D6FF9729D70F9739D71F9749D72F9C2
:10EA7000759D73F9769D74F9779D75F9789D76F992
:10EA8000799D77F97A9D78F97B9D79F97C9D7AF962
:10EA90007D9D7BF97E9D7CF97F9D7DF9809D7EF932
:10EAA000819D80F9829D81F9839D82F9849D83F9FE
:10EAB000859D84F9869D85F9879D86F9889D87F9CE
:10EAC000899D88F98A9D89F98B9D8AF98C9D8BF99E
:10EAD0008D9D8CF98E9D8DF98F9D8EF9909D8FF96E
:10EAE000919D90F9929D91F9939D92F9949D93F93E
:10EAF000959D94F9969D95F9979D96F9989D97F90E
:10EB0000999D98F99A9D99F99B9D9AF99C9D9BF9DD
:10EB10009D9D9CF99E9D9DF99F9D9EF9A09D9FF9AD
:10EB2000A19DA0F9A29D40FAA39D41FAA49D42FA9D
:10EB3000A59D43FAA69D44FAA79D45FAA89D46FACD
:10EB4000A99D47FAAA9D48FAAB9D49FAAC9D4AFA9D
:10EB5000AD9D4BFAAE9D4CFAAF9D4DFAB09D4EFA6D
:10EB6000B19D4FFAB29D50FAB39D51FAB49D52FA3D
:10EB7000B59D53FAB69D54FAB79D55FAB89D56FA0D
:10EB8000B99D57FABA9D58FABB9D59FABC9D5AFADD
:10EB9000BD9D5BFABE9D5CFABF9D5DFAC09D5EFAAD
:10EBA000C19D5FFAC29D60FAC39D61FAC49D62FA7D
:10EBB000C59D63FAC69D64FAC79D65FAC89D66FA4D
:10EBC000C99D67FACA9D68FACB9D69FACC9D6AFA1D
:10EBD000CD9D6BFACE9D6CFACF9D6DFAD09D6EFAED
:10EBE000D19D6FFAD29D70FAD39D71FAD49D72FABD
:10EBF000D59D73FAD69D74FAD79D75FAD89D76FA8D
:10EC0000D99D77FADA9D78FADB9D79FADC9D7AFA5C
:10EC1000DD9D7BFADE9D7CFADF9D7DFAE09D7EFA2C
:10EC2000E19D80FAE29D81FAE39D82FAE49D83FAF8
:10EC3000E59D84FAE69D85FAE79D86FAE89D87FAC8
:10EC4000E99D88FAEA9D89FAEB9D8AFAEC9D8BFA98
:10EC5000ED9D8CFAEE9D8DFAEF9D8EFAF09D8FFA68
:10EC6000F19D90FAF29D91FAF39D92FAF49D93FA38
:10EC7000F59D94FAF69D95FAF79D96FAF89D97FA08
:10EC8000F99D98FAFA9D99FAFB9D9AFAFC9D9BFAD8
:10EC9000FD9D9CFAFE9D9DFAFF9D9EFA009E9FFAA7
:10ECA000019EA0FA029E40FB039E41FB049E42FB94
:10ECB000059E43FB069E44FB079E45FB089E46FBC4
:10ECC000099E47FB0A9E48FB0B9E49FB0C9E4AFB94
:10ECD0000D9E4BFB0E9E4CFB0F9E4DFB109E4EFB64
:10ECE000119E4FFB129E50FB139E51FB149E52FB34
:10ECF000159E53FB169E54FB179E55FB189E56FB04
:10ED0000199E57FB1A9E58FB1B9E59FB1C9E5AFBD3
:10ED10001D9E5BFB1E9E5CFB249E5DFB279E5EFB97
:10ED20002E9E5FFB309E60FB349E61FB3B9E62FB30
:10ED30003C9E63FB409E64FB4D9E65FB509E66FBC4
:10ED4000529E67FB539E68FB549E69FB569E6AFB6E
:10ED5000599E6BFB5D9E6CFB5F9E6DFB609E6EFB28
:10ED6000619E6FFB629E70FB659E71FB6E9E72FBE7
:10ED70006F9E73FB729E74FB749E75FB759E76FB93
:10ED8000769E77FB779E78FB789E79FB799E7AFB5F
:10ED90007A9E7BFB7B9E7CFB7C9E7DFB7D9E7EFB2F
:10EDA000809E80FB819E81FB839E82FB849E83FBF1
:10EDB000859E84FB869E85FB899E86FB8A9E87FBBB
:10EDC0008C9E88FB8D9E89FB8E9E8AFB8F9E8BFB83
:10EDD000909E8CFB919E8DFB949E8EFB959E8FFB4F
:10EDE000969E90FB979E91FB989E92FB999E93FB1B
:10EDF0009A9E94FB9B9E95FB9C9E96FB9E9E97FBEA
:10EE0000A09E98FBA19E99FBA29E9AFBA39E9BFBB2
:10EE1000A49E9CFBA59E9DFBA79E9EFBA89E9FFB80
:10EE2000A99EA0FBAA9E40FCAB9E41FCAC9E42FC6E
:10EE3000AD9E43FCAE9E44FCAF9E45FCB09E46FC9E
:10EE4000B19E47FCB29E48FCB39E49FCB59E4AFC6D
:10EE5000B69E4BFCB79E4CFCB99E4DFCBA9E4EFC38
:10EE6000BC9E4FFCBF9E50FCC09E51FCC19E52FCFC
:10EE7000C29E53FCC39E54FCC59E55FCC69E56FCC8
:10EE8000C79E57FCC89E58FCCA9E59FCCB9E5AFC94
:10EE9000CC9E5BFCD09E5CFCD29E5DFCD39E5EFC57
:10EEA000D59E5FFCD69E60FCD79E61FCD99E62FC1D
:10EEB000DA9E63FCDE9E64FCE19E65FCE39E66FCDC
:10EEC000E49E67FCE69E68FCE89E69FCEB9E6AFC9B
:10EED000EC9E6BFCED9E6CFCEE9E6DFCF09E6EFC61
:10EEE000F19E6FFCF29E70FCF39E71FCF49E72FC2E
:10EEF000F59E73FCF69E74FCF79E75FCF89E76FCFE
:10EF0000FA9E77FCFD9E78FCFF9E79FC009F7AFCC0
:10EF1000019F7BFC029F7CFC039F7DFC049F7EFC89
:10EF2000059F80FC069F81FC079F82FC089F83FC55
:10EF3000099F84FC0A9F85FC0C9F86FC0F9F87FC21
:10EF4000119F88FC129F89FC149F8AFC159F8BFCE3
:10EF5000169F8CFC189F8DFC1A9F8EFC1B9F8FFCAC
:10EF60001C9F90FC1D9F91FC1E9F92FC1F9F93FC79
:10EF7000219F94FC239F95FC249F96FC259F97FC42
:10EF8000269F98FC279F99FC289F9AFC299F9BFC11
:10EF90002A9F9CFC2B9F9DFC2D9F9EFC2E9F9FFCDF
:10EFA000309FA0FC319F40FD329F41FD339F42FDC9
:10EFB000349F43FD359F44FD369F45FD389F46FDF8
:10EFC0003A9F47FD3C9F48FD3F9F49FD409F4AFDBA
:10EFD000419F4BFD429F4CFD439F4DFD459F4EFD84
:10EFE000469F4FFD479F50FD489F51FD499F52FD51
:10EFF0004A9F53FD4B9F54FD4C9F55FD4D9F56FD21
:10F000004E9F57FD4F9F58FD529F59FD539F5AFDEC
:10F01000549F5BFD559F5CFD569F5DFD579F5EFDB8
:10F02000589F5FFD599F60FD5A9F61FD5B9F62FD88
:10F030005C9F63FD5D9F64FD5E9F65FD5F9F66FD58
:10F04000609F67FD619F68FD629F69FD639F6AFD28
:10F05000649F6BFD659F6CFD669F6DFD679F6EFDF8
:10F06000689F6FFD699F70FD6A9F71FD6B9F72FDC8
:10F070006C9F73FD6D9F74FD6E9F75FD6F9F76FD98
:10F08000709F77FD719F78FD729F79FD739F7AFD68
:10F09000749F7BFD759F7CFD769F7DFD779F7EFD38
:10F0A000789F80FD799F81FD7A9F82FD7B9F83FD04
:10F0B0007C9F84FD7D9F85FD7E9F86FD819F87FDD2
:10F0C000829F88FD8D9F89FD8E9F8AFD8F9F8BFD7E
:10F0D000909F8CFD919F8DFD929F8EFD939F8FFD44
:10F0E000949F90FD959F91FD969F92FD979F93FD14
:10F0F000989F94FD9C9F95FD9D9F96FD9E9F97FDDB
:10F10000A19F98FDA29F99FDA39F9AFDA49F9BFD9F
:10F11000A59F9CFD2CF99DFD79F99EFD95F99FFD1C
:10F12000E7F9A0FDF1F940FE0CFA41FE0DFA42FEAE
:10F130000EFA43FE0FFA44FE11FA45FE13FA46FE9C
:10F1400014FA47FE18FA48FE1FFA49FE20FA4AFE52
:10F1500021FA4BFE23FA4CFE24FA4DFE27FA4EFE0E
:10F1600028FA4FFE29FA0000000061001A03E000AF
:10F170001703F8000703FF000100780100013001C8
:10F1800032010601390110014A012E0179010601FF
:10F1900080014D00430281018201820184018401CA
:10F1A00086018701870189018A018B018B018D010D
:10F1B0008E018F0190019101910193019401F6015B
:10F1C00096019701980198013D029B019C019D01C8
:10F1D00020029F01A001A001A201A201A401A4019B
:10F1E000A601A701A701A901AA01AB01AC01AC01CD
:10F1F000AE01AF01AF01B101B201B301B301B5017D
:10F20000B501B701B801B801BA01BB01BC01BC012D
:10F21000BE01F701C001C101C201C301C401C501A2
:10F22000C401C701C801C701CA01CB01CA01CD0190
:10F230001001DD0101008E01DE011201F301030066
:10F24000F101F401F401F8012801220212013A024D
:10F250000900652C3B023B023D02662C3F02400246
:10F260004102410246020A01530240008101860127
:10F27000550289018A0158028F015A0290015C02ED
:10F280005D025E025F029301610262029401640208
:10F29000650266026702970196016A02622C6C029F
:10F2A0006D026E029C01700271029D017302740274
:10F2B0009F0176027702780279027A027B027C0251
:10F2C000642C7E027F02A60181028202A9018402CF
:10F2D000850286028702AE014402B101B2014502F5
:10F2E0008D028E028F0290029102B7017B03030010
:10F2F000FD03FE03FF03AC030400860388038903B8
:10F300008A03B1031103C2030200A303A303C403CE
:10F310000803CC0303008C038E038F03D80318016A
:10F32000F2030A00F903F303F403F503F603F7030A
:10F33000F703F903FA03FA0330042003500410071B
:10F34000600422018A043601C1040E01CF040100C9
:10F35000C004D00444016105260400007D1D0100A5
:10F36000632C001E9601A01E5A01001F0806101FE4
:10F370000606201F0806301F0806401F0606511FFC
:10F380000700591F521F5B1F541F5D1F561F5F1F31
:10F39000601F0806701F0E00BA1FBB1FC81FC91FC1
:10F3A000CA1FCB1FDA1FDB1FF81FF91FEA1FEB1F55
:10F3B000FA1FFB1F801F0806901F0806A01F0806E3
:10F3C000B01F0400B81FB91FB21FBC1FCC1F010023
:10F3D000C31FD01F0206E01F0206E51F0100EC1F3D
:10F3E000F21F0100FC1F4E2101003221702110028A
:10F3F000842101008321D0241A05302C2F04602C95
:10F400000201672C0601752C0201802C6401002D7D
:10F41000260841FF1A0300000000640000000000FD
:10F420000000780000000000040000080000000058
:10F4300000000002000100001000000000000000B9
:10F44000555555555555C53F7D6FEB0312D6D4BF65
:10F450005544880E55C1C93F3B8F68B52882A4BF6B
:10F4600088B20175E0EF493F09F7FD0DE13D023F2C
:10F470004B2D8A1C273A03C0C88A599CE52A0040B4
:10F4800059018D1B6C06E6BF82922EB1C5B8B33F01
:10F490004FBB610567ACDD3F182D4454FB21E93FAC
:10F4A0009BF681D20B73EF3F182D4454FB21F93F9B
:10F4B000E2652F227F2B7A3C075C143326A6813C21
:10F4C000BDCBF07A8807703C075C143326A6913CCC
:10F4D000C4EB98999999C9BF711623FEC671BCBF38
:10F4E0006D9A74AFF2B0B3BF9AFDDE522DDEADBFA0
:10F4F0002F6C6A2C44B4A2BF0D5555555555D53FB8
:10F50000FF8300922449C23F6E204CC5CD45B73FD2
:10F51000513DD0A0660DB13FEB0D76244B7BA93F4A
:10F5200011DA22E33AAD903F000000000000F03F06
:10F53000000000000000F83F000000000000000094
:10F540000000004003B8E23F00000000000000009F
:10F5500006D0CF43EBFD4C3E033333333333E33F2D
:10F56000FFAB6FDBB66DDB3F4D268F515555D53F59
:10F5700001411DA96074D13F65DBC9934A86CD3F27
:10F58000EF4E454A287ECA3F3E5555555555C53F15
:10F5900093BDBE166CC166BF2CDE25AF6A56113F07
:10F5A000F16BD2C541BDBBBED0A4BE726937663E09
:10F5B0004C5555555555A53F7751C1166CC156BF91
:10F5C0009015CB19A001FA3EAD529C804F7E92BEA1
:10F5D000C4B1B4BD9EEE213ED43888BEE9FAA8BDC0
:10F5E000000000000000000000004054FB21F93F33
:10F5F0003163621A61B4D03D0000601A61B4D03D3D
:10F600007370032E8A19A33B0000002E8A19A33BB6
:10F61000C14920259A837B390000000000000000CA
:10F620006E83F9A22915444ED15727FCC0DD34F56D
:10F63000999562DB4190433CAB6351FE61C5BBDEF3
:10F640003A6E24B7E0D24D42EA2E49061C92D10907
:10F650001CEB1DFE3EA729B1F53582E88444BB2E84
:10F6600026709CE9417E5FB439D69139F4395383D1
:10F670008B5F849C3B28F9BDFF97F81F0F9805DE30
:10F680008B112FEF1F6D0A5ACF7E366DB709CB272E
:10F69000663F464F2DEA5F9EC7BA27757BF1E5EBC3
:10F6A000F739073DEA92528AB15FFB6B085D8D1F07
:10F6B000A6F810111111813FD561C119A0012ABF0F
:10F6C0007DFEB157E31DC73EEB9C2B8AE6E55ABE93
:10F6D0007CD5CF5A3AD9E53D7AFE10111111C13FC0
:10F6E00037D60684F464963F280356C9226D6D3FD1
:10F6F0000165F2F2D844433FA69237A0887E143FBA
:10F70000735360DBCB75F3BEFE41B31BBAA1AB3FB5
:10F7100093846EE9E326823F1583E0FEC8DB573F02
:10F7200068108D1AF726303FE9A7F0320FB8123F64
:10F73000D47ABF74702AFB3E02400000000000A093
:10F740000000000005400000000000C800000000AC
:10F750000C4000000000409C000000001940000028
:10F760000020BCBE0000000034400000BFC91B8E5A
:10F7700000000004B5400000504BCFD06607E2CF38
:10F78000010000006C4100003E8251AADFEEA73468
:10F7900001000000D9420000DCB5A0E23A301F971A
:10F7A000FFFFFFFFB4450000FD25A0C8E9A3C14F3E
:10F7B000FFFFFFFFFF3F000000000080000000008F
:10F7C000FF3F0000000000800000000064656661EB
:10F7D000756C745461736B0025732061783A202531
:10F7E000302E32662061793A2025302E3266206133
:10F7F0007A3A2025302E326620703A2025302E327B
:10F800006620723A2025302E326620793A20253043
:10F810002E32662076653A2025302E326620766EAE
:10F820003A2025302E326620616E676C653A2025BD
:10F83000302E3266206C6F6E3A2025302E386620CE
:10F840006C61743A2025302E386620616C743A2041
:10F8500025302E326620683A2025302E3266206D03
:10F860003A2025302E3266206A3A2025302E326624
:10F8700020766F6C3A2025302E3266206773773AF7
:10F880002025302E3266200D0A00000074696D6557
:10F890003A2025302E32662025732061783A2025C3
:10F8A000302E32662061793A2025302E3266206172
:10F8B0007A3A2025302E32662067783A2025302E7D
:10F8C00032662067793A2025302E326620677A3AF0
:10F8D0002025302E326620703A2025302E326620C8
:10F8E000723A2025302E326620793A2025302E3289
:10F8F00066207072653A2025302E326620683A20E4
:10F9000025302E32662000002573206D6F6465312E
:10F910003A202575206D6F6465323A202575206583
:10F9200078706563745F703A2025302E34662065E8
:10F9300078706563745F723A2025302E34662065D6
:10F9400078706563745F793A2025302E34662065BF
:10F9500078706563745F743A2025752065787065EA
:10F9600063745F6865696768743A2025302E326673
:10F9700020736572766F5F703A2025302E346620D2
:10F98000736572766F5F723A2025302E346620736D
:10F990006572766F5F793A2025302E34662000003C
:10F9A0002573206D6F6465313A202575206D6F6475
:10F9B00065323A202575206578706563745F703A0A
:10F9C0002025302E3466206578706563745F723A46
:10F9D0002025302E3466206578706563745F793A2F
:10F9E00025302E3466206578706563745F743A2024
:10F9F0002575206578706563745F686569676874EC
:10FA00003A2025302E326620736572766F5F703A29
:10FA10002025302E346620736572766F5F723A202F
:10FA200025302E346620736572766F5F793A202513
:10FA3000302E34662000000074FA03080000002411
:10FA400038030000D4020008D4FA03083803002465
:10FA5000B0980000300300081C00000043000000C4
:10FA6000F8FFFFFF0C0000000E0000000F00000078
:10FA70002E00000081320182102C90D00304291442
:10FA8000017C1AAA01411394090210243202321E89
:10FA9000321C320C32173211321A024F0A2FDC0597
:10FAA000DC05E803042902290E091002091A209135
:10FAB00019C829B8012C2BCDCC012DF43F9A9901FE
:10FAC00063A93F5AE0085AF018DAB91803F708405A
:04FAD0000967F800CA
:040000050800029954
:00000001FF
